condition,algorithm,seed,lambda,domain_id,train_count,test_accuracy,loss,empirical_weight,deployment_weight,source,alpha_eval,head_domain_id,tail_domain_id,is_head_domain,is_tail_domain
missing_tail,iro,0,,0.0,0,0.9512,0.4508996605873108,0.0,0.09090909090909091,main_eval,,0.1,0.9,0,0
missing_tail,iro,0,,0.1,6000,0.8709,0.49442872405052185,0.75,0.09090909090909091,main_eval,,0.1,0.9,1,0
missing_tail,iro,0,,0.2,1500,0.7876,0.5433396697044373,0.1875,0.09090909090909091,main_eval,,0.1,0.9,0,0
missing_tail,iro,0,,0.3,0,0.7002,0.5954433679580688,0.0,0.09090909090909091,main_eval,,0.1,0.9,0,0
missing_tail,iro,0,,0.4,0,0.6523,0.6302135586738586,0.0,0.09090909090909091,main_eval,,0.1,0.9,0,0
missing_tail,iro,0,,0.5,500,0.6205,0.655495822429657,0.0625,0.09090909090909091,main_eval,,0.1,0.9,0,0
missing_tail,iro,0,,0.6,0,0.584,0.684600293636322,0.0,0.09090909090909091,main_eval,,0.1,0.9,0,0
missing_tail,iro,0,,0.7,0,0.5475,0.7190543413162231,0.0,0.09090909090909091,main_eval,,0.1,0.9,0,0
missing_tail,iro,0,,0.8,0,0.5201,0.7407248318195343,0.0,0.09090909090909091,main_eval,,0.1,0.9,0,0
missing_tail,iro,0,,0.9,0,0.4776,0.7721254527568817,0.0,0.09090909090909091,main_eval,,0.1,0.9,0,1
missing_tail,iro,0,,1.0,0,0.4429,0.80040243268013,0.0,0.09090909090909091,main_eval,,0.1,0.9,0,0
near_missing_tail,groupdro,2,,0.0,0,0.878,0.27498531341552734,0.0,0.09090909090909091,main_eval,,0.1,0.9,0,0
near_missing_tail,groupdro,2,,0.1,5800,0.8192,0.4895488768815994,0.725,0.09090909090909091,main_eval,,0.1,0.9,1,0
near_missing_tail,groupdro,2,,0.2,1800,0.7643,0.7013084292411804,0.225,0.09090909090909091,main_eval,,0.1,0.9,0,0
near_missing_tail,groupdro,2,,0.3,0,0.7071,0.8951271176338196,0.0,0.09090909090909091,main_eval,,0.1,0.9,0,0
near_missing_tail,groupdro,2,,0.4,0,0.6476,1.0990170240402222,0.0,0.09090909090909091,main_eval,,0.1,0.9,0,0
near_missing_tail,groupdro,2,,0.5,350,0.5886,1.3233051896095276,0.04375,0.09090909090909091,main_eval,,0.1,0.9,0,0
near_missing_tail,groupdro,2,,0.6,0,0.5291,1.543826401233673,0.0,0.09090909090909091,main_eval,,0.1,0.9,0,0
near_missing_tail,groupdro,2,,0.7,0,0.4674,1.7464812397956848,0.0,0.09090909090909091,main_eval,,0.1,0.9,0,0
near_missing_tail,groupdro,2,,0.8,0,0.4168,1.9579253792762756,0.0,0.09090909090909091,main_eval,,0.1,0.9,0,0
near_missing_tail,groupdro,2,,0.9,50,0.3479,2.1797956228256226,0.00625,0.09090909090909091,main_eval,,0.1,0.9,0,1
near_missing_tail,groupdro,2,,1.0,0,0.2927,2.43046498298645,0.0,0.09090909090909091,main_eval,,0.1,0.9,0,0
balanced_visible,irm,4,,0.0,0,0.7123,0.7648971974849701,0.0,0.09090909090909091,main_eval,,0.1,0.9,0,0
balanced_visible,irm,4,,0.1,2000,0.7019,0.8091652095317841,0.25,0.09090909090909091,main_eval,,0.1,0.9,1,0
balanced_visible,irm,4,,0.2,2000,0.6937,0.8338847756385803,0.25,0.09090909090909091,main_eval,,0.1,0.9,0,0
balanced_visible,irm,4,,0.3,0,0.6835,0.8789079785346985,0.0,0.09090909090909091,main_eval,,0.1,0.9,0,0
balanced_visible,irm,4,,0.4,0,0.6752,0.8984090983867645,0.0,0.09090909090909091,main_eval,,0.1,0.9,0,0
balanced_visible,irm,4,,0.5,2000,0.6618,0.9536742866039276,0.25,0.09090909090909091,main_eval,,0.1,0.9,0,0
balanced_visible,irm,4,,0.6,0,0.6518,1.0064557492733002,0.0,0.09090909090909091,main_eval,,0.1,0.9,0,0
balanced_visible,irm,4,,0.7,0,0.6388,1.0425808429718018,0.0,0.09090909090909091,main_eval,,0.1,0.9,0,0
balanced_visible,irm,4,,0.8,0,0.6287,1.0764315724372864,0.0,0.09090909090909091,main_eval,,0.1,0.9,0,0
balanced_visible,irm,4,,0.9,2000,0.6182,1.1233750581741333,0.25,0.09090909090909091,main_eval,,0.1,0.9,0,1
balanced_visible,irm,4,,1.0,0,0.6112,1.1337386965751648,0.0,0.09090909090909091,main_eval,,0.1,0.9,0,0
near_missing_tail,irm,1,,0.0,0,0.8225,0.40338313579559326,0.0,0.09090909090909091,main_eval,,0.1,0.9,0,0
near_missing_tail,irm,1,,0.1,5800,0.786,0.5113215446472168,0.725,0.09090909090909091,main_eval,,0.1,0.9,1,0
near_missing_tail,irm,1,,0.2,1800,0.7399,0.6378383934497833,0.225,0.09090909090909091,main_eval,,0.1,0.9,0,0
near_missing_tail,irm,1,,0.3,0,0.6971,0.7778320610523224,0.0,0.09090909090909091,main_eval,,0.1,0.9,0,0
near_missing_tail,irm,1,,0.4,0,0.6595,0.9054557085037231,0.0,0.09090909090909091,main_eval,,0.1,0.9,0,0
near_missing_tail,irm,1,,0.5,350,0.6091,1.0255112051963806,0.04375,0.09090909090909091,main_eval,,0.1,0.9,0,0
near_missing_tail,irm,1,,0.6,0,0.5693,1.1588842272758484,0.0,0.09090909090909091,main_eval,,0.1,0.9,0,0
near_missing_tail,irm,1,,0.7,0,0.5384,1.2663024067878723,0.0,0.09090909090909091,main_eval,,0.1,0.9,0,0
near_missing_tail,irm,1,,0.8,0,0.4903,1.4186457395553589,0.0,0.09090909090909091,main_eval,,0.1,0.9,0,0
near_missing_tail,irm,1,,0.9,50,0.4502,1.5337592363357544,0.00625,0.09090909090909091,main_eval,,0.1,0.9,0,1
near_missing_tail,irm,1,,1.0,0,0.4119,1.6355829238891602,0.0,0.09090909090909091,main_eval,,0.1,0.9,0,0
missing_tail,irm,3,,0.0,0,0.8721,0.29319559037685394,0.0,0.09090909090909091,main_eval,,0.1,0.9,0,0
missing_tail,irm,3,,0.1,6000,0.8217,0.4961618036031723,0.75,0.09090909090909091,main_eval,,0.1,0.9,1,0
missing_tail,irm,3,,0.2,1500,0.7624,0.7083378732204437,0.1875,0.09090909090909091,main_eval,,0.1,0.9,0,0
missing_tail,irm,3,,0.3,0,0.71,0.9134686589241028,0.0,0.09090909090909091,main_eval,,0.1,0.9,0,0
missing_tail,irm,3,,0.4,0,0.6517,1.1446627378463745,0.0,0.09090909090909091,main_eval,,0.1,0.9,0,0
missing_tail,irm,3,,0.5,500,0.5969,1.3115653991699219,0.0625,0.09090909090909091,main_eval,,0.1,0.9,0,0
missing_tail,irm,3,,0.6,0,0.5518,1.5056769847869873,0.0,0.09090909090909091,main_eval,,0.1,0.9,0,0
missing_tail,irm,3,,0.7,0,0.4959,1.7290917038917542,0.0,0.09090909090909091,main_eval,,0.1,0.9,0,0
missing_tail,irm,3,,0.8,0,0.4355,1.9574890732765198,0.0,0.09090909090909091,main_eval,,0.1,0.9,0,0
missing_tail,irm,3,,0.9,0,0.3829,2.138326406478882,0.0,0.09090909090909091,main_eval,,0.1,0.9,0,1
missing_tail,irm,3,,1.0,0,0.3231,2.3818129301071167,0.0,0.09090909090909091,main_eval,,0.1,0.9,0,0
balanced_visible,iro,3,,0.0,0,0.656,0.6440242528915405,0.0,0.09090909090909091,main_eval,,0.1,0.9,0,0
balanced_visible,iro,3,,0.1,2000,0.6603,0.6426626741886139,0.25,0.09090909090909091,main_eval,,0.1,0.9,1,0
balanced_visible,iro,3,,0.2,2000,0.6675,0.6407268941402435,0.25,0.09090909090909091,main_eval,,0.1,0.9,0,0
balanced_visible,iro,3,,0.3,0,0.6598,0.6322069764137268,0.0,0.09090909090909091,main_eval,,0.1,0.9,0,0
balanced_visible,iro,3,,0.4,0,0.6651,0.6317194104194641,0.0,0.09090909090909091,main_eval,,0.1,0.9,0,0
balanced_visible,iro,3,,0.5,2000,0.6637,0.6336837410926819,0.25,0.09090909090909091,main_eval,,0.1,0.9,0,0
balanced_visible,iro,3,,0.6,0,0.6651,0.6344068646430969,0.0,0.09090909090909091,main_eval,,0.1,0.9,0,0
balanced_visible,iro,3,,0.7,0,0.6651,0.6319563090801239,0.0,0.09090909090909091,main_eval,,0.1,0.9,0,0
balanced_visible,iro,3,,0.8,0,0.6566,0.6380006372928619,0.0,0.09090909090909091,main_eval,,0.1,0.9,0,0
balanced_visible,iro,3,,0.9,2000,0.6684,0.6341187953948975,0.25,0.09090909090909091,main_eval,,0.1,0.9,0,1
balanced_visible,iro,3,,1.0,0,0.6682,0.631936639547348,0.0,0.09090909090909091,main_eval,,0.1,0.9,0,0
balanced_visible,erm,3,,0.0,0,0.7526,0.5161241292953491,0.0,0.09090909090909091,main_eval,,0.1,0.9,0,0
balanced_visible,erm,3,,0.1,2000,0.7308,0.5493734776973724,0.25,0.09090909090909091,main_eval,,0.1,0.9,1,0
balanced_visible,erm,3,,0.2,2000,0.7269,0.5639658868312836,0.25,0.09090909090909091,main_eval,,0.1,0.9,0,0
balanced_visible,erm,3,,0.3,0,0.7141,0.5884082615375519,0.0,0.09090909090909091,main_eval,,0.1,0.9,0,0
balanced_visible,erm,3,,0.4,0,0.7028,0.606921523809433,0.0,0.09090909090909091,main_eval,,0.1,0.9,0,0
balanced_visible,erm,3,,0.5,2000,0.6891,0.6312036216259003,0.25,0.09090909090909091,main_eval,,0.1,0.9,0,0
balanced_visible,erm,3,,0.6,0,0.681,0.6579061150550842,0.0,0.09090909090909091,main_eval,,0.1,0.9,0,0
balanced_visible,erm,3,,0.7,0,0.6617,0.6869511604309082,0.0,0.09090909090909091,main_eval,,0.1,0.9,0,0
balanced_visible,erm,3,,0.8,0,0.6521,0.7046445608139038,0.0,0.09090909090909091,main_eval,,0.1,0.9,0,0
balanced_visible,erm,3,,0.9,2000,0.6484,0.7219231724739075,0.25,0.09090909090909091,main_eval,,0.1,0.9,0,1
balanced_visible,erm,3,,1.0,0,0.6322,0.7479125559329987,0.0,0.09090909090909091,main_eval,,0.1,0.9,0,0
long_tail_visible,erm,3,,0.0,0,0.9036,0.2609373480081558,0.0,0.09090909090909091,main_eval,,0.1,0.9,0,0
long_tail_visible,erm,3,,0.1,5000,0.8328,0.6121051609516144,0.625,0.09090909090909091,main_eval,,0.1,0.9,1,0
long_tail_visible,erm,3,,0.2,2000,0.766,0.9459196031093597,0.25,0.09090909090909091,main_eval,,0.1,0.9,0,0
long_tail_visible,erm,3,,0.3,0,0.7011,1.2633059620857239,0.0,0.09090909090909091,main_eval,,0.1,0.9,0,0
long_tail_visible,erm,3,,0.4,0,0.6375,1.5946192741394043,0.0,0.09090909090909091,main_eval,,0.1,0.9,0,0
long_tail_visible,erm,3,,0.5,800,0.5728,1.911580204963684,0.1,0.09090909090909091,main_eval,,0.1,0.9,0,0
long_tail_visible,erm,3,,0.6,0,0.5102,2.208606243133545,0.0,0.09090909090909091,main_eval,,0.1,0.9,0,0
long_tail_visible,erm,3,,0.7,0,0.4365,2.596217393875122,0.0,0.09090909090909091,main_eval,,0.1,0.9,0,0
long_tail_visible,erm,3,,0.8,0,0.3744,2.8834656476974487,0.0,0.09090909090909091,main_eval,,0.1,0.9,0,0
long_tail_visible,erm,3,,0.9,200,0.309,3.1926885843276978,0.025,0.09090909090909091,main_eval,,0.1,0.9,0,1
long_tail_visible,erm,3,,1.0,0,0.2378,3.559166431427002,0.0,0.09090909090909091,main_eval,,0.1,0.9,0,0
long_tail_visible,irm,0,,0.0,0,0.7908,0.5239966511726379,0.0,0.09090909090909091,main_eval,,0.1,0.9,0,0
long_tail_visible,irm,0,,0.1,5000,0.7579,0.6206309795379639,0.625,0.09090909090909091,main_eval,,0.1,0.9,1,0
long_tail_visible,irm,0,,0.2,2000,0.7217,0.7243998050689697,0.25,0.09090909090909091,main_eval,,0.1,0.9,0,0
long_tail_visible,irm,0,,0.3,0,0.692,0.8274831473827362,0.0,0.09090909090909091,main_eval,,0.1,0.9,0,0
long_tail_visible,irm,0,,0.4,0,0.6605,0.9171392917633057,0.0,0.09090909090909091,main_eval,,0.1,0.9,0,0
long_tail_visible,irm,0,,0.5,800,0.6324,0.9836133420467377,0.1,0.09090909090909091,main_eval,,0.1,0.9,0,0
long_tail_visible,irm,0,,0.6,0,0.5973,1.1035189628601074,0.0,0.09090909090909091,main_eval,,0.1,0.9,0,0
long_tail_visible,irm,0,,0.7,0,0.5699,1.1755349040031433,0.0,0.09090909090909091,main_eval,,0.1,0.9,0,0
long_tail_visible,irm,0,,0.8,0,0.539,1.258009910583496,0.0,0.09090909090909091,main_eval,,0.1,0.9,0,0
long_tail_visible,irm,0,,0.9,200,0.4992,1.3911706805229187,0.025,0.09090909090909091,main_eval,,0.1,0.9,0,1
long_tail_visible,irm,0,,1.0,0,0.4762,1.4596944451332092,0.0,0.09090909090909091,main_eval,,0.1,0.9,0,0
near_missing_tail,groupdro,0,,0.0,0,0.8843,0.2779558449983597,0.0,0.09090909090909091,main_eval,,0.1,0.9,0,0
near_missing_tail,groupdro,0,,0.1,5800,0.8272,0.4866309314966202,0.725,0.09090909090909091,main_eval,,0.1,0.9,1,0
near_missing_tail,groupdro,0,,0.2,1800,0.7661,0.7073783278465271,0.225,0.09090909090909091,main_eval,,0.1,0.9,0,0
near_missing_tail,groupdro,0,,0.3,0,0.6995,0.9388799369335175,0.0,0.09090909090909091,main_eval,,0.1,0.9,0,0
near_missing_tail,groupdro,0,,0.4,0,0.6439,1.1578375697135925,0.0,0.09090909090909091,main_eval,,0.1,0.9,0,0
near_missing_tail,groupdro,0,,0.5,350,0.5885,1.3272624611854553,0.04375,0.09090909090909091,main_eval,,0.1,0.9,0,0
near_missing_tail,groupdro,0,,0.6,0,0.5234,1.575939416885376,0.0,0.09090909090909091,main_eval,,0.1,0.9,0,0
near_missing_tail,groupdro,0,,0.7,0,0.4663,1.7706961035728455,0.0,0.09090909090909091,main_eval,,0.1,0.9,0,0
near_missing_tail,groupdro,0,,0.8,0,0.4095,1.9698564410209656,0.0,0.09090909090909091,main_eval,,0.1,0.9,0,0
near_missing_tail,groupdro,0,,0.9,50,0.3417,2.231044888496399,0.00625,0.09090909090909091,main_eval,,0.1,0.9,0,1
near_missing_tail,groupdro,0,,1.0,0,0.2875,2.4190982580184937,0.0,0.09090909090909091,main_eval,,0.1,0.9,0,0
long_tail_visible,erm,0,,0.0,0,0.9152,0.2384345680475235,0.0,0.09090909090909091,main_eval,,0.1,0.9,0,0
long_tail_visible,erm,0,,0.1,5000,0.8441,0.5579631328582764,0.625,0.09090909090909091,main_eval,,0.1,0.9,1,0
long_tail_visible,erm,0,,0.2,2000,0.7696,0.8754729330539703,0.25,0.09090909090909091,main_eval,,0.1,0.9,0,0
long_tail_visible,erm,0,,0.3,0,0.6988,1.2036726474761963,0.0,0.09090909090909091,main_eval,,0.1,0.9,0,0
long_tail_visible,erm,0,,0.4,0,0.6316,1.5020765662193298,0.0,0.09090909090909091,main_eval,,0.1,0.9,0,0
long_tail_visible,erm,0,,0.5,800,0.5732,1.7734375596046448,0.1,0.09090909090909091,main_eval,,0.1,0.9,0,0
long_tail_visible,erm,0,,0.6,0,0.5017,2.1280593872070312,0.0,0.09090909090909091,main_eval,,0.1,0.9,0,0
long_tail_visible,erm,0,,0.7,0,0.4348,2.4035580158233643,0.0,0.09090909090909091,main_eval,,0.1,0.9,0,0
long_tail_visible,erm,0,,0.8,0,0.3644,2.697345733642578,0.0,0.09090909090909091,main_eval,,0.1,0.9,0,0
long_tail_visible,erm,0,,0.9,200,0.2859,3.0825310945510864,0.025,0.09090909090909091,main_eval,,0.1,0.9,0,1
long_tail_visible,erm,0,,1.0,0,0.2245,3.34760582447052,0.0,0.09090909090909091,main_eval,,0.1,0.9,0,0
near_missing_tail,iro,0,,0.0,0,0.8734,0.5099397599697113,0.0,0.09090909090909091,main_eval,,0.1,0.9,0,0
near_missing_tail,iro,0,,0.1,5800,0.8137,0.5407412350177765,0.725,0.09090909090909091,main_eval,,0.1,0.9,1,0
near_missing_tail,iro,0,,0.2,1800,0.7581,0.5725694894790649,0.225,0.09090909090909091,main_eval,,0.1,0.9,0,0
near_missing_tail,iro,0,,0.3,0,0.699,0.579167515039444,0.0,0.09090909090909091,main_eval,,0.1,0.9,0,0
near_missing_tail,iro,0,,0.4,0,0.6613,0.6212183833122253,0.0,0.09090909090909091,main_eval,,0.1,0.9,0,0
near_missing_tail,iro,0,,0.5,350,0.6099,0.6760015785694122,0.04375,0.09090909090909091,main_eval,,0.1,0.9,0,0
near_missing_tail,iro,0,,0.6,0,0.561,0.7237075567245483,0.0,0.09090909090909091,main_eval,,0.1,0.9,0,0
near_missing_tail,iro,0,,0.7,0,0.5069,0.7835577726364136,0.0,0.09090909090909091,main_eval,,0.1,0.9,0,0
near_missing_tail,iro,0,,0.8,0,0.4647,0.8335095345973969,0.0,0.09090909090909091,main_eval,,0.1,0.9,0,0
near_missing_tail,iro,0,,0.9,50,0.4141,0.8831534385681152,0.00625,0.09090909090909091,main_eval,,0.1,0.9,0,1
near_missing_tail,iro,0,,1.0,0,0.3716,0.9313592612743378,0.0,0.09090909090909091,main_eval,,0.1,0.9,0,0
balanced_visible,irm,2,,0.0,0,0.7004,0.8296646773815155,0.0,0.09090909090909091,main_eval,,0.1,0.9,0,0
balanced_visible,irm,2,,0.1,2000,0.6978,0.8589982986450195,0.25,0.09090909090909091,main_eval,,0.1,0.9,1,0
balanced_visible,irm,2,,0.2,2000,0.6943,0.8527868092060089,0.25,0.09090909090909091,main_eval,,0.1,0.9,0,0
balanced_visible,irm,2,,0.3,0,0.6796,0.9012457132339478,0.0,0.09090909090909091,main_eval,,0.1,0.9,0,0
balanced_visible,irm,2,,0.4,0,0.6685,0.9320060610771179,0.0,0.09090909090909091,main_eval,,0.1,0.9,0,0
balanced_visible,irm,2,,0.5,2000,0.6618,0.9561666548252106,0.25,0.09090909090909091,main_eval,,0.1,0.9,0,0
balanced_visible,irm,2,,0.6,0,0.6522,0.9874459207057953,0.0,0.09090909090909091,main_eval,,0.1,0.9,0,0
balanced_visible,irm,2,,0.7,0,0.6473,1.0125598013401031,0.0,0.09090909090909091,main_eval,,0.1,0.9,0,0
balanced_visible,irm,2,,0.8,0,0.6397,1.0546407103538513,0.0,0.09090909090909091,main_eval,,0.1,0.9,0,0
balanced_visible,irm,2,,0.9,2000,0.6359,1.067048966884613,0.25,0.09090909090909091,main_eval,,0.1,0.9,0,1
balanced_visible,irm,2,,1.0,0,0.6145,1.1226577162742615,0.0,0.09090909090909091,main_eval,,0.1,0.9,0,0
near_missing_tail,groupdro,3,,0.0,0,0.8871,0.26600703597068787,0.0,0.09090909090909091,main_eval,,0.1,0.9,0,0
near_missing_tail,groupdro,3,,0.1,5800,0.8201,0.4995224177837372,0.725,0.09090909090909091,main_eval,,0.1,0.9,1,0
near_missing_tail,groupdro,3,,0.2,1800,0.7627,0.7170732617378235,0.225,0.09090909090909091,main_eval,,0.1,0.9,0,0
near_missing_tail,groupdro,3,,0.3,0,0.7039,0.925379753112793,0.0,0.09090909090909091,main_eval,,0.1,0.9,0,0
near_missing_tail,groupdro,3,,0.4,0,0.6477,1.145022213459015,0.0,0.09090909090909091,main_eval,,0.1,0.9,0,0
near_missing_tail,groupdro,3,,0.5,350,0.5866,1.3523441553115845,0.04375,0.09090909090909091,main_eval,,0.1,0.9,0,0
near_missing_tail,groupdro,3,,0.6,0,0.5307,1.557517945766449,0.0,0.09090909090909091,main_eval,,0.1,0.9,0,0
near_missing_tail,groupdro,3,,0.7,0,0.4661,1.796242356300354,0.0,0.09090909090909091,main_eval,,0.1,0.9,0,0
near_missing_tail,groupdro,3,,0.8,0,0.4108,2.0070826411247253,0.0,0.09090909090909091,main_eval,,0.1,0.9,0,0
near_missing_tail,groupdro,3,,0.9,50,0.3529,2.2102679014205933,0.00625,0.09090909090909091,main_eval,,0.1,0.9,0,1
near_missing_tail,groupdro,3,,1.0,0,0.2918,2.4556477069854736,0.0,0.09090909090909091,main_eval,,0.1,0.9,0,0
missing_tail,inftask,4,,0.0,0,0.9657,0.43016019463539124,0.0,0.09090909090909091,main_eval,,0.1,0.9,0,0
missing_tail,inftask,4,,0.1,6000,0.8753,0.484841987490654,0.75,0.09090909090909091,main_eval,,0.1,0.9,1,0
missing_tail,inftask,4,,0.2,1500,0.7948,0.5323077440261841,0.1875,0.09090909090909091,main_eval,,0.1,0.9,0,0
missing_tail,inftask,4,,0.3,0,0.7066,0.5793469846248627,0.0,0.09090909090909091,main_eval,,0.1,0.9,0,0
missing_tail,inftask,4,,0.4,0,0.6654,0.6231126189231873,0.0,0.09090909090909091,main_eval,,0.1,0.9,0,0
missing_tail,inftask,4,,0.5,500,0.6144,0.6756644248962402,0.0625,0.09090909090909091,main_eval,,0.1,0.9,0,0
missing_tail,inftask,4,,0.6,0,0.5702,0.7198353111743927,0.0,0.09090909090909091,main_eval,,0.1,0.9,0,0
missing_tail,inftask,4,,0.7,0,0.5338,0.7578780055046082,0.0,0.09090909090909091,main_eval,,0.1,0.9,0,0
missing_tail,inftask,4,,0.8,0,0.4758,0.8167357444763184,0.0,0.09090909090909091,main_eval,,0.1,0.9,0,0
missing_tail,inftask,4,,0.9,0,0.4364,0.8591981828212738,0.0,0.09090909090909091,main_eval,,0.1,0.9,0,1
missing_tail,inftask,4,,1.0,0,0.3982,0.9000605046749115,0.0,0.09090909090909091,main_eval,,0.1,0.9,0,0
balanced_visible,erm,0,,0.0,0,0.7547,0.5064405202865601,0.0,0.09090909090909091,main_eval,,0.1,0.9,0,0
balanced_visible,erm,0,,0.1,2000,0.7411,0.5339074730873108,0.25,0.09090909090909091,main_eval,,0.1,0.9,1,0
balanced_visible,erm,0,,0.2,2000,0.725,0.5630908310413361,0.25,0.09090909090909091,main_eval,,0.1,0.9,0,0
balanced_visible,erm,0,,0.3,0,0.712,0.5872267186641693,0.0,0.09090909090909091,main_eval,,0.1,0.9,0,0
balanced_visible,erm,0,,0.4,0,0.6977,0.6089723110198975,0.0,0.09090909090909091,main_eval,,0.1,0.9,0,0
balanced_visible,erm,0,,0.5,2000,0.6897,0.6250891983509064,0.25,0.09090909090909091,main_eval,,0.1,0.9,0,0
balanced_visible,erm,0,,0.6,0,0.6695,0.6645308136940002,0.0,0.09090909090909091,main_eval,,0.1,0.9,0,0
balanced_visible,erm,0,,0.7,0,0.6647,0.6761467754840851,0.0,0.09090909090909091,main_eval,,0.1,0.9,0,0
balanced_visible,erm,0,,0.8,0,0.6558,0.6931149959564209,0.0,0.09090909090909091,main_eval,,0.1,0.9,0,0
balanced_visible,erm,0,,0.9,2000,0.6348,0.7276684045791626,0.25,0.09090909090909091,main_eval,,0.1,0.9,0,1
balanced_visible,erm,0,,1.0,0,0.6299,0.7421417832374573,0.0,0.09090909090909091,main_eval,,0.1,0.9,0,0
near_missing_tail,inftask,4,,0.0,0,0.8678,0.5073041617870331,0.0,0.09090909090909091,main_eval,,0.1,0.9,0,0
near_missing_tail,inftask,4,,0.1,5800,0.818,0.5385042428970337,0.725,0.09090909090909091,main_eval,,0.1,0.9,1,0
near_missing_tail,inftask,4,,0.2,1800,0.7693,0.5662254989147186,0.225,0.09090909090909091,main_eval,,0.1,0.9,0,0
near_missing_tail,inftask,4,,0.3,0,0.7038,0.5850124061107635,0.0,0.09090909090909091,main_eval,,0.1,0.9,0,0
near_missing_tail,inftask,4,,0.4,0,0.666,0.6249958574771881,0.0,0.09090909090909091,main_eval,,0.1,0.9,0,0
near_missing_tail,inftask,4,,0.5,350,0.6285,0.6600014269351959,0.04375,0.09090909090909091,main_eval,,0.1,0.9,0,0
near_missing_tail,inftask,4,,0.6,0,0.577,0.711418867111206,0.0,0.09090909090909091,main_eval,,0.1,0.9,0,0
near_missing_tail,inftask,4,,0.7,0,0.5316,0.7508254647254944,0.0,0.09090909090909091,main_eval,,0.1,0.9,0,0
near_missing_tail,inftask,4,,0.8,0,0.4947,0.7833731472492218,0.0,0.09090909090909091,main_eval,,0.1,0.9,0,0
near_missing_tail,inftask,4,,0.9,50,0.4483,0.8358116149902344,0.00625,0.09090909090909091,main_eval,,0.1,0.9,0,1
near_missing_tail,inftask,4,,1.0,0,0.4103,0.8691660761833191,0.0,0.09090909090909091,main_eval,,0.1,0.9,0,0
near_missing_tail,iro,3,,0.0,0,0.8419,0.6387051045894623,0.0,0.09090909090909091,main_eval,,0.1,0.9,0,0
near_missing_tail,iro,3,,0.1,5800,0.7955,0.6465946733951569,0.725,0.09090909090909091,main_eval,,0.1,0.9,1,0
near_missing_tail,iro,3,,0.2,1800,0.7391,0.6556559801101685,0.225,0.09090909090909091,main_eval,,0.1,0.9,0,0
near_missing_tail,iro,3,,0.3,0,0.6332,0.6639701724052429,0.0,0.09090909090909091,main_eval,,0.1,0.9,0,0
near_missing_tail,iro,3,,0.4,0,0.6111,0.6704300045967102,0.0,0.09090909090909091,main_eval,,0.1,0.9,0,0
near_missing_tail,iro,3,,0.5,350,0.5789,0.6759134232997894,0.04375,0.09090909090909091,main_eval,,0.1,0.9,0,0
near_missing_tail,iro,3,,0.6,0,0.558,0.6825474798679352,0.0,0.09090909090909091,main_eval,,0.1,0.9,0,0
near_missing_tail,iro,3,,0.7,0,0.5338,0.688434898853302,0.0,0.09090909090909091,main_eval,,0.1,0.9,0,0
near_missing_tail,iro,3,,0.8,0,0.5033,0.6966536343097687,0.0,0.09090909090909091,main_eval,,0.1,0.9,0,0
near_missing_tail,iro,3,,0.9,50,0.477,0.7028081715106964,0.00625,0.09090909090909091,main_eval,,0.1,0.9,0,1
near_missing_tail,iro,3,,1.0,0,0.4506,0.7072970867156982,0.0,0.09090909090909091,main_eval,,0.1,0.9,0,0
long_tail_visible,erm,4,,0.0,0,0.9146,0.21481193602085114,0.0,0.09090909090909091,main_eval,,0.1,0.9,0,0
long_tail_visible,erm,4,,0.1,5000,0.843,0.5201413929462433,0.625,0.09090909090909091,main_eval,,0.1,0.9,1,0
long_tail_visible,erm,4,,0.2,2000,0.7744,0.8362830281257629,0.25,0.09090909090909091,main_eval,,0.1,0.9,0,0
long_tail_visible,erm,4,,0.3,0,0.6961,1.201897144317627,0.0,0.09090909090909091,main_eval,,0.1,0.9,0,0
long_tail_visible,erm,4,,0.4,0,0.6335,1.4870914816856384,0.0,0.09090909090909091,main_eval,,0.1,0.9,0,0
long_tail_visible,erm,4,,0.5,800,0.555,1.8291349411010742,0.1,0.09090909090909091,main_eval,,0.1,0.9,0,0
long_tail_visible,erm,4,,0.6,0,0.5013,2.0666736364364624,0.0,0.09090909090909091,main_eval,,0.1,0.9,0,0
long_tail_visible,erm,4,,0.7,0,0.4242,2.4571280479431152,0.0,0.09090909090909091,main_eval,,0.1,0.9,0,0
long_tail_visible,erm,4,,0.8,0,0.357,2.757141590118408,0.0,0.09090909090909091,main_eval,,0.1,0.9,0,0
long_tail_visible,erm,4,,0.9,200,0.2826,3.0811580419540405,0.025,0.09090909090909091,main_eval,,0.1,0.9,0,1
long_tail_visible,erm,4,,1.0,0,0.2192,3.3668195009231567,0.0,0.09090909090909091,main_eval,,0.1,0.9,0,0
balanced_visible,erm,2,,0.0,0,0.7541,0.5079202950000763,0.0,0.09090909090909091,main_eval,,0.1,0.9,0,0
balanced_visible,erm,2,,0.1,2000,0.741,0.5315586626529694,0.25,0.09090909090909091,main_eval,,0.1,0.9,1,0
balanced_visible,erm,2,,0.2,2000,0.7327,0.5470575094223022,0.25,0.09090909090909091,main_eval,,0.1,0.9,0,0
balanced_visible,erm,2,,0.3,0,0.7106,0.5780720114707947,0.0,0.09090909090909091,main_eval,,0.1,0.9,0,0
balanced_visible,erm,2,,0.4,0,0.6945,0.6116220057010651,0.0,0.09090909090909091,main_eval,,0.1,0.9,0,0
balanced_visible,erm,2,,0.5,2000,0.6853,0.6330762505531311,0.25,0.09090909090909091,main_eval,,0.1,0.9,0,0
balanced_visible,erm,2,,0.6,0,0.6659,0.6668261289596558,0.0,0.09090909090909091,main_eval,,0.1,0.9,0,0
balanced_visible,erm,2,,0.7,0,0.6582,0.6835135519504547,0.0,0.09090909090909091,main_eval,,0.1,0.9,0,0
balanced_visible,erm,2,,0.8,0,0.6407,0.7146114408969879,0.0,0.09090909090909091,main_eval,,0.1,0.9,0,0
balanced_visible,erm,2,,0.9,2000,0.6279,0.7446714043617249,0.25,0.09090909090909091,main_eval,,0.1,0.9,0,1
balanced_visible,erm,2,,1.0,0,0.6039,0.7771694660186768,0.0,0.09090909090909091,main_eval,,0.1,0.9,0,0
missing_tail,iro,1,,0.0,0,0.9237,0.427371546626091,0.0,0.09090909090909091,main_eval,,0.1,0.9,0,0
missing_tail,iro,1,,0.1,6000,0.8581,0.47407327592372894,0.75,0.09090909090909091,main_eval,,0.1,0.9,1,0
missing_tail,iro,1,,0.2,1500,0.7802,0.527181476354599,0.1875,0.09090909090909091,main_eval,,0.1,0.9,0,0
missing_tail,iro,1,,0.3,0,0.6965,0.5925585627555847,0.0,0.09090909090909091,main_eval,,0.1,0.9,0,0
missing_tail,iro,1,,0.4,0,0.6615,0.6442543268203735,0.0,0.09090909090909091,main_eval,,0.1,0.9,0,0
missing_tail,iro,1,,0.5,500,0.6385,0.6680730283260345,0.0625,0.09090909090909091,main_eval,,0.1,0.9,0,0
missing_tail,iro,1,,0.6,0,0.5909,0.7280966639518738,0.0,0.09090909090909091,main_eval,,0.1,0.9,0,0
missing_tail,iro,1,,0.7,0,0.5567,0.7631102204322815,0.0,0.09090909090909091,main_eval,,0.1,0.9,0,0
missing_tail,iro,1,,0.8,0,0.5282,0.803202211856842,0.0,0.09090909090909091,main_eval,,0.1,0.9,0,0
missing_tail,iro,1,,0.9,0,0.4925,0.8459224998950958,0.0,0.09090909090909091,main_eval,,0.1,0.9,0,1
missing_tail,iro,1,,1.0,0,0.4554,0.8969155251979828,0.0,0.09090909090909091,main_eval,,0.1,0.9,0,0
long_tail_visible,groupdro,0,,0.0,0,0.8512,0.3633672744035721,0.0,0.09090909090909091,main_eval,,0.1,0.9,0,0
long_tail_visible,groupdro,0,,0.1,5000,0.8002,0.535994678735733,0.625,0.09090909090909091,main_eval,,0.1,0.9,1,0
long_tail_visible,groupdro,0,,0.2,2000,0.7441,0.7117461860179901,0.25,0.09090909090909091,main_eval,,0.1,0.9,0,0
long_tail_visible,groupdro,0,,0.3,0,0.7,0.8809735178947449,0.0,0.09090909090909091,main_eval,,0.1,0.9,0,0
long_tail_visible,groupdro,0,,0.4,0,0.6523,1.0487641096115112,0.0,0.09090909090909091,main_eval,,0.1,0.9,0,0
long_tail_visible,groupdro,0,,0.5,800,0.6067,1.18013596534729,0.1,0.09090909090909091,main_eval,,0.1,0.9,0,0
long_tail_visible,groupdro,0,,0.6,0,0.5626,1.373693585395813,0.0,0.09090909090909091,main_eval,,0.1,0.9,0,0
long_tail_visible,groupdro,0,,0.7,0,0.5197,1.5147485136985779,0.0,0.09090909090909091,main_eval,,0.1,0.9,0,0
long_tail_visible,groupdro,0,,0.8,0,0.4669,1.6666690111160278,0.0,0.09090909090909091,main_eval,,0.1,0.9,0,0
long_tail_visible,groupdro,0,,0.9,200,0.4129,1.8825233578681946,0.025,0.09090909090909091,main_eval,,0.1,0.9,0,1
long_tail_visible,groupdro,0,,1.0,0,0.3714,2.014232635498047,0.0,0.09090909090909091,main_eval,,0.1,0.9,0,0
near_missing_tail,irm,2,,0.0,0,0.7917,0.463920533657074,0.0,0.09090909090909091,main_eval,,0.1,0.9,0,0
near_missing_tail,irm,2,,0.1,5800,0.7596,0.5626081824302673,0.725,0.09090909090909091,main_eval,,0.1,0.9,1,0
near_missing_tail,irm,2,,0.2,1800,0.7255,0.668220043182373,0.225,0.09090909090909091,main_eval,,0.1,0.9,0,0
near_missing_tail,irm,2,,0.3,0,0.6892,0.7743442952632904,0.0,0.09090909090909091,main_eval,,0.1,0.9,0,0
near_missing_tail,irm,2,,0.4,0,0.659,0.8783448934555054,0.0,0.09090909090909091,main_eval,,0.1,0.9,0,0
near_missing_tail,irm,2,,0.5,350,0.6244,0.9944518804550171,0.04375,0.09090909090909091,main_eval,,0.1,0.9,0,0
near_missing_tail,irm,2,,0.6,0,0.5836,1.1118589639663696,0.0,0.09090909090909091,main_eval,,0.1,0.9,0,0
near_missing_tail,irm,2,,0.7,0,0.5511,1.2042108178138733,0.0,0.09090909090909091,main_eval,,0.1,0.9,0,0
near_missing_tail,irm,2,,0.8,0,0.5145,1.316632091999054,0.0,0.09090909090909091,main_eval,,0.1,0.9,0,0
near_missing_tail,irm,2,,0.9,50,0.4781,1.4422631859779358,0.00625,0.09090909090909091,main_eval,,0.1,0.9,0,1
near_missing_tail,irm,2,,1.0,0,0.4372,1.5800713300704956,0.0,0.09090909090909091,main_eval,,0.1,0.9,0,0
missing_tail,irm,2,,0.0,0,0.8613,0.31870512664318085,0.0,0.09090909090909091,main_eval,,0.1,0.9,0,0
missing_tail,irm,2,,0.1,6000,0.81,0.5113176703453064,0.75,0.09090909090909091,main_eval,,0.1,0.9,1,0
missing_tail,irm,2,,0.2,1500,0.7531,0.7206205725669861,0.1875,0.09090909090909091,main_eval,,0.1,0.9,0,0
missing_tail,irm,2,,0.3,0,0.7032,0.9143904149532318,0.0,0.09090909090909091,main_eval,,0.1,0.9,0,0
missing_tail,irm,2,,0.4,0,0.6654,1.059660255908966,0.0,0.09090909090909091,main_eval,,0.1,0.9,0,0
missing_tail,irm,2,,0.5,500,0.6071,1.2921907305717468,0.0625,0.09090909090909091,main_eval,,0.1,0.9,0,0
missing_tail,irm,2,,0.6,0,0.5553,1.4524103999137878,0.0,0.09090909090909091,main_eval,,0.1,0.9,0,0
missing_tail,irm,2,,0.7,0,0.509,1.6420425772666931,0.0,0.09090909090909091,main_eval,,0.1,0.9,0,0
missing_tail,irm,2,,0.8,0,0.4469,1.8746574521064758,0.0,0.09090909090909091,main_eval,,0.1,0.9,0,0
missing_tail,irm,2,,0.9,0,0.403,2.039573550224304,0.0,0.09090909090909091,main_eval,,0.1,0.9,0,1
missing_tail,irm,2,,1.0,0,0.351,2.2383936643600464,0.0,0.09090909090909091,main_eval,,0.1,0.9,0,0
near_missing_tail,inftask,2,,0.0,0,0.8472,0.5073530077934265,0.0,0.09090909090909091,main_eval,,0.1,0.9,0,0
near_missing_tail,inftask,2,,0.1,5800,0.8011,0.5373789668083191,0.725,0.09090909090909091,main_eval,,0.1,0.9,1,0
near_missing_tail,inftask,2,,0.2,1800,0.7505,0.5711723864078522,0.225,0.09090909090909091,main_eval,,0.1,0.9,0,0
near_missing_tail,inftask,2,,0.3,0,0.7029,0.5831702053546906,0.0,0.09090909090909091,main_eval,,0.1,0.9,0,0
near_missing_tail,inftask,2,,0.4,0,0.6658,0.6253816783428192,0.0,0.09090909090909091,main_eval,,0.1,0.9,0,0
near_missing_tail,inftask,2,,0.5,350,0.6276,0.6663797497749329,0.04375,0.09090909090909091,main_eval,,0.1,0.9,0,0
near_missing_tail,inftask,2,,0.6,0,0.5894,0.7094425559043884,0.0,0.09090909090909091,main_eval,,0.1,0.9,0,0
near_missing_tail,inftask,2,,0.7,0,0.5434,0.7483060359954834,0.0,0.09090909090909091,main_eval,,0.1,0.9,0,0
near_missing_tail,inftask,2,,0.8,0,0.4999,0.7947043478488922,0.0,0.09090909090909091,main_eval,,0.1,0.9,0,0
near_missing_tail,inftask,2,,0.9,50,0.4579,0.8351497054100037,0.00625,0.09090909090909091,main_eval,,0.1,0.9,0,1
near_missing_tail,inftask,2,,1.0,0,0.4188,0.8756843507289886,0.0,0.09090909090909091,main_eval,,0.1,0.9,0,0
balanced_visible,groupdro,4,,0.0,0,0.7051,0.7963273823261261,0.0,0.09090909090909091,main_eval,,0.1,0.9,0,0
balanced_visible,groupdro,4,,0.1,2000,0.6941,0.8441883027553558,0.25,0.09090909090909091,main_eval,,0.1,0.9,1,0
balanced_visible,groupdro,4,,0.2,2000,0.6841,0.8726890683174133,0.25,0.09090909090909091,main_eval,,0.1,0.9,0,0
balanced_visible,groupdro,4,,0.3,0,0.675,0.9144384562969208,0.0,0.09090909090909091,main_eval,,0.1,0.9,0,0
balanced_visible,groupdro,4,,0.4,0,0.6624,0.9377358853816986,0.0,0.09090909090909091,main_eval,,0.1,0.9,0,0
balanced_visible,groupdro,4,,0.5,2000,0.6499,0.9969447553157806,0.25,0.09090909090909091,main_eval,,0.1,0.9,0,0
balanced_visible,groupdro,4,,0.6,0,0.6444,1.0466970801353455,0.0,0.09090909090909091,main_eval,,0.1,0.9,0,0
balanced_visible,groupdro,4,,0.7,0,0.6278,1.091543436050415,0.0,0.09090909090909091,main_eval,,0.1,0.9,0,0
balanced_visible,groupdro,4,,0.8,0,0.6175,1.12474924325943,0.0,0.09090909090909091,main_eval,,0.1,0.9,0,0
balanced_visible,groupdro,4,,0.9,2000,0.6062,1.1735267043113708,0.25,0.09090909090909091,main_eval,,0.1,0.9,0,1
balanced_visible,groupdro,4,,1.0,0,0.5996,1.1875061392784119,0.0,0.09090909090909091,main_eval,,0.1,0.9,0,0
missing_tail,erm,0,,0.0,0,0.9367,0.16519242525100708,0.0,0.09090909090909091,main_eval,,0.1,0.9,0,0
missing_tail,erm,0,,0.1,6000,0.8687,0.4768519848585129,0.75,0.09090909090909091,main_eval,,0.1,0.9,1,0
missing_tail,erm,0,,0.2,1500,0.7846,0.9079660475254059,0.1875,0.09090909090909091,main_eval,,0.1,0.9,0,0
missing_tail,erm,0,,0.3,0,0.7056,1.2572943568229675,0.0,0.09090909090909091,main_eval,,0.1,0.9,0,0
missing_tail,erm,0,,0.4,0,0.6161,1.6818599104881287,0.0,0.09090909090909091,main_eval,,0.1,0.9,0,0
missing_tail,erm,0,,0.5,500,0.5475,2.022040367126465,0.0625,0.09090909090909091,main_eval,,0.1,0.9,0,0
missing_tail,erm,0,,0.6,0,0.473,2.3743791580200195,0.0,0.09090909090909091,main_eval,,0.1,0.9,0,0
missing_tail,erm,0,,0.7,0,0.3928,2.7449058294296265,0.0,0.09090909090909091,main_eval,,0.1,0.9,0,0
missing_tail,erm,0,,0.8,0,0.3194,3.086979031562805,0.0,0.09090909090909091,main_eval,,0.1,0.9,0,0
missing_tail,erm,0,,0.9,0,0.2451,3.476675033569336,0.0,0.09090909090909091,main_eval,,0.1,0.9,0,1
missing_tail,erm,0,,1.0,0,0.1605,3.832627534866333,0.0,0.09090909090909091,main_eval,,0.1,0.9,0,0
near_missing_tail,irm,0,,0.0,0,0.8159,0.4581814408302307,0.0,0.09090909090909091,main_eval,,0.1,0.9,0,0
near_missing_tail,irm,0,,0.1,5800,0.7754,0.5683455467224121,0.725,0.09090909090909091,main_eval,,0.1,0.9,1,0
near_missing_tail,irm,0,,0.2,1800,0.7374,0.6901355087757111,0.225,0.09090909090909091,main_eval,,0.1,0.9,0,0
near_missing_tail,irm,0,,0.3,0,0.6923,0.8209896981716156,0.0,0.09090909090909091,main_eval,,0.1,0.9,0,0
near_missing_tail,irm,0,,0.4,0,0.6558,0.9404007792472839,0.0,0.09090909090909091,main_eval,,0.1,0.9,0,0
near_missing_tail,irm,0,,0.5,350,0.6209,1.0208228826522827,0.04375,0.09090909090909091,main_eval,,0.1,0.9,0,0
near_missing_tail,irm,0,,0.6,0,0.5752,1.1725879907608032,0.0,0.09090909090909091,main_eval,,0.1,0.9,0,0
near_missing_tail,irm,0,,0.7,0,0.5419,1.270933210849762,0.0,0.09090909090909091,main_eval,,0.1,0.9,0,0
near_missing_tail,irm,0,,0.8,0,0.5049,1.3785767555236816,0.0,0.09090909090909091,main_eval,,0.1,0.9,0,0
near_missing_tail,irm,0,,0.9,50,0.4563,1.530953288078308,0.00625,0.09090909090909091,main_eval,,0.1,0.9,0,1
near_missing_tail,irm,0,,1.0,0,0.4201,1.6262630820274353,0.0,0.09090909090909091,main_eval,,0.1,0.9,0,0
missing_tail,inftask,2,,0.0,0,0.9195,0.4340052902698517,0.0,0.09090909090909091,main_eval,,0.1,0.9,0,0
missing_tail,inftask,2,,0.1,6000,0.847,0.48447223007678986,0.75,0.09090909090909091,main_eval,,0.1,0.9,1,0
missing_tail,inftask,2,,0.2,1500,0.7789,0.5311159491539001,0.1875,0.09090909090909091,main_eval,,0.1,0.9,0,0
missing_tail,inftask,2,,0.3,0,0.7032,0.5829854607582092,0.0,0.09090909090909091,main_eval,,0.1,0.9,0,0
missing_tail,inftask,2,,0.4,0,0.6651,0.6343744993209839,0.0,0.09090909090909091,main_eval,,0.1,0.9,0,0
missing_tail,inftask,2,,0.5,500,0.6154,0.6867093443870544,0.0625,0.09090909090909091,main_eval,,0.1,0.9,0,0
missing_tail,inftask,2,,0.6,0,0.5797,0.7360722124576569,0.0,0.09090909090909091,main_eval,,0.1,0.9,0,0
missing_tail,inftask,2,,0.7,0,0.5318,0.791570395231247,0.0,0.09090909090909091,main_eval,,0.1,0.9,0,0
missing_tail,inftask,2,,0.8,0,0.4855,0.8420290648937225,0.0,0.09090909090909091,main_eval,,0.1,0.9,0,0
missing_tail,inftask,2,,0.9,0,0.4525,0.8823977410793304,0.0,0.09090909090909091,main_eval,,0.1,0.9,0,1
missing_tail,inftask,2,,1.0,0,0.4002,0.9399179518222809,0.0,0.09090909090909091,main_eval,,0.1,0.9,0,0
long_tail_visible,groupdro,2,,0.0,0,0.8495,0.35395485162734985,0.0,0.09090909090909091,main_eval,,0.1,0.9,0,0
long_tail_visible,groupdro,2,,0.1,5000,0.8022,0.5103618502616882,0.625,0.09090909090909091,main_eval,,0.1,0.9,1,0
long_tail_visible,groupdro,2,,0.2,2000,0.7559,0.6961126923561096,0.25,0.09090909090909091,main_eval,,0.1,0.9,0,0
long_tail_visible,groupdro,2,,0.3,0,0.7072,0.8449083268642426,0.0,0.09090909090909091,main_eval,,0.1,0.9,0,0
long_tail_visible,groupdro,2,,0.4,0,0.6604,1.0143505930900574,0.0,0.09090909090909091,main_eval,,0.1,0.9,0,0
long_tail_visible,groupdro,2,,0.5,800,0.6046,1.2077741026878357,0.1,0.09090909090909091,main_eval,,0.1,0.9,0,0
long_tail_visible,groupdro,2,,0.6,0,0.562,1.3708181977272034,0.0,0.09090909090909091,main_eval,,0.1,0.9,0,0
long_tail_visible,groupdro,2,,0.7,0,0.5133,1.5258265137672424,0.0,0.09090909090909091,main_eval,,0.1,0.9,0,0
long_tail_visible,groupdro,2,,0.8,0,0.4656,1.706255853176117,0.0,0.09090909090909091,main_eval,,0.1,0.9,0,0
long_tail_visible,groupdro,2,,0.9,200,0.4122,1.8773800134658813,0.025,0.09090909090909091,main_eval,,0.1,0.9,0,1
long_tail_visible,groupdro,2,,1.0,0,0.3587,2.085466742515564,0.0,0.09090909090909091,main_eval,,0.1,0.9,0,0
near_missing_tail,erm,1,,0.0,0,0.9453,0.14740101993083954,0.0,0.09090909090909091,main_eval,,0.1,0.9,0,0
near_missing_tail,erm,1,,0.1,5800,0.8683,0.5045202374458313,0.725,0.09090909090909091,main_eval,,0.1,0.9,1,0
near_missing_tail,erm,1,,0.2,1800,0.7852,0.8937074542045593,0.225,0.09090909090909091,main_eval,,0.1,0.9,0,0
near_missing_tail,erm,1,,0.3,0,0.7037,1.2791748046875,0.0,0.09090909090909091,main_eval,,0.1,0.9,0,0
near_missing_tail,erm,1,,0.4,0,0.6266,1.6517765522003174,0.0,0.09090909090909091,main_eval,,0.1,0.9,0,0
near_missing_tail,erm,1,,0.5,350,0.5392,2.0327601432800293,0.04375,0.09090909090909091,main_eval,,0.1,0.9,0,0
near_missing_tail,erm,1,,0.6,0,0.4643,2.417462944984436,0.0,0.09090909090909091,main_eval,,0.1,0.9,0,0
near_missing_tail,erm,1,,0.7,0,0.3843,2.7613914012908936,0.0,0.09090909090909091,main_eval,,0.1,0.9,0,0
near_missing_tail,erm,1,,0.8,0,0.3018,3.1789844036102295,0.0,0.09090909090909091,main_eval,,0.1,0.9,0,0
near_missing_tail,erm,1,,0.9,50,0.2194,3.555267572402954,0.00625,0.09090909090909091,main_eval,,0.1,0.9,0,1
near_missing_tail,erm,1,,1.0,0,0.1408,3.893616557121277,0.0,0.09090909090909091,main_eval,,0.1,0.9,0,0
long_tail_visible,irm,4,,0.0,0,0.7953,0.46778441965579987,0.0,0.09090909090909091,main_eval,,0.1,0.9,0,0
long_tail_visible,irm,4,,0.1,5000,0.7654,0.5772208571434021,0.625,0.09090909090909091,main_eval,,0.1,0.9,1,0
long_tail_visible,irm,4,,0.2,2000,0.734,0.6744094491004944,0.25,0.09090909090909091,main_eval,,0.1,0.9,0,0
long_tail_visible,irm,4,,0.3,0,0.6927,0.8249050080776215,0.0,0.09090909090909091,main_eval,,0.1,0.9,0,0
long_tail_visible,irm,4,,0.4,0,0.6663,0.9087626338005066,0.0,0.09090909090909091,main_eval,,0.1,0.9,0,0
long_tail_visible,irm,4,,0.5,800,0.6273,1.0380184650421143,0.1,0.09090909090909091,main_eval,,0.1,0.9,0,0
long_tail_visible,irm,4,,0.6,0,0.602,1.1199038624763489,0.0,0.09090909090909091,main_eval,,0.1,0.9,0,0
long_tail_visible,irm,4,,0.7,0,0.5679,1.2650410532951355,0.0,0.09090909090909091,main_eval,,0.1,0.9,0,0
long_tail_visible,irm,4,,0.8,0,0.5373,1.3754640221595764,0.0,0.09090909090909091,main_eval,,0.1,0.9,0,0
long_tail_visible,irm,4,,0.9,200,0.4966,1.4924296736717224,0.025,0.09090909090909091,main_eval,,0.1,0.9,0,1
long_tail_visible,irm,4,,1.0,0,0.4709,1.5965157747268677,0.0,0.09090909090909091,main_eval,,0.1,0.9,0,0
missing_tail,inftask,1,,0.0,0,0.9309,0.43389855325222015,0.0,0.09090909090909091,main_eval,,0.1,0.9,0,0
missing_tail,inftask,1,,0.1,6000,0.8563,0.4866233319044113,0.75,0.09090909090909091,main_eval,,0.1,0.9,1,0
missing_tail,inftask,1,,0.2,1500,0.7864,0.5294602811336517,0.1875,0.09090909090909091,main_eval,,0.1,0.9,0,0
missing_tail,inftask,1,,0.3,0,0.7046,0.5899675488471985,0.0,0.09090909090909091,main_eval,,0.1,0.9,0,0
missing_tail,inftask,1,,0.4,0,0.6565,0.6339967548847198,0.0,0.09090909090909091,main_eval,,0.1,0.9,0,0
missing_tail,inftask,1,,0.5,500,0.6248,0.669588178396225,0.0625,0.09090909090909091,main_eval,,0.1,0.9,0,0
missing_tail,inftask,1,,0.6,0,0.5934,0.7062550485134125,0.0,0.09090909090909091,main_eval,,0.1,0.9,0,0
missing_tail,inftask,1,,0.7,0,0.5592,0.74578857421875,0.0,0.09090909090909091,main_eval,,0.1,0.9,0,0
missing_tail,inftask,1,,0.8,0,0.5194,0.7897538542747498,0.0,0.09090909090909091,main_eval,,0.1,0.9,0,0
missing_tail,inftask,1,,0.9,0,0.4916,0.8230662047863007,0.0,0.09090909090909091,main_eval,,0.1,0.9,0,1
missing_tail,inftask,1,,1.0,0,0.46,0.8567585647106171,0.0,0.09090909090909091,main_eval,,0.1,0.9,0,0
balanced_visible,inftask,0,,0.0,0,0.659,0.6442368924617767,0.0,0.09090909090909091,main_eval,,0.1,0.9,0,0
balanced_visible,inftask,0,,0.1,2000,0.6559,0.6439097225666046,0.25,0.09090909090909091,main_eval,,0.1,0.9,1,0
balanced_visible,inftask,0,,0.2,2000,0.6482,0.6458078026771545,0.25,0.09090909090909091,main_eval,,0.1,0.9,0,0
balanced_visible,inftask,0,,0.3,0,0.6752,0.6256557703018188,0.0,0.09090909090909091,main_eval,,0.1,0.9,0,0
balanced_visible,inftask,0,,0.4,0,0.6695,0.6315122246742249,0.0,0.09090909090909091,main_eval,,0.1,0.9,0,0
balanced_visible,inftask,0,,0.5,2000,0.6705,0.6282662451267242,0.25,0.09090909090909091,main_eval,,0.1,0.9,0,0
balanced_visible,inftask,0,,0.6,0,0.6704,0.6259220242500305,0.0,0.09090909090909091,main_eval,,0.1,0.9,0,0
balanced_visible,inftask,0,,0.7,0,0.6666,0.6331508159637451,0.0,0.09090909090909091,main_eval,,0.1,0.9,0,0
balanced_visible,inftask,0,,0.8,0,0.6664,0.6324962079524994,0.0,0.09090909090909091,main_eval,,0.1,0.9,0,0
balanced_visible,inftask,0,,0.9,2000,0.6633,0.6323119103908539,0.25,0.09090909090909091,main_eval,,0.1,0.9,0,1
balanced_visible,inftask,0,,1.0,0,0.6559,0.6366519629955292,0.0,0.09090909090909091,main_eval,,0.1,0.9,0,0
long_tail_visible,groupdro,3,,0.0,0,0.8476,0.368553027510643,0.0,0.09090909090909091,main_eval,,0.1,0.9,0,0
long_tail_visible,groupdro,3,,0.1,5000,0.7918,0.5535501837730408,0.625,0.09090909090909091,main_eval,,0.1,0.9,1,0
long_tail_visible,groupdro,3,,0.2,2000,0.7447,0.7069944441318512,0.25,0.09090909090909091,main_eval,,0.1,0.9,0,0
long_tail_visible,groupdro,3,,0.3,0,0.7019,0.8552284240722656,0.0,0.09090909090909091,main_eval,,0.1,0.9,0,0
long_tail_visible,groupdro,3,,0.4,0,0.6556,1.0184727013111115,0.0,0.09090909090909091,main_eval,,0.1,0.9,0,0
long_tail_visible,groupdro,3,,0.5,800,0.6063,1.1790295839309692,0.1,0.09090909090909091,main_eval,,0.1,0.9,0,0
long_tail_visible,groupdro,3,,0.6,0,0.5598,1.3151898980140686,0.0,0.09090909090909091,main_eval,,0.1,0.9,0,0
long_tail_visible,groupdro,3,,0.7,0,0.5155,1.5031172633171082,0.0,0.09090909090909091,main_eval,,0.1,0.9,0,0
long_tail_visible,groupdro,3,,0.8,0,0.4692,1.6526954174041748,0.0,0.09090909090909091,main_eval,,0.1,0.9,0,0
long_tail_visible,groupdro,3,,0.9,200,0.4232,1.7913997769355774,0.025,0.09090909090909091,main_eval,,0.1,0.9,0,1
long_tail_visible,groupdro,3,,1.0,0,0.3732,1.9734240770339966,0.0,0.09090909090909091,main_eval,,0.1,0.9,0,0
missing_tail,groupdro,1,,0.0,0,0.9041,0.23144961893558502,0.0,0.09090909090909091,main_eval,,0.1,0.9,0,0
missing_tail,groupdro,1,,0.1,6000,0.8406,0.42972254753112793,0.75,0.09090909090909091,main_eval,,0.1,0.9,1,0
missing_tail,groupdro,1,,0.2,1500,0.7683,0.6599260568618774,0.1875,0.09090909090909091,main_eval,,0.1,0.9,0,0
missing_tail,groupdro,1,,0.3,0,0.697,0.8899792432785034,0.0,0.09090909090909091,main_eval,,0.1,0.9,0,0
missing_tail,groupdro,1,,0.4,0,0.6343,1.1180983185768127,0.0,0.09090909090909091,main_eval,,0.1,0.9,0,0
missing_tail,groupdro,1,,0.5,500,0.5841,1.2901283502578735,0.0625,0.09090909090909091,main_eval,,0.1,0.9,0,0
missing_tail,groupdro,1,,0.6,0,0.5011,1.5296493768692017,0.0,0.09090909090909091,main_eval,,0.1,0.9,0,0
missing_tail,groupdro,1,,0.7,0,0.4428,1.7398282885551453,0.0,0.09090909090909091,main_eval,,0.1,0.9,0,0
missing_tail,groupdro,1,,0.8,0,0.3745,1.9511828422546387,0.0,0.09090909090909091,main_eval,,0.1,0.9,0,0
missing_tail,groupdro,1,,0.9,0,0.3175,2.1394063234329224,0.0,0.09090909090909091,main_eval,,0.1,0.9,0,1
missing_tail,groupdro,1,,1.0,0,0.2441,2.392311453819275,0.0,0.09090909090909091,main_eval,,0.1,0.9,0,0
missing_tail,iro,4,,0.0,0,0.963,0.42146775126457214,0.0,0.09090909090909091,main_eval,,0.1,0.9,0,0
missing_tail,iro,4,,0.1,6000,0.8732,0.4797378033399582,0.75,0.09090909090909091,main_eval,,0.1,0.9,1,0
missing_tail,iro,4,,0.2,1500,0.7969,0.5254320800304413,0.1875,0.09090909090909091,main_eval,,0.1,0.9,0,0
missing_tail,iro,4,,0.3,0,0.7062,0.5785324275493622,0.0,0.09090909090909091,main_eval,,0.1,0.9,0,0
missing_tail,iro,4,,0.4,0,0.6615,0.6311721503734589,0.0,0.09090909090909091,main_eval,,0.1,0.9,0,0
missing_tail,iro,4,,0.5,500,0.6173,0.6864505410194397,0.0625,0.09090909090909091,main_eval,,0.1,0.9,0,0
missing_tail,iro,4,,0.6,0,0.5629,0.7378735542297363,0.0,0.09090909090909091,main_eval,,0.1,0.9,0,0
missing_tail,iro,4,,0.7,0,0.5227,0.7861348986625671,0.0,0.09090909090909091,main_eval,,0.1,0.9,0,0
missing_tail,iro,4,,0.8,0,0.4817,0.8328223824501038,0.0,0.09090909090909091,main_eval,,0.1,0.9,0,0
missing_tail,iro,4,,0.9,0,0.4394,0.8888443112373352,0.0,0.09090909090909091,main_eval,,0.1,0.9,0,1
missing_tail,iro,4,,1.0,0,0.3946,0.9343112409114838,0.0,0.09090909090909091,main_eval,,0.1,0.9,0,0
missing_tail,inftask,0,,0.0,0,0.9379,0.427441343665123,0.0,0.09090909090909091,main_eval,,0.1,0.9,0,0
missing_tail,inftask,0,,0.1,6000,0.8609,0.47805240750312805,0.75,0.09090909090909091,main_eval,,0.1,0.9,1,0
missing_tail,inftask,0,,0.2,1500,0.7866,0.5283935368061066,0.1875,0.09090909090909091,main_eval,,0.1,0.9,0,0
missing_tail,inftask,0,,0.3,0,0.7047,0.5778778791427612,0.0,0.09090909090909091,main_eval,,0.1,0.9,0,0
missing_tail,inftask,0,,0.4,0,0.6443,0.6355913281440735,0.0,0.09090909090909091,main_eval,,0.1,0.9,0,0
missing_tail,inftask,0,,0.5,500,0.6189,0.6639605760574341,0.0625,0.09090909090909091,main_eval,,0.1,0.9,0,0
missing_tail,inftask,0,,0.6,0,0.5779,0.7033480107784271,0.0,0.09090909090909091,main_eval,,0.1,0.9,0,0
missing_tail,inftask,0,,0.7,0,0.5388,0.7458653450012207,0.0,0.09090909090909091,main_eval,,0.1,0.9,0,0
missing_tail,inftask,0,,0.8,0,0.5042,0.7816147208213806,0.0,0.09090909090909091,main_eval,,0.1,0.9,0,0
missing_tail,inftask,0,,0.9,0,0.4607,0.8225190937519073,0.0,0.09090909090909091,main_eval,,0.1,0.9,0,1
missing_tail,inftask,0,,1.0,0,0.4187,0.8665135502815247,0.0,0.09090909090909091,main_eval,,0.1,0.9,0,0
long_tail_visible,irm,3,,0.0,0,0.8003,0.4925335496664047,0.0,0.09090909090909091,main_eval,,0.1,0.9,0,0
long_tail_visible,irm,3,,0.1,5000,0.7561,0.6237758696079254,0.625,0.09090909090909091,main_eval,,0.1,0.9,1,0
long_tail_visible,irm,3,,0.2,2000,0.7261,0.7134762406349182,0.25,0.09090909090909091,main_eval,,0.1,0.9,0,0
long_tail_visible,irm,3,,0.3,0,0.6977,0.8086599409580231,0.0,0.09090909090909091,main_eval,,0.1,0.9,0,0
long_tail_visible,irm,3,,0.4,0,0.6645,0.907277524471283,0.0,0.09090909090909091,main_eval,,0.1,0.9,0,0
long_tail_visible,irm,3,,0.5,800,0.6313,1.011981040239334,0.1,0.09090909090909091,main_eval,,0.1,0.9,0,0
long_tail_visible,irm,3,,0.6,0,0.5953,1.1052508354187012,0.0,0.09090909090909091,main_eval,,0.1,0.9,0,0
long_tail_visible,irm,3,,0.7,0,0.5629,1.2228243350982666,0.0,0.09090909090909091,main_eval,,0.1,0.9,0,0
long_tail_visible,irm,3,,0.8,0,0.5344,1.314649224281311,0.0,0.09090909090909091,main_eval,,0.1,0.9,0,0
long_tail_visible,irm,3,,0.9,200,0.5096,1.4000646471977234,0.025,0.09090909090909091,main_eval,,0.1,0.9,0,1
long_tail_visible,irm,3,,1.0,0,0.4705,1.5251136422157288,0.0,0.09090909090909091,main_eval,,0.1,0.9,0,0
missing_tail,groupdro,2,,0.0,0,0.9061,0.22436846047639847,0.0,0.09090909090909091,main_eval,,0.1,0.9,0,0
missing_tail,groupdro,2,,0.1,6000,0.8395,0.47223953902721405,0.75,0.09090909090909091,main_eval,,0.1,0.9,1,0
missing_tail,groupdro,2,,0.2,1500,0.7684,0.7392368614673615,0.1875,0.09090909090909091,main_eval,,0.1,0.9,0,0
missing_tail,groupdro,2,,0.3,0,0.7029,0.9805746972560883,0.0,0.09090909090909091,main_eval,,0.1,0.9,0,0
missing_tail,groupdro,2,,0.4,0,0.6507,1.1740302443504333,0.0,0.09090909090909091,main_eval,,0.1,0.9,0,0
missing_tail,groupdro,2,,0.5,500,0.5784,1.4685912728309631,0.0625,0.09090909090909091,main_eval,,0.1,0.9,0,0
missing_tail,groupdro,2,,0.6,0,0.508,1.6817298531532288,0.0,0.09090909090909091,main_eval,,0.1,0.9,0,0
missing_tail,groupdro,2,,0.7,0,0.4496,1.9215163588523865,0.0,0.09090909090909091,main_eval,,0.1,0.9,0,0
missing_tail,groupdro,2,,0.8,0,0.3694,2.2159745693206787,0.0,0.09090909090909091,main_eval,,0.1,0.9,0,0
missing_tail,groupdro,2,,0.9,0,0.3136,2.427755117416382,0.0,0.09090909090909091,main_eval,,0.1,0.9,0,1
missing_tail,groupdro,2,,1.0,0,0.2481,2.6858757734298706,0.0,0.09090909090909091,main_eval,,0.1,0.9,0,0
missing_tail,iro,2,,0.0,0,0.9402,0.44781576097011566,0.0,0.09090909090909091,main_eval,,0.1,0.9,0,0
missing_tail,iro,2,,0.1,6000,0.8594,0.4954320788383484,0.75,0.09090909090909091,main_eval,,0.1,0.9,1,0
missing_tail,iro,2,,0.2,1500,0.7807,0.5413300096988678,0.1875,0.09090909090909091,main_eval,,0.1,0.9,0,0
missing_tail,iro,2,,0.3,0,0.7025,0.5900263488292694,0.0,0.09090909090909091,main_eval,,0.1,0.9,0,0
missing_tail,iro,2,,0.4,0,0.6595,0.6278748512268066,0.0,0.09090909090909091,main_eval,,0.1,0.9,0,0
missing_tail,iro,2,,0.5,500,0.6183,0.6738263666629791,0.0625,0.09090909090909091,main_eval,,0.1,0.9,0,0
missing_tail,iro,2,,0.6,0,0.5648,0.719753623008728,0.0,0.09090909090909091,main_eval,,0.1,0.9,0,0
missing_tail,iro,2,,0.7,0,0.5304,0.7594089806079865,0.0,0.09090909090909091,main_eval,,0.1,0.9,0,0
missing_tail,iro,2,,0.8,0,0.4819,0.804765522480011,0.0,0.09090909090909091,main_eval,,0.1,0.9,0,0
missing_tail,iro,2,,0.9,0,0.4408,0.8408361971378326,0.0,0.09090909090909091,main_eval,,0.1,0.9,0,1
missing_tail,iro,2,,1.0,0,0.3934,0.8850840628147125,0.0,0.09090909090909091,main_eval,,0.1,0.9,0,0
long_tail_visible,groupdro,4,,0.0,0,0.851,0.3433227837085724,0.0,0.09090909090909091,main_eval,,0.1,0.9,0,0
long_tail_visible,groupdro,4,,0.1,5000,0.8016,0.5052677094936371,0.625,0.09090909090909091,main_eval,,0.1,0.9,1,0
long_tail_visible,groupdro,4,,0.2,2000,0.7558,0.6685132384300232,0.25,0.09090909090909091,main_eval,,0.1,0.9,0,0
long_tail_visible,groupdro,4,,0.3,0,0.694,0.8767968416213989,0.0,0.09090909090909091,main_eval,,0.1,0.9,0,0
long_tail_visible,groupdro,4,,0.4,0,0.6554,1.023214429616928,0.0,0.09090909090909091,main_eval,,0.1,0.9,0,0
long_tail_visible,groupdro,4,,0.5,800,0.5998,1.211395800113678,0.1,0.09090909090909091,main_eval,,0.1,0.9,0,0
long_tail_visible,groupdro,4,,0.6,0,0.5577,1.333883285522461,0.0,0.09090909090909091,main_eval,,0.1,0.9,0,0
long_tail_visible,groupdro,4,,0.7,0,0.5042,1.552400529384613,0.0,0.09090909090909091,main_eval,,0.1,0.9,0,0
long_tail_visible,groupdro,4,,0.8,0,0.4528,1.7185450792312622,0.0,0.09090909090909091,main_eval,,0.1,0.9,0,0
long_tail_visible,groupdro,4,,0.9,200,0.4023,1.8851554989814758,0.025,0.09090909090909091,main_eval,,0.1,0.9,0,1
long_tail_visible,groupdro,4,,1.0,0,0.3597,2.0484689474105835,0.0,0.09090909090909091,main_eval,,0.1,0.9,0,0
balanced_visible,groupdro,2,,0.0,0,0.6963,0.8919412791728973,0.0,0.09090909090909091,main_eval,,0.1,0.9,0,0
balanced_visible,groupdro,2,,0.1,2000,0.6894,0.9231697022914886,0.25,0.09090909090909091,main_eval,,0.1,0.9,1,0
balanced_visible,groupdro,2,,0.2,2000,0.6875,0.9284884035587311,0.25,0.09090909090909091,main_eval,,0.1,0.9,0,0
balanced_visible,groupdro,2,,0.3,0,0.6688,0.9837095439434052,0.0,0.09090909090909091,main_eval,,0.1,0.9,0,0
balanced_visible,groupdro,2,,0.4,0,0.6602,1.0168939232826233,0.0,0.09090909090909091,main_eval,,0.1,0.9,0,0
balanced_visible,groupdro,2,,0.5,2000,0.6521,1.049557089805603,0.25,0.09090909090909091,main_eval,,0.1,0.9,0,0
balanced_visible,groupdro,2,,0.6,0,0.6371,1.0912008881568909,0.0,0.09090909090909091,main_eval,,0.1,0.9,0,0
balanced_visible,groupdro,2,,0.7,0,0.6342,1.1212279796600342,0.0,0.09090909090909091,main_eval,,0.1,0.9,0,0
balanced_visible,groupdro,2,,0.8,0,0.6252,1.1757619976997375,0.0,0.09090909090909091,main_eval,,0.1,0.9,0,0
balanced_visible,groupdro,2,,0.9,2000,0.6157,1.1888548731803894,0.25,0.09090909090909091,main_eval,,0.1,0.9,0,1
balanced_visible,groupdro,2,,1.0,0,0.596,1.2556542754173279,0.0,0.09090909090909091,main_eval,,0.1,0.9,0,0
long_tail_visible,inftask,3,,0.0,0,0.7398,0.6005280017852783,0.0,0.09090909090909091,main_eval,,0.1,0.9,0,0
long_tail_visible,inftask,3,,0.1,5000,0.7111,0.6140218079090118,0.625,0.09090909090909091,main_eval,,0.1,0.9,1,0
long_tail_visible,inftask,3,,0.2,2000,0.697,0.6215107440948486,0.25,0.09090909090909091,main_eval,,0.1,0.9,0,0
long_tail_visible,inftask,3,,0.3,0,0.6644,0.6227186322212219,0.0,0.09090909090909091,main_eval,,0.1,0.9,0,0
long_tail_visible,inftask,3,,0.4,0,0.6535,0.6329533457756042,0.0,0.09090909090909091,main_eval,,0.1,0.9,0,0
long_tail_visible,inftask,3,,0.5,800,0.645,0.6458578109741211,0.1,0.09090909090909091,main_eval,,0.1,0.9,0,0
long_tail_visible,inftask,3,,0.6,0,0.6317,0.661791980266571,0.0,0.09090909090909091,main_eval,,0.1,0.9,0,0
long_tail_visible,inftask,3,,0.7,0,0.6179,0.6710244119167328,0.0,0.09090909090909091,main_eval,,0.1,0.9,0,0
long_tail_visible,inftask,3,,0.8,0,0.5965,0.6917028725147247,0.0,0.09090909090909091,main_eval,,0.1,0.9,0,0
long_tail_visible,inftask,3,,0.9,200,0.5891,0.7000817358493805,0.025,0.09090909090909091,main_eval,,0.1,0.9,0,1
long_tail_visible,inftask,3,,1.0,0,0.5751,0.7142575085163116,0.0,0.09090909090909091,main_eval,,0.1,0.9,0,0
long_tail_visible,iro,1,,0.0,0,0.7829,0.651226669549942,0.0,0.09090909090909091,main_eval,,0.1,0.9,0,0
long_tail_visible,iro,1,,0.1,5000,0.7618,0.6549219191074371,0.625,0.09090909090909091,main_eval,,0.1,0.9,1,0
long_tail_visible,iro,1,,0.2,2000,0.7287,0.6602883338928223,0.25,0.09090909090909091,main_eval,,0.1,0.9,0,0
long_tail_visible,iro,1,,0.3,0,0.6855,0.6288112103939056,0.0,0.09090909090909091,main_eval,,0.1,0.9,0,0
long_tail_visible,iro,1,,0.4,0,0.6644,0.638969749212265,0.0,0.09090909090909091,main_eval,,0.1,0.9,0,0
long_tail_visible,iro,1,,0.5,800,0.6389,0.6491050720214844,0.1,0.09090909090909091,main_eval,,0.1,0.9,0,0
long_tail_visible,iro,1,,0.6,0,0.6069,0.6624211370944977,0.0,0.09090909090909091,main_eval,,0.1,0.9,0,0
long_tail_visible,iro,1,,0.7,0,0.5933,0.6688870191574097,0.0,0.09090909090909091,main_eval,,0.1,0.9,0,0
long_tail_visible,iro,1,,0.8,0,0.5587,0.684484601020813,0.0,0.09090909090909091,main_eval,,0.1,0.9,0,0
long_tail_visible,iro,1,,0.9,200,0.5329,0.6951436698436737,0.025,0.09090909090909091,main_eval,,0.1,0.9,0,1
long_tail_visible,iro,1,,1.0,0,0.5102,0.7045669257640839,0.0,0.09090909090909091,main_eval,,0.1,0.9,0,0
near_missing_tail,inftask,1,,0.0,0,0.6388,0.632493257522583,0.0,0.09090909090909091,main_eval,,0.1,0.9,0,0
near_missing_tail,inftask,1,,0.1,5800,0.6244,0.6431193649768829,0.725,0.09090909090909091,main_eval,,0.1,0.9,1,0
near_missing_tail,inftask,1,,0.2,1800,0.6068,0.6531213223934174,0.225,0.09090909090909091,main_eval,,0.1,0.9,0,0
near_missing_tail,inftask,1,,0.3,0,0.602,0.6467448472976685,0.0,0.09090909090909091,main_eval,,0.1,0.9,0,0
near_missing_tail,inftask,1,,0.4,0,0.578,0.6632848680019379,0.0,0.09090909090909091,main_eval,,0.1,0.9,0,0
near_missing_tail,inftask,1,,0.5,350,0.5544,0.6798744201660156,0.04375,0.09090909090909091,main_eval,,0.1,0.9,0,0
near_missing_tail,inftask,1,,0.6,0,0.5404,0.6953129470348358,0.0,0.09090909090909091,main_eval,,0.1,0.9,0,0
near_missing_tail,inftask,1,,0.7,0,0.5213,0.7088992595672607,0.0,0.09090909090909091,main_eval,,0.1,0.9,0,0
near_missing_tail,inftask,1,,0.8,0,0.4883,0.7333154082298279,0.0,0.09090909090909091,main_eval,,0.1,0.9,0,0
near_missing_tail,inftask,1,,0.9,50,0.4691,0.7497586011886597,0.00625,0.09090909090909091,main_eval,,0.1,0.9,0,1
near_missing_tail,inftask,1,,1.0,0,0.4412,0.7681225836277008,0.0,0.09090909090909091,main_eval,,0.1,0.9,0,0
near_missing_tail,erm,4,,0.0,0,0.9441,0.14012768119573593,0.0,0.09090909090909091,main_eval,,0.1,0.9,0,0
near_missing_tail,erm,4,,0.1,5800,0.8661,0.517174020409584,0.725,0.09090909090909091,main_eval,,0.1,0.9,1,0
near_missing_tail,erm,4,,0.2,1800,0.7819,0.8975233733654022,0.225,0.09090909090909091,main_eval,,0.1,0.9,0,0
near_missing_tail,erm,4,,0.3,0,0.7012,1.3380771279335022,0.0,0.09090909090909091,main_eval,,0.1,0.9,0,0
near_missing_tail,erm,4,,0.4,0,0.6225,1.6739029288291931,0.0,0.09090909090909091,main_eval,,0.1,0.9,0,0
near_missing_tail,erm,4,,0.5,350,0.5342,2.1019293069839478,0.04375,0.09090909090909091,main_eval,,0.1,0.9,0,0
near_missing_tail,erm,4,,0.6,0,0.4717,2.4111013412475586,0.0,0.09090909090909091,main_eval,,0.1,0.9,0,0
near_missing_tail,erm,4,,0.7,0,0.3811,2.865661382675171,0.0,0.09090909090909091,main_eval,,0.1,0.9,0,0
near_missing_tail,erm,4,,0.8,0,0.3043,3.22351336479187,0.0,0.09090909090909091,main_eval,,0.1,0.9,0,0
near_missing_tail,erm,4,,0.9,50,0.2224,3.6298468112945557,0.00625,0.09090909090909091,main_eval,,0.1,0.9,0,1
near_missing_tail,erm,4,,1.0,0,0.1505,3.9576187133789062,0.0,0.09090909090909091,main_eval,,0.1,0.9,0,0
long_tail_visible,erm,1,,0.0,0,0.9208,0.197632797062397,0.0,0.09090909090909091,main_eval,,0.1,0.9,0,0
long_tail_visible,erm,1,,0.1,5000,0.85,0.46257326006889343,0.625,0.09090909090909091,main_eval,,0.1,0.9,1,0
long_tail_visible,erm,1,,0.2,2000,0.7723,0.7529137432575226,0.25,0.09090909090909091,main_eval,,0.1,0.9,0,0
long_tail_visible,erm,1,,0.3,0,0.7037,1.0434795022010803,0.0,0.09090909090909091,main_eval,,0.1,0.9,0,0
long_tail_visible,erm,1,,0.4,0,0.6339,1.3178150057792664,0.0,0.09090909090909091,main_eval,,0.1,0.9,0,0
long_tail_visible,erm,1,,0.5,800,0.5536,1.5832841396331787,0.1,0.09090909090909091,main_eval,,0.1,0.9,0,0
long_tail_visible,erm,1,,0.6,0,0.4899,1.8726794719696045,0.0,0.09090909090909091,main_eval,,0.1,0.9,0,0
long_tail_visible,erm,1,,0.7,0,0.4195,2.129122257232666,0.0,0.09090909090909091,main_eval,,0.1,0.9,0,0
long_tail_visible,erm,1,,0.8,0,0.3445,2.4349796772003174,0.0,0.09090909090909091,main_eval,,0.1,0.9,0,0
long_tail_visible,erm,1,,0.9,200,0.2692,2.7025762796401978,0.025,0.09090909090909091,main_eval,,0.1,0.9,0,1
long_tail_visible,erm,1,,1.0,0,0.1999,2.964709520339966,0.0,0.09090909090909091,main_eval,,0.1,0.9,0,0
near_missing_tail,groupdro,4,,0.0,0,0.8811,0.2802024781703949,0.0,0.09090909090909091,main_eval,,0.1,0.9,0,0
near_missing_tail,groupdro,4,,0.1,5800,0.8219,0.46980226039886475,0.725,0.09090909090909091,main_eval,,0.1,0.9,1,0
near_missing_tail,groupdro,4,,0.2,1800,0.7698,0.6524872481822968,0.225,0.09090909090909091,main_eval,,0.1,0.9,0,0
near_missing_tail,groupdro,4,,0.3,0,0.6969,0.8988396227359772,0.0,0.09090909090909091,main_eval,,0.1,0.9,0,0
near_missing_tail,groupdro,4,,0.4,0,0.6427,1.0659993290901184,0.0,0.09090909090909091,main_eval,,0.1,0.9,0,0
near_missing_tail,groupdro,4,,0.5,350,0.5778,1.2871724963188171,0.04375,0.09090909090909091,main_eval,,0.1,0.9,0,0
near_missing_tail,groupdro,4,,0.6,0,0.5274,1.453480839729309,0.0,0.09090909090909091,main_eval,,0.1,0.9,0,0
near_missing_tail,groupdro,4,,0.7,0,0.4638,1.6901476383209229,0.0,0.09090909090909091,main_eval,,0.1,0.9,0,0
near_missing_tail,groupdro,4,,0.8,0,0.4056,1.8726412057876587,0.0,0.09090909090909091,main_eval,,0.1,0.9,0,0
near_missing_tail,groupdro,4,,0.9,50,0.3475,2.0771385431289673,0.00625,0.09090909090909091,main_eval,,0.1,0.9,0,1
near_missing_tail,groupdro,4,,1.0,0,0.2926,2.2486824989318848,0.0,0.09090909090909091,main_eval,,0.1,0.9,0,0
near_missing_tail,iro,1,,0.0,0,0.6382,0.632885754108429,0.0,0.09090909090909091,main_eval,,0.1,0.9,0,0
near_missing_tail,iro,1,,0.1,5800,0.6291,0.6404803693294525,0.725,0.09090909090909091,main_eval,,0.1,0.9,1,0
near_missing_tail,iro,1,,0.2,1800,0.6041,0.6534017622470856,0.225,0.09090909090909091,main_eval,,0.1,0.9,0,0
near_missing_tail,iro,1,,0.3,0,0.6775,0.6289320588111877,0.0,0.09090909090909091,main_eval,,0.1,0.9,0,0
near_missing_tail,iro,1,,0.4,0,0.6479,0.6460390090942383,0.0,0.09090909090909091,main_eval,,0.1,0.9,0,0
near_missing_tail,iro,1,,0.5,350,0.6054,0.662937730550766,0.04375,0.09090909090909091,main_eval,,0.1,0.9,0,0
near_missing_tail,iro,1,,0.6,0,0.5669,0.6843190491199493,0.0,0.09090909090909091,main_eval,,0.1,0.9,0,0
near_missing_tail,iro,1,,0.7,0,0.5339,0.6974642276763916,0.0,0.09090909090909091,main_eval,,0.1,0.9,0,0
near_missing_tail,iro,1,,0.8,0,0.4853,0.7196727693080902,0.0,0.09090909090909091,main_eval,,0.1,0.9,0,0
near_missing_tail,iro,1,,0.9,50,0.4449,0.7385751605033875,0.00625,0.09090909090909091,main_eval,,0.1,0.9,0,1
near_missing_tail,iro,1,,1.0,0,0.4128,0.7541148066520691,0.0,0.09090909090909091,main_eval,,0.1,0.9,0,0
balanced_visible,erm,4,,0.0,0,0.7631,0.4916916936635971,0.0,0.09090909090909091,main_eval,,0.1,0.9,0,0
balanced_visible,erm,4,,0.1,2000,0.751,0.5177081823348999,0.25,0.09090909090909091,main_eval,,0.1,0.9,1,0
balanced_visible,erm,4,,0.2,2000,0.7383,0.5413115322589874,0.25,0.09090909090909091,main_eval,,0.1,0.9,0,0
balanced_visible,erm,4,,0.3,0,0.7158,0.5795338451862335,0.0,0.09090909090909091,main_eval,,0.1,0.9,0,0
balanced_visible,erm,4,,0.4,0,0.7071,0.5985584259033203,0.0,0.09090909090909091,main_eval,,0.1,0.9,0,0
balanced_visible,erm,4,,0.5,2000,0.6861,0.6350702941417694,0.25,0.09090909090909091,main_eval,,0.1,0.9,0,0
balanced_visible,erm,4,,0.6,0,0.6657,0.6698066294193268,0.0,0.09090909090909091,main_eval,,0.1,0.9,0,0
balanced_visible,erm,4,,0.7,0,0.6518,0.6953868567943573,0.0,0.09090909090909091,main_eval,,0.1,0.9,0,0
balanced_visible,erm,4,,0.8,0,0.6372,0.7227487862110138,0.0,0.09090909090909091,main_eval,,0.1,0.9,0,0
balanced_visible,erm,4,,0.9,2000,0.6153,0.7579426467418671,0.25,0.09090909090909091,main_eval,,0.1,0.9,0,1
balanced_visible,erm,4,,1.0,0,0.6049,0.7749818563461304,0.0,0.09090909090909091,main_eval,,0.1,0.9,0,0
balanced_visible,irm,0,,0.0,0,0.693,0.8559570908546448,0.0,0.09090909090909091,main_eval,,0.1,0.9,0,0
balanced_visible,irm,0,,0.1,2000,0.6828,0.8771190345287323,0.25,0.09090909090909091,main_eval,,0.1,0.9,1,0
balanced_visible,irm,0,,0.2,2000,0.6737,0.9221026003360748,0.25,0.09090909090909091,main_eval,,0.1,0.9,0,0
balanced_visible,irm,0,,0.3,0,0.666,0.9351909458637238,0.0,0.09090909090909091,main_eval,,0.1,0.9,0,0
balanced_visible,irm,0,,0.4,0,0.6633,0.9557889103889465,0.0,0.09090909090909091,main_eval,,0.1,0.9,0,0
balanced_visible,irm,0,,0.5,2000,0.6603,0.9521477222442627,0.25,0.09090909090909091,main_eval,,0.1,0.9,0,0
balanced_visible,irm,0,,0.6,0,0.647,1.0009213387966156,0.0,0.09090909090909091,main_eval,,0.1,0.9,0,0
balanced_visible,irm,0,,0.7,0,0.6504,1.001398652791977,0.0,0.09090909090909091,main_eval,,0.1,0.9,0,0
balanced_visible,irm,0,,0.8,0,0.6534,0.9785695672035217,0.0,0.09090909090909091,main_eval,,0.1,0.9,0,0
balanced_visible,irm,0,,0.9,2000,0.6365,1.0364099144935608,0.25,0.09090909090909091,main_eval,,0.1,0.9,0,1
balanced_visible,irm,0,,1.0,0,0.6394,1.0455996990203857,0.0,0.09090909090909091,main_eval,,0.1,0.9,0,0
balanced_visible,erm,1,,0.0,0,0.765,0.49148522317409515,0.0,0.09090909090909091,main_eval,,0.1,0.9,0,0
balanced_visible,erm,1,,0.1,2000,0.7545,0.5142286717891693,0.25,0.09090909090909091,main_eval,,0.1,0.9,1,0
balanced_visible,erm,1,,0.2,2000,0.7298,0.5576064586639404,0.25,0.09090909090909091,main_eval,,0.1,0.9,0,0
balanced_visible,erm,1,,0.3,0,0.7095,0.60251185297966,0.0,0.09090909090909091,main_eval,,0.1,0.9,0,0
balanced_visible,erm,1,,0.4,0,0.6916,0.632719486951828,0.0,0.09090909090909091,main_eval,,0.1,0.9,0,0
balanced_visible,erm,1,,0.5,2000,0.6854,0.6588566303253174,0.25,0.09090909090909091,main_eval,,0.1,0.9,0,0
balanced_visible,erm,1,,0.6,0,0.6605,0.6910448670387268,0.0,0.09090909090909091,main_eval,,0.1,0.9,0,0
balanced_visible,erm,1,,0.7,0,0.6457,0.7276028096675873,0.0,0.09090909090909091,main_eval,,0.1,0.9,0,0
balanced_visible,erm,1,,0.8,0,0.6208,0.768750786781311,0.0,0.09090909090909091,main_eval,,0.1,0.9,0,0
balanced_visible,erm,1,,0.9,2000,0.6072,0.7945647537708282,0.25,0.09090909090909091,main_eval,,0.1,0.9,0,1
balanced_visible,erm,1,,1.0,0,0.5929,0.8259027898311615,0.0,0.09090909090909091,main_eval,,0.1,0.9,0,0
missing_tail,erm,1,,0.0,0,0.9457,0.1461818888783455,0.0,0.09090909090909091,main_eval,,0.1,0.9,0,0
missing_tail,erm,1,,0.1,6000,0.8676,0.4941173791885376,0.75,0.09090909090909091,main_eval,,0.1,0.9,1,0
missing_tail,erm,1,,0.2,1500,0.783,0.8817373216152191,0.1875,0.09090909090909091,main_eval,,0.1,0.9,0,0
missing_tail,erm,1,,0.3,0,0.6987,1.2806315422058105,0.0,0.09090909090909091,main_eval,,0.1,0.9,0,0
missing_tail,erm,1,,0.4,0,0.6183,1.6670578718185425,0.0,0.09090909090909091,main_eval,,0.1,0.9,0,0
missing_tail,erm,1,,0.5,500,0.5518,1.970942735671997,0.0625,0.09090909090909091,main_eval,,0.1,0.9,0,0
missing_tail,erm,1,,0.6,0,0.4539,2.383591651916504,0.0,0.09090909090909091,main_eval,,0.1,0.9,0,0
missing_tail,erm,1,,0.7,0,0.3794,2.743260383605957,0.0,0.09090909090909091,main_eval,,0.1,0.9,0,0
missing_tail,erm,1,,0.8,0,0.2951,3.1122398376464844,0.0,0.09090909090909091,main_eval,,0.1,0.9,0,0
missing_tail,erm,1,,0.9,0,0.2228,3.4459890127182007,0.0,0.09090909090909091,main_eval,,0.1,0.9,0,1
missing_tail,erm,1,,1.0,0,0.1373,3.869071841239929,0.0,0.09090909090909091,main_eval,,0.1,0.9,0,0
near_missing_tail,erm,0,,0.0,0,0.9354,0.18444988876581192,0.0,0.09090909090909091,main_eval,,0.1,0.9,0,0
near_missing_tail,erm,0,,0.1,5800,0.8629,0.5919814705848694,0.725,0.09090909090909091,main_eval,,0.1,0.9,1,0
near_missing_tail,erm,0,,0.2,1800,0.7787,1.0088028013706207,0.225,0.09090909090909091,main_eval,,0.1,0.9,0,0
near_missing_tail,erm,0,,0.3,0,0.6927,1.452410876750946,0.0,0.09090909090909091,main_eval,,0.1,0.9,0,0
near_missing_tail,erm,0,,0.4,0,0.6245,1.852003276348114,0.0,0.09090909090909091,main_eval,,0.1,0.9,0,0
near_missing_tail,erm,0,,0.5,350,0.5543,2.2035516500473022,0.04375,0.09090909090909091,main_eval,,0.1,0.9,0,0
near_missing_tail,erm,0,,0.6,0,0.4706,2.6860885620117188,0.0,0.09090909090909091,main_eval,,0.1,0.9,0,0
near_missing_tail,erm,0,,0.7,0,0.3976,3.0527966022491455,0.0,0.09090909090909091,main_eval,,0.1,0.9,0,0
near_missing_tail,erm,0,,0.8,0,0.3251,3.437682271003723,0.0,0.09090909090909091,main_eval,,0.1,0.9,0,0
near_missing_tail,erm,0,,0.9,50,0.2361,3.939844250679016,0.00625,0.09090909090909091,main_eval,,0.1,0.9,0,1
near_missing_tail,erm,0,,1.0,0,0.1625,4.31141996383667,0.0,0.09090909090909091,main_eval,,0.1,0.9,0,0
balanced_visible,groupdro,3,,0.0,0,0.6858,0.8950386047363281,0.0,0.09090909090909091,main_eval,,0.1,0.9,0,0
balanced_visible,groupdro,3,,0.1,2000,0.6749,0.9383129775524139,0.25,0.09090909090909091,main_eval,,0.1,0.9,1,0
balanced_visible,groupdro,3,,0.2,2000,0.6729,0.9356799423694611,0.25,0.09090909090909091,main_eval,,0.1,0.9,0,0
balanced_visible,groupdro,3,,0.3,0,0.672,0.9505712687969208,0.0,0.09090909090909091,main_eval,,0.1,0.9,0,0
balanced_visible,groupdro,3,,0.4,0,0.6642,0.9928101301193237,0.0,0.09090909090909091,main_eval,,0.1,0.9,0,0
balanced_visible,groupdro,3,,0.5,2000,0.6496,1.0210375785827637,0.25,0.09090909090909091,main_eval,,0.1,0.9,0,0
balanced_visible,groupdro,3,,0.6,0,0.6437,1.0392951369285583,0.0,0.09090909090909091,main_eval,,0.1,0.9,0,0
balanced_visible,groupdro,3,,0.7,0,0.6351,1.088874876499176,0.0,0.09090909090909091,main_eval,,0.1,0.9,0,0
balanced_visible,groupdro,3,,0.8,0,0.6312,1.097366750240326,0.0,0.09090909090909091,main_eval,,0.1,0.9,0,0
balanced_visible,groupdro,3,,0.9,2000,0.6346,1.1027310490608215,0.25,0.09090909090909091,main_eval,,0.1,0.9,0,1
balanced_visible,groupdro,3,,1.0,0,0.624,1.1317081451416016,0.0,0.09090909090909091,main_eval,,0.1,0.9,0,0
long_tail_visible,erm,2,,0.0,0,0.9121,0.2303316816687584,0.0,0.09090909090909091,main_eval,,0.1,0.9,0,0
long_tail_visible,erm,2,,0.1,5000,0.8445,0.5541893839836121,0.625,0.09090909090909091,main_eval,,0.1,0.9,1,0
long_tail_visible,erm,2,,0.2,2000,0.773,0.9272112548351288,0.25,0.09090909090909091,main_eval,,0.1,0.9,0,0
long_tail_visible,erm,2,,0.3,0,0.71,1.2153018116950989,0.0,0.09090909090909091,main_eval,,0.1,0.9,0,0
long_tail_visible,erm,2,,0.4,0,0.6408,1.561970293521881,0.0,0.09090909090909091,main_eval,,0.1,0.9,0,0
long_tail_visible,erm,2,,0.5,800,0.5618,1.9364882111549377,0.1,0.09090909090909091,main_eval,,0.1,0.9,0,0
long_tail_visible,erm,2,,0.6,0,0.5026,2.266620635986328,0.0,0.09090909090909091,main_eval,,0.1,0.9,0,0
long_tail_visible,erm,2,,0.7,0,0.4228,2.584723114967346,0.0,0.09090909090909091,main_eval,,0.1,0.9,0,0
long_tail_visible,erm,2,,0.8,0,0.3636,2.922790050506592,0.0,0.09090909090909091,main_eval,,0.1,0.9,0,0
long_tail_visible,erm,2,,0.9,200,0.2873,3.277273178100586,0.025,0.09090909090909091,main_eval,,0.1,0.9,0,1
long_tail_visible,erm,2,,1.0,0,0.2131,3.664532780647278,0.0,0.09090909090909091,main_eval,,0.1,0.9,0,0
missing_tail,erm,3,,0.0,0,0.936,0.15883868932724,0.0,0.09090909090909091,main_eval,,0.1,0.9,0,0
missing_tail,erm,3,,0.1,6000,0.8592,0.5799132883548737,0.75,0.09090909090909091,main_eval,,0.1,0.9,1,0
missing_tail,erm,3,,0.2,1500,0.7793,0.9891960918903351,0.1875,0.09090909090909091,main_eval,,0.1,0.9,0,0
missing_tail,erm,3,,0.3,0,0.6999,1.4119714498519897,0.0,0.09090909090909091,main_eval,,0.1,0.9,0,0
missing_tail,erm,3,,0.4,0,0.6201,1.853261649608612,0.0,0.09090909090909091,main_eval,,0.1,0.9,0,0
missing_tail,erm,3,,0.5,500,0.5413,2.2259057760238647,0.0625,0.09090909090909091,main_eval,,0.1,0.9,0,0
missing_tail,erm,3,,0.6,0,0.4752,2.610435962677002,0.0,0.09090909090909091,main_eval,,0.1,0.9,0,0
missing_tail,erm,3,,0.7,0,0.3969,3.038845419883728,0.0,0.09090909090909091,main_eval,,0.1,0.9,0,0
missing_tail,erm,3,,0.8,0,0.313,3.4819188117980957,0.0,0.09090909090909091,main_eval,,0.1,0.9,0,0
missing_tail,erm,3,,0.9,0,0.2411,3.8516786098480225,0.0,0.09090909090909091,main_eval,,0.1,0.9,0,1
missing_tail,erm,3,,1.0,0,0.1602,4.3360207080841064,0.0,0.09090909090909091,main_eval,,0.1,0.9,0,0
missing_tail,iro,3,,0.0,0,0.9424,0.4736054837703705,0.0,0.09090909090909091,main_eval,,0.1,0.9,0,0
missing_tail,iro,3,,0.1,6000,0.8641,0.5139276087284088,0.75,0.09090909090909091,main_eval,,0.1,0.9,1,0
missing_tail,iro,3,,0.2,1500,0.7835,0.5563055574893951,0.1875,0.09090909090909091,main_eval,,0.1,0.9,0,0
missing_tail,iro,3,,0.3,0,0.6863,0.5971044898033142,0.0,0.09090909090909091,main_eval,,0.1,0.9,0,0
missing_tail,iro,3,,0.4,0,0.6344,0.6519031524658203,0.0,0.09090909090909091,main_eval,,0.1,0.9,0,0
missing_tail,iro,3,,0.5,500,0.6061,0.679111897945404,0.0625,0.09090909090909091,main_eval,,0.1,0.9,0,0
missing_tail,iro,3,,0.6,0,0.5608,0.7291109263896942,0.0,0.09090909090909091,main_eval,,0.1,0.9,0,0
missing_tail,iro,3,,0.7,0,0.5224,0.7661652863025665,0.0,0.09090909090909091,main_eval,,0.1,0.9,0,0
missing_tail,iro,3,,0.8,0,0.4822,0.8143101334571838,0.0,0.09090909090909091,main_eval,,0.1,0.9,0,0
missing_tail,iro,3,,0.9,0,0.4474,0.8502809405326843,0.0,0.09090909090909091,main_eval,,0.1,0.9,0,1
missing_tail,iro,3,,1.0,0,0.4064,0.8946990072727203,0.0,0.09090909090909091,main_eval,,0.1,0.9,0,0
long_tail_visible,iro,3,,0.0,0,0.7334,0.5890423953533173,0.0,0.09090909090909091,main_eval,,0.1,0.9,0,0
long_tail_visible,iro,3,,0.1,5000,0.7216,0.5990300178527832,0.625,0.09090909090909091,main_eval,,0.1,0.9,1,0
long_tail_visible,iro,3,,0.2,2000,0.7113,0.6102875173091888,0.25,0.09090909090909091,main_eval,,0.1,0.9,0,0
long_tail_visible,iro,3,,0.3,0,0.6748,0.6107523441314697,0.0,0.09090909090909091,main_eval,,0.1,0.9,0,0
long_tail_visible,iro,3,,0.4,0,0.667,0.6283412873744965,0.0,0.09090909090909091,main_eval,,0.1,0.9,0,0
long_tail_visible,iro,3,,0.5,800,0.6518,0.6432065665721893,0.1,0.09090909090909091,main_eval,,0.1,0.9,0,0
long_tail_visible,iro,3,,0.6,0,0.6359,0.6589034497737885,0.0,0.09090909090909091,main_eval,,0.1,0.9,0,0
long_tail_visible,iro,3,,0.7,0,0.6214,0.6730099320411682,0.0,0.09090909090909091,main_eval,,0.1,0.9,0,0
long_tail_visible,iro,3,,0.8,0,0.6042,0.6947974860668182,0.0,0.09090909090909091,main_eval,,0.1,0.9,0,0
long_tail_visible,iro,3,,0.9,200,0.5942,0.7052303850650787,0.025,0.09090909090909091,main_eval,,0.1,0.9,0,1
long_tail_visible,iro,3,,1.0,0,0.5815,0.7179173231124878,0.0,0.09090909090909091,main_eval,,0.1,0.9,0,0
long_tail_visible,irm,1,,0.0,0,0.785,0.5023738443851471,0.0,0.09090909090909091,main_eval,,0.1,0.9,0,0
long_tail_visible,irm,1,,0.1,5000,0.7574,0.572322428226471,0.625,0.09090909090909091,main_eval,,0.1,0.9,1,0
long_tail_visible,irm,1,,0.2,2000,0.7208,0.6725813150405884,0.25,0.09090909090909091,main_eval,,0.1,0.9,0,0
long_tail_visible,irm,1,,0.3,0,0.6857,0.7780890762805939,0.0,0.09090909090909091,main_eval,,0.1,0.9,0,0
long_tail_visible,irm,1,,0.4,0,0.6646,0.8625762462615967,0.0,0.09090909090909091,main_eval,,0.1,0.9,0,0
long_tail_visible,irm,1,,0.5,800,0.6305,0.9299444854259491,0.1,0.09090909090909091,main_eval,,0.1,0.9,0,0
long_tail_visible,irm,1,,0.6,0,0.6012,1.0278264284133911,0.0,0.09090909090909091,main_eval,,0.1,0.9,0,0
long_tail_visible,irm,1,,0.7,0,0.5818,1.0949670672416687,0.0,0.09090909090909091,main_eval,,0.1,0.9,0,0
long_tail_visible,irm,1,,0.8,0,0.5442,1.212135672569275,0.0,0.09090909090909091,main_eval,,0.1,0.9,0,0
long_tail_visible,irm,1,,0.9,200,0.5198,1.2785750031471252,0.025,0.09090909090909091,main_eval,,0.1,0.9,0,1
long_tail_visible,irm,1,,1.0,0,0.4863,1.3578676581382751,0.0,0.09090909090909091,main_eval,,0.1,0.9,0,0
balanced_visible,inftask,4,,0.0,0,0.6842,0.622313529253006,0.0,0.09090909090909091,main_eval,,0.1,0.9,0,0
balanced_visible,inftask,4,,0.1,2000,0.68,0.6252205967903137,0.25,0.09090909090909091,main_eval,,0.1,0.9,1,0
balanced_visible,inftask,4,,0.2,2000,0.6809,0.6254313886165619,0.25,0.09090909090909091,main_eval,,0.1,0.9,0,0
balanced_visible,inftask,4,,0.3,0,0.6854,0.6193683445453644,0.0,0.09090909090909091,main_eval,,0.1,0.9,0,0
balanced_visible,inftask,4,,0.4,0,0.6855,0.6216977536678314,0.0,0.09090909090909091,main_eval,,0.1,0.9,0,0
balanced_visible,inftask,4,,0.5,2000,0.6847,0.6230138540267944,0.25,0.09090909090909091,main_eval,,0.1,0.9,0,0
balanced_visible,inftask,4,,0.6,0,0.6776,0.6326733529567719,0.0,0.09090909090909091,main_eval,,0.1,0.9,0,0
balanced_visible,inftask,4,,0.7,0,0.6836,0.6291070878505707,0.0,0.09090909090909091,main_eval,,0.1,0.9,0,0
balanced_visible,inftask,4,,0.8,0,0.6829,0.6339371800422668,0.0,0.09090909090909091,main_eval,,0.1,0.9,0,0
balanced_visible,inftask,4,,0.9,2000,0.6683,0.6457946300506592,0.25,0.09090909090909091,main_eval,,0.1,0.9,0,1
balanced_visible,inftask,4,,1.0,0,0.6728,0.6452847123146057,0.0,0.09090909090909091,main_eval,,0.1,0.9,0,0
balanced_visible,iro,0,,0.0,0,0.6826,0.6273688971996307,0.0,0.09090909090909091,main_eval,,0.1,0.9,0,0
balanced_visible,iro,0,,0.1,2000,0.6772,0.6319457590579987,0.25,0.09090909090909091,main_eval,,0.1,0.9,1,0
balanced_visible,iro,0,,0.2,2000,0.6697,0.6338836550712585,0.25,0.09090909090909091,main_eval,,0.1,0.9,0,0
balanced_visible,iro,0,,0.3,0,0.6837,0.6235221922397614,0.0,0.09090909090909091,main_eval,,0.1,0.9,0,0
balanced_visible,iro,0,,0.4,0,0.6782,0.6253894567489624,0.0,0.09090909090909091,main_eval,,0.1,0.9,0,0
balanced_visible,iro,0,,0.5,2000,0.6773,0.6300479471683502,0.25,0.09090909090909091,main_eval,,0.1,0.9,0,0
balanced_visible,iro,0,,0.6,0,0.677,0.6293828189373016,0.0,0.09090909090909091,main_eval,,0.1,0.9,0,0
balanced_visible,iro,0,,0.7,0,0.6685,0.6346361041069031,0.0,0.09090909090909091,main_eval,,0.1,0.9,0,0
balanced_visible,iro,0,,0.8,0,0.6642,0.6415054500102997,0.0,0.09090909090909091,main_eval,,0.1,0.9,0,0
balanced_visible,iro,0,,0.9,2000,0.6589,0.6463420391082764,0.25,0.09090909090909091,main_eval,,0.1,0.9,0,1
balanced_visible,iro,0,,1.0,0,0.657,0.6477015018463135,0.0,0.09090909090909091,main_eval,,0.1,0.9,0,0
missing_tail,erm,4,,0.0,0,0.9476,0.12663258984684944,0.0,0.09090909090909091,main_eval,,0.1,0.9,0,0
missing_tail,erm,4,,0.1,6000,0.8633,0.5513820648193359,0.75,0.09090909090909091,main_eval,,0.1,0.9,1,0
missing_tail,erm,4,,0.2,1500,0.7874,0.9632781147956848,0.1875,0.09090909090909091,main_eval,,0.1,0.9,0,0
missing_tail,erm,4,,0.3,0,0.7045,1.3896645903587341,0.0,0.09090909090909091,main_eval,,0.1,0.9,0,0
missing_tail,erm,4,,0.4,0,0.626,1.7893342971801758,0.0,0.09090909090909091,main_eval,,0.1,0.9,0,0
missing_tail,erm,4,,0.5,500,0.542,2.1746487617492676,0.0625,0.09090909090909091,main_eval,,0.1,0.9,0,0
missing_tail,erm,4,,0.6,0,0.4601,2.6459189653396606,0.0,0.09090909090909091,main_eval,,0.1,0.9,0,0
missing_tail,erm,4,,0.7,0,0.3804,3.073245644569397,0.0,0.09090909090909091,main_eval,,0.1,0.9,0,0
missing_tail,erm,4,,0.8,0,0.3018,3.421536087989807,0.0,0.09090909090909091,main_eval,,0.1,0.9,0,0
missing_tail,erm,4,,0.9,0,0.2146,3.916770815849304,0.0,0.09090909090909091,main_eval,,0.1,0.9,0,1
missing_tail,erm,4,,1.0,0,0.1416,4.254736661911011,0.0,0.09090909090909091,main_eval,,0.1,0.9,0,0
balanced_visible,groupdro,1,,0.0,0,0.7131,0.7164910435676575,0.0,0.09090909090909091,main_eval,,0.1,0.9,0,0
balanced_visible,groupdro,1,,0.1,2000,0.7068,0.740809977054596,0.25,0.09090909090909091,main_eval,,0.1,0.9,1,0
balanced_visible,groupdro,1,,0.2,2000,0.6856,0.8038130402565002,0.25,0.09090909090909091,main_eval,,0.1,0.9,0,0
balanced_visible,groupdro,1,,0.3,0,0.6728,0.8484761416912079,0.0,0.09090909090909091,main_eval,,0.1,0.9,0,0
balanced_visible,groupdro,1,,0.4,0,0.6591,0.8928011059761047,0.0,0.09090909090909091,main_eval,,0.1,0.9,0,0
balanced_visible,groupdro,1,,0.5,2000,0.6489,0.9204285740852356,0.25,0.09090909090909091,main_eval,,0.1,0.9,0,0
balanced_visible,groupdro,1,,0.6,0,0.6407,0.96236452460289,0.0,0.09090909090909091,main_eval,,0.1,0.9,0,0
balanced_visible,groupdro,1,,0.7,0,0.6284,1.0055334866046906,0.0,0.09090909090909091,main_eval,,0.1,0.9,0,0
balanced_visible,groupdro,1,,0.8,0,0.6134,1.0548524856567383,0.0,0.09090909090909091,main_eval,,0.1,0.9,0,0
balanced_visible,groupdro,1,,0.9,2000,0.6044,1.0802394151687622,0.25,0.09090909090909091,main_eval,,0.1,0.9,0,1
balanced_visible,groupdro,1,,1.0,0,0.5885,1.1238261461257935,0.0,0.09090909090909091,main_eval,,0.1,0.9,0,0
balanced_visible,inftask,2,,0.0,0,0.7129,0.6160562336444855,0.0,0.09090909090909091,main_eval,,0.1,0.9,0,0
balanced_visible,inftask,2,,0.1,2000,0.7038,0.6222115457057953,0.25,0.09090909090909091,main_eval,,0.1,0.9,1,0
balanced_visible,inftask,2,,0.2,2000,0.6948,0.6282217502593994,0.25,0.09090909090909091,main_eval,,0.1,0.9,0,0
balanced_visible,inftask,2,,0.3,0,0.6643,0.6312745213508606,0.0,0.09090909090909091,main_eval,,0.1,0.9,0,0
balanced_visible,inftask,2,,0.4,0,0.6681,0.6303111016750336,0.0,0.09090909090909091,main_eval,,0.1,0.9,0,0
balanced_visible,inftask,2,,0.5,2000,0.6627,0.6354897320270538,0.25,0.09090909090909091,main_eval,,0.1,0.9,0,0
balanced_visible,inftask,2,,0.6,0,0.6626,0.6387364566326141,0.0,0.09090909090909091,main_eval,,0.1,0.9,0,0
balanced_visible,inftask,2,,0.7,0,0.6593,0.6424594223499298,0.0,0.09090909090909091,main_eval,,0.1,0.9,0,0
balanced_visible,inftask,2,,0.8,0,0.6467,0.6517950594425201,0.0,0.09090909090909091,main_eval,,0.1,0.9,0,0
balanced_visible,inftask,2,,0.9,2000,0.6512,0.6509638428688049,0.25,0.09090909090909091,main_eval,,0.1,0.9,0,1
balanced_visible,inftask,2,,1.0,0,0.6437,0.6556108891963959,0.0,0.09090909090909091,main_eval,,0.1,0.9,0,0
long_tail_visible,iro,2,,0.0,0,0.7815,0.6199895143508911,0.0,0.09090909090909091,main_eval,,0.1,0.9,0,0
long_tail_visible,iro,2,,0.1,5000,0.7529,0.6279217004776001,0.625,0.09090909090909091,main_eval,,0.1,0.9,1,0
long_tail_visible,iro,2,,0.2,2000,0.7269,0.6361781656742096,0.25,0.09090909090909091,main_eval,,0.1,0.9,0,0
long_tail_visible,iro,2,,0.3,0,0.6861,0.6348389685153961,0.0,0.09090909090909091,main_eval,,0.1,0.9,0,0
long_tail_visible,iro,2,,0.4,0,0.6634,0.6462582647800446,0.0,0.09090909090909091,main_eval,,0.1,0.9,0,0
long_tail_visible,iro,2,,0.5,800,0.6592,0.6512082815170288,0.1,0.09090909090909091,main_eval,,0.1,0.9,0,0
long_tail_visible,iro,2,,0.6,0,0.6365,0.6606058776378632,0.0,0.09090909090909091,main_eval,,0.1,0.9,0,0
long_tail_visible,iro,2,,0.7,0,0.6072,0.6727883815765381,0.0,0.09090909090909091,main_eval,,0.1,0.9,0,0
long_tail_visible,iro,2,,0.8,0,0.5913,0.6798344552516937,0.0,0.09090909090909091,main_eval,,0.1,0.9,0,0
long_tail_visible,iro,2,,0.9,200,0.5818,0.6855953633785248,0.025,0.09090909090909091,main_eval,,0.1,0.9,0,1
long_tail_visible,iro,2,,1.0,0,0.5595,0.6977354884147644,0.0,0.09090909090909091,main_eval,,0.1,0.9,0,0
near_missing_tail,irm,4,,0.0,0,0.7941,0.4682859778404236,0.0,0.09090909090909091,main_eval,,0.1,0.9,0,0
near_missing_tail,irm,4,,0.1,5800,0.7596,0.5658411383628845,0.725,0.09090909090909091,main_eval,,0.1,0.9,1,0
near_missing_tail,irm,4,,0.2,1800,0.7315,0.6567414700984955,0.225,0.09090909090909091,main_eval,,0.1,0.9,0,0
near_missing_tail,irm,4,,0.3,0,0.6861,0.789274662733078,0.0,0.09090909090909091,main_eval,,0.1,0.9,0,0
near_missing_tail,irm,4,,0.4,0,0.6586,0.8688783347606659,0.0,0.09090909090909091,main_eval,,0.1,0.9,0,0
near_missing_tail,irm,4,,0.5,350,0.6139,0.9993049800395966,0.04375,0.09090909090909091,main_eval,,0.1,0.9,0,0
near_missing_tail,irm,4,,0.6,0,0.5835,1.0841140151023865,0.0,0.09090909090909091,main_eval,,0.1,0.9,0,0
near_missing_tail,irm,4,,0.7,0,0.5409,1.2143188118934631,0.0,0.09090909090909091,main_eval,,0.1,0.9,0,0
near_missing_tail,irm,4,,0.8,0,0.508,1.3063225150108337,0.0,0.09090909090909091,main_eval,,0.1,0.9,0,0
near_missing_tail,irm,4,,0.9,50,0.4733,1.417120635509491,0.00625,0.09090909090909091,main_eval,,0.1,0.9,0,1
near_missing_tail,irm,4,,1.0,0,0.4497,1.4953288435935974,0.0,0.09090909090909091,main_eval,,0.1,0.9,0,0
balanced_visible,iro,1,,0.0,0,0.6931,0.6406832039356232,0.0,0.09090909090909091,main_eval,,0.1,0.9,0,0
balanced_visible,iro,1,,0.1,2000,0.6966,0.640891045331955,0.25,0.09090909090909091,main_eval,,0.1,0.9,1,0
balanced_visible,iro,1,,0.2,2000,0.6861,0.6444724202156067,0.25,0.09090909090909091,main_eval,,0.1,0.9,0,0
balanced_visible,iro,1,,0.3,0,0.6827,0.6210917234420776,0.0,0.09090909090909091,main_eval,,0.1,0.9,0,0
balanced_visible,iro,1,,0.4,0,0.6789,0.6267482340335846,0.0,0.09090909090909091,main_eval,,0.1,0.9,0,0
balanced_visible,iro,1,,0.5,2000,0.6834,0.6229546368122101,0.25,0.09090909090909091,main_eval,,0.1,0.9,0,0
balanced_visible,iro,1,,0.6,0,0.674,0.6299423277378082,0.0,0.09090909090909091,main_eval,,0.1,0.9,0,0
balanced_visible,iro,1,,0.7,0,0.6781,0.6272265911102295,0.0,0.09090909090909091,main_eval,,0.1,0.9,0,0
balanced_visible,iro,1,,0.8,0,0.6609,0.6383958160877228,0.0,0.09090909090909091,main_eval,,0.1,0.9,0,0
balanced_visible,iro,1,,0.9,2000,0.665,0.6362272500991821,0.25,0.09090909090909091,main_eval,,0.1,0.9,0,1
balanced_visible,iro,1,,1.0,0,0.6581,0.6361070871353149,0.0,0.09090909090909091,main_eval,,0.1,0.9,0,0
long_tail_visible,groupdro,1,,0.0,0,0.8531,0.33604075014591217,0.0,0.09090909090909091,main_eval,,0.1,0.9,0,0
long_tail_visible,groupdro,1,,0.1,5000,0.8058,0.4794633239507675,0.625,0.09090909090909091,main_eval,,0.1,0.9,1,0
long_tail_visible,groupdro,1,,0.2,2000,0.7537,0.654305100440979,0.25,0.09090909090909091,main_eval,,0.1,0.9,0,0
long_tail_visible,groupdro,1,,0.3,0,0.6968,0.8267135918140411,0.0,0.09090909090909091,main_eval,,0.1,0.9,0,0
long_tail_visible,groupdro,1,,0.4,0,0.6511,0.9898244142532349,0.0,0.09090909090909091,main_eval,,0.1,0.9,0,0
long_tail_visible,groupdro,1,,0.5,800,0.5927,1.134248435497284,0.1,0.09090909090909091,main_eval,,0.1,0.9,0,0
long_tail_visible,groupdro,1,,0.6,0,0.5482,1.3016535639762878,0.0,0.09090909090909091,main_eval,,0.1,0.9,0,0
long_tail_visible,groupdro,1,,0.7,0,0.5036,1.4499008655548096,0.0,0.09090909090909091,main_eval,,0.1,0.9,0,0
long_tail_visible,groupdro,1,,0.8,0,0.4506,1.629982054233551,0.0,0.09090909090909091,main_eval,,0.1,0.9,0,0
long_tail_visible,groupdro,1,,0.9,200,0.3997,1.7788869738578796,0.025,0.09090909090909091,main_eval,,0.1,0.9,0,1
long_tail_visible,groupdro,1,,1.0,0,0.3529,1.9252122640609741,0.0,0.09090909090909091,main_eval,,0.1,0.9,0,0
near_missing_tail,iro,4,,0.0,0,0.8617,0.592395544052124,0.0,0.09090909090909091,main_eval,,0.1,0.9,0,0
near_missing_tail,iro,4,,0.1,5800,0.8038,0.6085439622402191,0.725,0.09090909090909091,main_eval,,0.1,0.9,1,0
near_missing_tail,iro,4,,0.2,1800,0.7586,0.6237470209598541,0.225,0.09090909090909091,main_eval,,0.1,0.9,0,0
near_missing_tail,iro,4,,0.3,0,0.7055,0.6238394379615784,0.0,0.09090909090909091,main_eval,,0.1,0.9,0,0
near_missing_tail,iro,4,,0.4,0,0.6561,0.6427865028381348,0.0,0.09090909090909091,main_eval,,0.1,0.9,0,0
near_missing_tail,iro,4,,0.5,350,0.6279,0.6584603190422058,0.04375,0.09090909090909091,main_eval,,0.1,0.9,0,0
near_missing_tail,iro,4,,0.6,0,0.5722,0.6803984344005585,0.0,0.09090909090909091,main_eval,,0.1,0.9,0,0
near_missing_tail,iro,4,,0.7,0,0.5343,0.6976874768733978,0.0,0.09090909090909091,main_eval,,0.1,0.9,0,0
near_missing_tail,iro,4,,0.8,0,0.4966,0.7163820564746857,0.0,0.09090909090909091,main_eval,,0.1,0.9,0,0
near_missing_tail,iro,4,,0.9,50,0.4413,0.7390767335891724,0.00625,0.09090909090909091,main_eval,,0.1,0.9,0,1
near_missing_tail,iro,4,,1.0,0,0.4067,0.7553389370441437,0.0,0.09090909090909091,main_eval,,0.1,0.9,0,0
balanced_visible,iro,4,,0.0,0,0.6933,0.6030092835426331,0.0,0.09090909090909091,main_eval,,0.1,0.9,0,0
balanced_visible,iro,4,,0.1,2000,0.6877,0.608818531036377,0.25,0.09090909090909091,main_eval,,0.1,0.9,1,0
balanced_visible,iro,4,,0.2,2000,0.689,0.6119571626186371,0.25,0.09090909090909091,main_eval,,0.1,0.9,0,0
balanced_visible,iro,4,,0.3,0,0.6917,0.6185752749443054,0.0,0.09090909090909091,main_eval,,0.1,0.9,0,0
balanced_visible,iro,4,,0.4,0,0.6847,0.6259430050849915,0.0,0.09090909090909091,main_eval,,0.1,0.9,0,0
balanced_visible,iro,4,,0.5,2000,0.6888,0.628590852022171,0.25,0.09090909090909091,main_eval,,0.1,0.9,0,0
balanced_visible,iro,4,,0.6,0,0.6803,0.6464059054851532,0.0,0.09090909090909091,main_eval,,0.1,0.9,0,0
balanced_visible,iro,4,,0.7,0,0.6867,0.6380442380905151,0.0,0.09090909090909091,main_eval,,0.1,0.9,0,0
balanced_visible,iro,4,,0.8,0,0.6819,0.6462492048740387,0.0,0.09090909090909091,main_eval,,0.1,0.9,0,0
balanced_visible,iro,4,,0.9,2000,0.6679,0.6693865656852722,0.25,0.09090909090909091,main_eval,,0.1,0.9,0,1
balanced_visible,iro,4,,1.0,0,0.6743,0.6686230003833771,0.0,0.09090909090909091,main_eval,,0.1,0.9,0,0
long_tail_visible,inftask,2,,0.0,0,0.7608,0.6313890218734741,0.0,0.09090909090909091,main_eval,,0.1,0.9,0,0
long_tail_visible,inftask,2,,0.1,5000,0.7303,0.6387574374675751,0.625,0.09090909090909091,main_eval,,0.1,0.9,1,0
long_tail_visible,inftask,2,,0.2,2000,0.705,0.6476714313030243,0.25,0.09090909090909091,main_eval,,0.1,0.9,0,0
long_tail_visible,inftask,2,,0.3,0,0.6764,0.6403723061084747,0.0,0.09090909090909091,main_eval,,0.1,0.9,0,0
long_tail_visible,inftask,2,,0.4,0,0.6626,0.6485773622989655,0.0,0.09090909090909091,main_eval,,0.1,0.9,0,0
long_tail_visible,inftask,2,,0.5,800,0.6571,0.6526151597499847,0.1,0.09090909090909091,main_eval,,0.1,0.9,0,0
long_tail_visible,inftask,2,,0.6,0,0.6351,0.6619717478752136,0.0,0.09090909090909091,main_eval,,0.1,0.9,0,0
long_tail_visible,inftask,2,,0.7,0,0.6157,0.6684155166149139,0.0,0.09090909090909091,main_eval,,0.1,0.9,0,0
long_tail_visible,inftask,2,,0.8,0,0.5999,0.6766344010829926,0.0,0.09090909090909091,main_eval,,0.1,0.9,0,0
long_tail_visible,inftask,2,,0.9,200,0.5816,0.6833975911140442,0.025,0.09090909090909091,main_eval,,0.1,0.9,0,1
long_tail_visible,inftask,2,,1.0,0,0.5675,0.6891979277133942,0.0,0.09090909090909091,main_eval,,0.1,0.9,0,0
missing_tail,irm,1,,0.0,0,0.7992,0.4565762132406235,0.0,0.09090909090909091,main_eval,,0.1,0.9,0,0
missing_tail,irm,1,,0.1,6000,0.7601,0.5506167411804199,0.75,0.09090909090909091,main_eval,,0.1,0.9,1,0
missing_tail,irm,1,,0.2,1500,0.7194,0.6576598882675171,0.1875,0.09090909090909091,main_eval,,0.1,0.9,0,0
missing_tail,irm,1,,0.3,0,0.6831,0.7585450410842896,0.0,0.09090909090909091,main_eval,,0.1,0.9,0,0
missing_tail,irm,1,,0.4,0,0.6471,0.8609370291233063,0.0,0.09090909090909091,main_eval,,0.1,0.9,0,0
missing_tail,irm,1,,0.5,500,0.6217,0.9387988150119781,0.0625,0.09090909090909091,main_eval,,0.1,0.9,0,0
missing_tail,irm,1,,0.6,0,0.5798,1.042047142982483,0.0,0.09090909090909091,main_eval,,0.1,0.9,0,0
missing_tail,irm,1,,0.7,0,0.5473,1.1320932507514954,0.0,0.09090909090909091,main_eval,,0.1,0.9,0,0
missing_tail,irm,1,,0.8,0,0.5134,1.217914640903473,0.0,0.09090909090909091,main_eval,,0.1,0.9,0,0
missing_tail,irm,1,,0.9,0,0.4805,1.3113402724266052,0.0,0.09090909090909091,main_eval,,0.1,0.9,0,1
missing_tail,irm,1,,1.0,0,0.4394,1.427782416343689,0.0,0.09090909090909091,main_eval,,0.1,0.9,0,0
long_tail_visible,inftask,0,,0.0,0,0.7741,0.5871018469333649,0.0,0.09090909090909091,main_eval,,0.1,0.9,0,0
long_tail_visible,inftask,0,,0.1,5000,0.7446,0.5988160967826843,0.625,0.09090909090909091,main_eval,,0.1,0.9,1,0
long_tail_visible,inftask,0,,0.2,2000,0.7159,0.6108195185661316,0.25,0.09090909090909091,main_eval,,0.1,0.9,0,0
long_tail_visible,inftask,0,,0.3,0,0.6993,0.5954866111278534,0.0,0.09090909090909091,main_eval,,0.1,0.9,0,0
long_tail_visible,inftask,0,,0.4,0,0.6776,0.6153600811958313,0.0,0.09090909090909091,main_eval,,0.1,0.9,0,0
long_tail_visible,inftask,0,,0.5,800,0.6545,0.6397268772125244,0.1,0.09090909090909091,main_eval,,0.1,0.9,0,0
long_tail_visible,inftask,0,,0.6,0,0.6385,0.6562674045562744,0.0,0.09090909090909091,main_eval,,0.1,0.9,0,0
long_tail_visible,inftask,0,,0.7,0,0.603,0.6869851648807526,0.0,0.09090909090909091,main_eval,,0.1,0.9,0,0
long_tail_visible,inftask,0,,0.8,0,0.589,0.7052470147609711,0.0,0.09090909090909091,main_eval,,0.1,0.9,0,0
long_tail_visible,inftask,0,,0.9,200,0.5661,0.7247174978256226,0.025,0.09090909090909091,main_eval,,0.1,0.9,0,1
long_tail_visible,inftask,0,,1.0,0,0.5393,0.7516330182552338,0.0,0.09090909090909091,main_eval,,0.1,0.9,0,0
balanced_visible,iro,2,,0.0,0,0.7037,0.6196458041667938,0.0,0.09090909090909091,main_eval,,0.1,0.9,0,0
balanced_visible,iro,2,,0.1,2000,0.7015,0.6202672123908997,0.25,0.09090909090909091,main_eval,,0.1,0.9,1,0
balanced_visible,iro,2,,0.2,2000,0.7044,0.6219195127487183,0.25,0.09090909090909091,main_eval,,0.1,0.9,0,0
balanced_visible,iro,2,,0.3,0,0.6714,0.6270360946655273,0.0,0.09090909090909091,main_eval,,0.1,0.9,0,0
balanced_visible,iro,2,,0.4,0,0.661,0.6386131346225739,0.0,0.09090909090909091,main_eval,,0.1,0.9,0,0
balanced_visible,iro,2,,0.5,2000,0.6756,0.6286754012107849,0.25,0.09090909090909091,main_eval,,0.1,0.9,0,0
balanced_visible,iro,2,,0.6,0,0.6634,0.6345053315162659,0.0,0.09090909090909091,main_eval,,0.1,0.9,0,0
balanced_visible,iro,2,,0.7,0,0.6603,0.6451727747917175,0.0,0.09090909090909091,main_eval,,0.1,0.9,0,0
balanced_visible,iro,2,,0.8,0,0.657,0.6479518413543701,0.0,0.09090909090909091,main_eval,,0.1,0.9,0,0
balanced_visible,iro,2,,0.9,2000,0.6608,0.6440160572528839,0.25,0.09090909090909091,main_eval,,0.1,0.9,0,1
balanced_visible,iro,2,,1.0,0,0.6557,0.6494500637054443,0.0,0.09090909090909091,main_eval,,0.1,0.9,0,0
near_missing_tail,iro,2,,0.0,0,0.8121,0.6028453409671783,0.0,0.09090909090909091,main_eval,,0.1,0.9,0,0
near_missing_tail,iro,2,,0.1,5800,0.7703,0.6151244342327118,0.725,0.09090909090909091,main_eval,,0.1,0.9,1,0
near_missing_tail,iro,2,,0.2,1800,0.7337,0.6291057169437408,0.225,0.09090909090909091,main_eval,,0.1,0.9,0,0
near_missing_tail,iro,2,,0.3,0,0.6961,0.6288547515869141,0.0,0.09090909090909091,main_eval,,0.1,0.9,0,0
near_missing_tail,iro,2,,0.4,0,0.6562,0.6473335027694702,0.0,0.09090909090909091,main_eval,,0.1,0.9,0,0
near_missing_tail,iro,2,,0.5,350,0.634,0.6588395535945892,0.04375,0.09090909090909091,main_eval,,0.1,0.9,0,0
near_missing_tail,iro,2,,0.6,0,0.5918,0.6763097941875458,0.0,0.09090909090909091,main_eval,,0.1,0.9,0,0
near_missing_tail,iro,2,,0.7,0,0.5538,0.69553342461586,0.0,0.09090909090909091,main_eval,,0.1,0.9,0,0
near_missing_tail,iro,2,,0.8,0,0.5267,0.7077001333236694,0.0,0.09090909090909091,main_eval,,0.1,0.9,0,0
near_missing_tail,iro,2,,0.9,50,0.4949,0.7230913639068604,0.00625,0.09090909090909091,main_eval,,0.1,0.9,0,1
near_missing_tail,iro,2,,1.0,0,0.4601,0.7412145733833313,0.0,0.09090909090909091,main_eval,,0.1,0.9,0,0
missing_tail,groupdro,0,,0.0,0,0.8964,0.24423860013484955,0.0,0.09090909090909091,main_eval,,0.1,0.9,0,0
missing_tail,groupdro,0,,0.1,6000,0.8467,0.42195194959640503,0.75,0.09090909090909091,main_eval,,0.1,0.9,1,0
missing_tail,groupdro,0,,0.2,1500,0.7735,0.6867135763168335,0.1875,0.09090909090909091,main_eval,,0.1,0.9,0,0
missing_tail,groupdro,0,,0.3,0,0.7056,0.8947208821773529,0.0,0.09090909090909091,main_eval,,0.1,0.9,0,0
missing_tail,groupdro,0,,0.4,0,0.6313,1.1581624746322632,0.0,0.09090909090909091,main_eval,,0.1,0.9,0,0
missing_tail,groupdro,0,,0.5,500,0.572,1.357281506061554,0.0625,0.09090909090909091,main_eval,,0.1,0.9,0,0
missing_tail,groupdro,0,,0.6,0,0.5094,1.568593144416809,0.0,0.09090909090909091,main_eval,,0.1,0.9,0,0
missing_tail,groupdro,0,,0.7,0,0.4414,1.7894297242164612,0.0,0.09090909090909091,main_eval,,0.1,0.9,0,0
missing_tail,groupdro,0,,0.8,0,0.3844,1.9906906485557556,0.0,0.09090909090909091,main_eval,,0.1,0.9,0,0
missing_tail,groupdro,0,,0.9,0,0.322,2.230866551399231,0.0,0.09090909090909091,main_eval,,0.1,0.9,0,1
missing_tail,groupdro,0,,1.0,0,0.2511,2.4322160482406616,0.0,0.09090909090909091,main_eval,,0.1,0.9,0,0
balanced_visible,irm,1,,0.0,0,0.7144,0.7478265762329102,0.0,0.09090909090909091,main_eval,,0.1,0.9,0,0
balanced_visible,irm,1,,0.1,2000,0.7113,0.7699010074138641,0.25,0.09090909090909091,main_eval,,0.1,0.9,1,0
balanced_visible,irm,1,,0.2,2000,0.6916,0.8292151093482971,0.25,0.09090909090909091,main_eval,,0.1,0.9,0,0
balanced_visible,irm,1,,0.3,0,0.6782,0.8771707713603973,0.0,0.09090909090909091,main_eval,,0.1,0.9,0,0
balanced_visible,irm,1,,0.4,0,0.6691,0.9180245101451874,0.0,0.09090909090909091,main_eval,,0.1,0.9,0,0
balanced_visible,irm,1,,0.5,2000,0.6628,0.9413705766201019,0.25,0.09090909090909091,main_eval,,0.1,0.9,0,0
balanced_visible,irm,1,,0.6,0,0.654,0.9802142083644867,0.0,0.09090909090909091,main_eval,,0.1,0.9,0,0
balanced_visible,irm,1,,0.7,0,0.6413,1.0252971649169922,0.0,0.09090909090909091,main_eval,,0.1,0.9,0,0
balanced_visible,irm,1,,0.8,0,0.6298,1.0710080862045288,0.0,0.09090909090909091,main_eval,,0.1,0.9,0,0
balanced_visible,irm,1,,0.9,2000,0.6221,1.0973581075668335,0.25,0.09090909090909091,main_eval,,0.1,0.9,0,1
balanced_visible,irm,1,,1.0,0,0.6099,1.1378836035728455,0.0,0.09090909090909091,main_eval,,0.1,0.9,0,0
long_tail_visible,inftask,4,,0.0,0,0.7973,0.563154548406601,0.0,0.09090909090909091,main_eval,,0.1,0.9,0,0
long_tail_visible,inftask,4,,0.1,5000,0.7675,0.5813747346401215,0.625,0.09090909090909091,main_eval,,0.1,0.9,1,0
long_tail_visible,inftask,4,,0.2,2000,0.7385,0.5966997444629669,0.25,0.09090909090909091,main_eval,,0.1,0.9,0,0
long_tail_visible,inftask,4,,0.3,0,0.6971,0.5969015955924988,0.0,0.09090909090909091,main_eval,,0.1,0.9,0,0
long_tail_visible,inftask,4,,0.4,0,0.6755,0.6217246055603027,0.0,0.09090909090909091,main_eval,,0.1,0.9,0,0
long_tail_visible,inftask,4,,0.5,800,0.656,0.6375076174736023,0.1,0.09090909090909091,main_eval,,0.1,0.9,0,0
long_tail_visible,inftask,4,,0.6,0,0.6227,0.6675241589546204,0.0,0.09090909090909091,main_eval,,0.1,0.9,0,0
long_tail_visible,inftask,4,,0.7,0,0.603,0.6897962987422943,0.0,0.09090909090909091,main_eval,,0.1,0.9,0,0
long_tail_visible,inftask,4,,0.8,0,0.5888,0.7041076123714447,0.0,0.09090909090909091,main_eval,,0.1,0.9,0,0
long_tail_visible,inftask,4,,0.9,200,0.5552,0.736309140920639,0.025,0.09090909090909091,main_eval,,0.1,0.9,0,1
long_tail_visible,inftask,4,,1.0,0,0.5337,0.755356103181839,0.0,0.09090909090909091,main_eval,,0.1,0.9,0,0
balanced_visible,irm,3,,0.0,0,0.6914,0.8627187311649323,0.0,0.09090909090909091,main_eval,,0.1,0.9,0,0
balanced_visible,irm,3,,0.1,2000,0.6833,0.900543600320816,0.25,0.09090909090909091,main_eval,,0.1,0.9,1,0
balanced_visible,irm,3,,0.2,2000,0.6844,0.8853890895843506,0.25,0.09090909090909091,main_eval,,0.1,0.9,0,0
balanced_visible,irm,3,,0.3,0,0.6819,0.8960072994232178,0.0,0.09090909090909091,main_eval,,0.1,0.9,0,0
balanced_visible,irm,3,,0.4,0,0.6781,0.922629177570343,0.0,0.09090909090909091,main_eval,,0.1,0.9,0,0
balanced_visible,irm,3,,0.5,2000,0.6646,0.9424572288990021,0.25,0.09090909090909091,main_eval,,0.1,0.9,0,0
balanced_visible,irm,3,,0.6,0,0.6595,0.9560230672359467,0.0,0.09090909090909091,main_eval,,0.1,0.9,0,0
balanced_visible,irm,3,,0.7,0,0.6562,0.9891136884689331,0.0,0.09090909090909091,main_eval,,0.1,0.9,0,0
balanced_visible,irm,3,,0.8,0,0.6509,0.9909860193729401,0.0,0.09090909090909091,main_eval,,0.1,0.9,0,0
balanced_visible,irm,3,,0.9,2000,0.6596,0.9883552491664886,0.25,0.09090909090909091,main_eval,,0.1,0.9,0,1
balanced_visible,irm,3,,1.0,0,0.6509,1.007854849100113,0.0,0.09090909090909091,main_eval,,0.1,0.9,0,0
balanced_visible,inftask,3,,0.0,0,0.6613,0.6482351720333099,0.0,0.09090909090909091,main_eval,,0.1,0.9,0,0
balanced_visible,inftask,3,,0.1,2000,0.6558,0.6508258283138275,0.25,0.09090909090909091,main_eval,,0.1,0.9,1,0
balanced_visible,inftask,3,,0.2,2000,0.6582,0.6484900414943695,0.25,0.09090909090909091,main_eval,,0.1,0.9,0,0
balanced_visible,inftask,3,,0.3,0,0.6549,0.638093888759613,0.0,0.09090909090909091,main_eval,,0.1,0.9,0,0
balanced_visible,inftask,3,,0.4,0,0.6586,0.6352688372135162,0.0,0.09090909090909091,main_eval,,0.1,0.9,0,0
balanced_visible,inftask,3,,0.5,2000,0.6611,0.6348215937614441,0.25,0.09090909090909091,main_eval,,0.1,0.9,0,0
balanced_visible,inftask,3,,0.6,0,0.6573,0.6380564570426941,0.0,0.09090909090909091,main_eval,,0.1,0.9,0,0
balanced_visible,inftask,3,,0.7,0,0.6623,0.6336891055107117,0.0,0.09090909090909091,main_eval,,0.1,0.9,0,0
balanced_visible,inftask,3,,0.8,0,0.6522,0.6417356729507446,0.0,0.09090909090909091,main_eval,,0.1,0.9,0,0
balanced_visible,inftask,3,,0.9,2000,0.6616,0.6346372961997986,0.25,0.09090909090909091,main_eval,,0.1,0.9,0,1
balanced_visible,inftask,3,,1.0,0,0.6619,0.6342110335826874,0.0,0.09090909090909091,main_eval,,0.1,0.9,0,0
missing_tail,groupdro,3,,0.0,0,0.9091,0.2009790763258934,0.0,0.09090909090909091,main_eval,,0.1,0.9,0,0
missing_tail,groupdro,3,,0.1,6000,0.8447,0.4626176953315735,0.75,0.09090909090909091,main_eval,,0.1,0.9,1,0
missing_tail,groupdro,3,,0.2,1500,0.7716,0.7236596345901489,0.1875,0.09090909090909091,main_eval,,0.1,0.9,0,0
missing_tail,groupdro,3,,0.3,0,0.7059,0.9838359653949738,0.0,0.09090909090909091,main_eval,,0.1,0.9,0,0
missing_tail,groupdro,3,,0.4,0,0.6352,1.2736870646476746,0.0,0.09090909090909091,main_eval,,0.1,0.9,0,0
missing_tail,groupdro,3,,0.5,500,0.5697,1.4984126091003418,0.0625,0.09090909090909091,main_eval,,0.1,0.9,0,0
missing_tail,groupdro,3,,0.6,0,0.5098,1.7426748275756836,0.0,0.09090909090909091,main_eval,,0.1,0.9,0,0
missing_tail,groupdro,3,,0.7,0,0.4395,2.019119620323181,0.0,0.09090909090909091,main_eval,,0.1,0.9,0,0
missing_tail,groupdro,3,,0.8,0,0.365,2.3009607791900635,0.0,0.09090909090909091,main_eval,,0.1,0.9,0,0
missing_tail,groupdro,3,,0.9,0,0.3032,2.5381414890289307,0.0,0.09090909090909091,main_eval,,0.1,0.9,0,1
missing_tail,groupdro,3,,1.0,0,0.2302,2.836549997329712,0.0,0.09090909090909091,main_eval,,0.1,0.9,0,0
near_missing_tail,irm,3,,0.0,0,0.8351,0.40693339705467224,0.0,0.09090909090909091,main_eval,,0.1,0.9,0,0
near_missing_tail,irm,3,,0.1,5800,0.7803,0.5667800903320312,0.725,0.09090909090909091,main_eval,,0.1,0.9,1,0
near_missing_tail,irm,3,,0.2,1800,0.7381,0.7112389504909515,0.225,0.09090909090909091,main_eval,,0.1,0.9,0,0
near_missing_tail,irm,3,,0.3,0,0.7037,0.8355723917484283,0.0,0.09090909090909091,main_eval,,0.1,0.9,0,0
near_missing_tail,irm,3,,0.4,0,0.6542,0.9779463708400726,0.0,0.09090909090909091,main_eval,,0.1,0.9,0,0
near_missing_tail,irm,3,,0.5,350,0.612,1.1202872395515442,0.04375,0.09090909090909091,main_eval,,0.1,0.9,0,0
near_missing_tail,irm,3,,0.6,0,0.5722,1.2551928162574768,0.0,0.09090909090909091,main_eval,,0.1,0.9,0,0
near_missing_tail,irm,3,,0.7,0,0.525,1.4095396399497986,0.0,0.09090909090909091,main_eval,,0.1,0.9,0,0
near_missing_tail,irm,3,,0.8,0,0.4823,1.5467981100082397,0.0,0.09090909090909091,main_eval,,0.1,0.9,0,0
near_missing_tail,irm,3,,0.9,50,0.4464,1.6755056381225586,0.00625,0.09090909090909091,main_eval,,0.1,0.9,0,1
near_missing_tail,irm,3,,1.0,0,0.3963,1.8410913348197937,0.0,0.09090909090909091,main_eval,,0.1,0.9,0,0
long_tail_visible,inftask,1,,0.0,0,0.7736,0.6011127531528473,0.0,0.09090909090909091,main_eval,,0.1,0.9,0,0
long_tail_visible,inftask,1,,0.1,5000,0.7512,0.6104592680931091,0.625,0.09090909090909091,main_eval,,0.1,0.9,1,0
long_tail_visible,inftask,1,,0.2,2000,0.7178,0.6237324476242065,0.25,0.09090909090909091,main_eval,,0.1,0.9,0,0
long_tail_visible,inftask,1,,0.3,0,0.6971,0.5969580709934235,0.0,0.09090909090909091,main_eval,,0.1,0.9,0,0
long_tail_visible,inftask,1,,0.4,0,0.6745,0.6220071911811829,0.0,0.09090909090909091,main_eval,,0.1,0.9,0,0
long_tail_visible,inftask,1,,0.5,800,0.6482,0.6390303373336792,0.1,0.09090909090909091,main_eval,,0.1,0.9,0,0
long_tail_visible,inftask,1,,0.6,0,0.62,0.6729885637760162,0.0,0.09090909090909091,main_eval,,0.1,0.9,0,0
long_tail_visible,inftask,1,,0.7,0,0.6024,0.686106264591217,0.0,0.09090909090909091,main_eval,,0.1,0.9,0,0
long_tail_visible,inftask,1,,0.8,0,0.5612,0.7208526730537415,0.0,0.09090909090909091,main_eval,,0.1,0.9,0,0
long_tail_visible,inftask,1,,0.9,200,0.5411,0.7420264184474945,0.025,0.09090909090909091,main_eval,,0.1,0.9,0,1
long_tail_visible,inftask,1,,1.0,0,0.5143,0.7688553035259247,0.0,0.09090909090909091,main_eval,,0.1,0.9,0,0
missing_tail,erm,2,,0.0,0,0.9354,0.16823936998844147,0.0,0.09090909090909091,main_eval,,0.1,0.9,0,0
missing_tail,erm,2,,0.1,6000,0.8605,0.5877788960933685,0.75,0.09090909090909091,main_eval,,0.1,0.9,1,0
missing_tail,erm,2,,0.2,1500,0.7756,1.032365620136261,0.1875,0.09090909090909091,main_eval,,0.1,0.9,0,0
missing_tail,erm,2,,0.3,0,0.7059,1.4341078996658325,0.0,0.09090909090909091,main_eval,,0.1,0.9,0,0
missing_tail,erm,2,,0.4,0,0.6342,1.7781001329421997,0.0,0.09090909090909091,main_eval,,0.1,0.9,0,0
missing_tail,erm,2,,0.5,500,0.5507,2.2596137523651123,0.0625,0.09090909090909091,main_eval,,0.1,0.9,0,0
missing_tail,erm,2,,0.6,0,0.4699,2.637648344039917,0.0,0.09090909090909091,main_eval,,0.1,0.9,0,0
missing_tail,erm,2,,0.7,0,0.3988,3.0335936546325684,0.0,0.09090909090909091,main_eval,,0.1,0.9,0,0
missing_tail,erm,2,,0.8,0,0.3121,3.5237514972686768,0.0,0.09090909090909091,main_eval,,0.1,0.9,0,0
missing_tail,erm,2,,0.9,0,0.2413,3.8848960399627686,0.0,0.09090909090909091,main_eval,,0.1,0.9,0,1
missing_tail,erm,2,,1.0,0,0.1661,4.311350107192993,0.0,0.09090909090909091,main_eval,,0.1,0.9,0,0
balanced_visible,inftask,1,,0.0,0,0.6969,0.6426661908626556,0.0,0.09090909090909091,main_eval,,0.1,0.9,0,0
balanced_visible,inftask,1,,0.1,2000,0.6946,0.6433336734771729,0.25,0.09090909090909091,main_eval,,0.1,0.9,1,0
balanced_visible,inftask,1,,0.2,2000,0.6849,0.6475408971309662,0.25,0.09090909090909091,main_eval,,0.1,0.9,0,0
balanced_visible,inftask,1,,0.3,0,0.6751,0.6282418668270111,0.0,0.09090909090909091,main_eval,,0.1,0.9,0,0
balanced_visible,inftask,1,,0.4,0,0.6709,0.628767728805542,0.0,0.09090909090909091,main_eval,,0.1,0.9,0,0
balanced_visible,inftask,1,,0.5,2000,0.6811,0.6223115026950836,0.25,0.09090909090909091,main_eval,,0.1,0.9,0,0
balanced_visible,inftask,1,,0.6,0,0.668,0.6303261816501617,0.0,0.09090909090909091,main_eval,,0.1,0.9,0,0
balanced_visible,inftask,1,,0.7,0,0.6756,0.6231972575187683,0.0,0.09090909090909091,main_eval,,0.1,0.9,0,0
balanced_visible,inftask,1,,0.8,0,0.6648,0.63239786028862,0.0,0.09090909090909091,main_eval,,0.1,0.9,0,0
balanced_visible,inftask,1,,0.9,2000,0.6687,0.6278403997421265,0.25,0.09090909090909091,main_eval,,0.1,0.9,0,1
balanced_visible,inftask,1,,1.0,0,0.6608,0.6325536966323853,0.0,0.09090909090909091,main_eval,,0.1,0.9,0,0
near_missing_tail,groupdro,1,,0.0,0,0.8866,0.2694023847579956,0.0,0.09090909090909091,main_eval,,0.1,0.9,0,0
near_missing_tail,groupdro,1,,0.1,5800,0.8334,0.4469286799430847,0.725,0.09090909090909091,main_eval,,0.1,0.9,1,0
near_missing_tail,groupdro,1,,0.2,1800,0.7705,0.644999772310257,0.225,0.09090909090909091,main_eval,,0.1,0.9,0,0
near_missing_tail,groupdro,1,,0.3,0,0.7041,0.8503319323062897,0.0,0.09090909090909091,main_eval,,0.1,0.9,0,0
near_missing_tail,groupdro,1,,0.4,0,0.6508,1.0499898195266724,0.0,0.09090909090909091,main_eval,,0.1,0.9,0,0
near_missing_tail,groupdro,1,,0.5,350,0.5799,1.2419814467430115,0.04375,0.09090909090909091,main_eval,,0.1,0.9,0,0
near_missing_tail,groupdro,1,,0.6,0,0.5232,1.446189045906067,0.0,0.09090909090909091,main_eval,,0.1,0.9,0,0
near_missing_tail,groupdro,1,,0.7,0,0.468,1.613284409046173,0.0,0.09090909090909091,main_eval,,0.1,0.9,0,0
near_missing_tail,groupdro,1,,0.8,0,0.4045,1.8426607251167297,0.0,0.09090909090909091,main_eval,,0.1,0.9,0,0
near_missing_tail,groupdro,1,,0.9,50,0.3479,2.026891589164734,0.00625,0.09090909090909091,main_eval,,0.1,0.9,0,1
near_missing_tail,groupdro,1,,1.0,0,0.2887,2.1963504552841187,0.0,0.09090909090909091,main_eval,,0.1,0.9,0,0
missing_tail,inftask,3,,0.0,0,0.9403,0.4943569451570511,0.0,0.09090909090909091,main_eval,,0.1,0.9,0,0
missing_tail,inftask,3,,0.1,6000,0.857,0.5325346887111664,0.75,0.09090909090909091,main_eval,,0.1,0.9,1,0
missing_tail,inftask,3,,0.2,1500,0.7877,0.5677748918533325,0.1875,0.09090909090909091,main_eval,,0.1,0.9,0,0
missing_tail,inftask,3,,0.3,0,0.6827,0.6024832725524902,0.0,0.09090909090909091,main_eval,,0.1,0.9,0,0
missing_tail,inftask,3,,0.4,0,0.6301,0.6488296091556549,0.0,0.09090909090909091,main_eval,,0.1,0.9,0,0
missing_tail,inftask,3,,0.5,500,0.606,0.6764290630817413,0.0625,0.09090909090909091,main_eval,,0.1,0.9,0,0
missing_tail,inftask,3,,0.6,0,0.5617,0.7217389047145844,0.0,0.09090909090909091,main_eval,,0.1,0.9,0,0
missing_tail,inftask,3,,0.7,0,0.5236,0.7596948742866516,0.0,0.09090909090909091,main_eval,,0.1,0.9,0,0
missing_tail,inftask,3,,0.8,0,0.4787,0.804739773273468,0.0,0.09090909090909091,main_eval,,0.1,0.9,0,0
missing_tail,inftask,3,,0.9,0,0.4405,0.8439677953720093,0.0,0.09090909090909091,main_eval,,0.1,0.9,0,1
missing_tail,inftask,3,,1.0,0,0.4032,0.8803301155567169,0.0,0.09090909090909091,main_eval,,0.1,0.9,0,0
near_missing_tail,erm,2,,0.0,0,0.9411,0.1484188735485077,0.0,0.09090909090909091,main_eval,,0.1,0.9,0,0
near_missing_tail,erm,2,,0.1,5800,0.8626,0.5370863974094391,0.725,0.09090909090909091,main_eval,,0.1,0.9,1,0
near_missing_tail,erm,2,,0.2,1800,0.7827,0.9334901571273804,0.225,0.09090909090909091,main_eval,,0.1,0.9,0,0
near_missing_tail,erm,2,,0.3,0,0.709,1.266705572605133,0.0,0.09090909090909091,main_eval,,0.1,0.9,0,0
near_missing_tail,erm,2,,0.4,0,0.6282,1.6551964282989502,0.0,0.09090909090909091,main_eval,,0.1,0.9,0,0
near_missing_tail,erm,2,,0.5,350,0.545,2.058579206466675,0.04375,0.09090909090909091,main_eval,,0.1,0.9,0,0
near_missing_tail,erm,2,,0.6,0,0.4702,2.460310220718384,0.0,0.09090909090909091,main_eval,,0.1,0.9,0,0
near_missing_tail,erm,2,,0.7,0,0.3856,2.8368266820907593,0.0,0.09090909090909091,main_eval,,0.1,0.9,0,0
near_missing_tail,erm,2,,0.8,0,0.3165,3.193984866142273,0.0,0.09090909090909091,main_eval,,0.1,0.9,0,0
near_missing_tail,erm,2,,0.9,50,0.2257,3.6144790649414062,0.00625,0.09090909090909091,main_eval,,0.1,0.9,0,1
near_missing_tail,erm,2,,1.0,0,0.1486,4.037335634231567,0.0,0.09090909090909091,main_eval,,0.1,0.9,0,0
long_tail_visible,iro,4,,0.0,0,0.792,0.5510929822921753,0.0,0.09090909090909091,main_eval,,0.1,0.9,0,0
long_tail_visible,iro,4,,0.1,5000,0.7618,0.5692943930625916,0.625,0.09090909090909091,main_eval,,0.1,0.9,1,0
long_tail_visible,iro,4,,0.2,2000,0.7328,0.5875552892684937,0.25,0.09090909090909091,main_eval,,0.1,0.9,0,0
long_tail_visible,iro,4,,0.3,0,0.7027,0.5930021107196808,0.0,0.09090909090909091,main_eval,,0.1,0.9,0,0
long_tail_visible,iro,4,,0.4,0,0.6745,0.6197541058063507,0.0,0.09090909090909091,main_eval,,0.1,0.9,0,0
long_tail_visible,iro,4,,0.5,800,0.6582,0.6396048665046692,0.1,0.09090909090909091,main_eval,,0.1,0.9,0,0
long_tail_visible,iro,4,,0.6,0,0.6273,0.6731993854045868,0.0,0.09090909090909091,main_eval,,0.1,0.9,0,0
long_tail_visible,iro,4,,0.7,0,0.6121,0.692178338766098,0.0,0.09090909090909091,main_eval,,0.1,0.9,0,0
long_tail_visible,iro,4,,0.8,0,0.5893,0.7180711328983307,0.0,0.09090909090909091,main_eval,,0.1,0.9,0,0
long_tail_visible,iro,4,,0.9,200,0.5538,0.7547801434993744,0.025,0.09090909090909091,main_eval,,0.1,0.9,0,1
long_tail_visible,iro,4,,1.0,0,0.5384,0.7731728255748749,0.0,0.09090909090909091,main_eval,,0.1,0.9,0,0
near_missing_tail,inftask,3,,0.0,0,0.7529,0.6415976881980896,0.0,0.09090909090909091,main_eval,,0.1,0.9,0,0
near_missing_tail,inftask,3,,0.1,5800,0.7102,0.6507729589939117,0.725,0.09090909090909091,main_eval,,0.1,0.9,1,0
near_missing_tail,inftask,3,,0.2,1800,0.6719,0.6581591069698334,0.225,0.09090909090909091,main_eval,,0.1,0.9,0,0
near_missing_tail,inftask,3,,0.3,0,0.6127,0.6673507392406464,0.0,0.09090909090909091,main_eval,,0.1,0.9,0,0
near_missing_tail,inftask,3,,0.4,0,0.5916,0.6726844310760498,0.0,0.09090909090909091,main_eval,,0.1,0.9,0,0
near_missing_tail,inftask,3,,0.5,350,0.5707,0.6783797740936279,0.04375,0.09090909090909091,main_eval,,0.1,0.9,0,0
near_missing_tail,inftask,3,,0.6,0,0.5549,0.6834388077259064,0.0,0.09090909090909091,main_eval,,0.1,0.9,0,0
near_missing_tail,inftask,3,,0.7,0,0.5278,0.6898667216300964,0.0,0.09090909090909091,main_eval,,0.1,0.9,0,0
near_missing_tail,inftask,3,,0.8,0,0.5048,0.6953775882720947,0.0,0.09090909090909091,main_eval,,0.1,0.9,0,0
near_missing_tail,inftask,3,,0.9,50,0.4859,0.6997163891792297,0.00625,0.09090909090909091,main_eval,,0.1,0.9,0,1
near_missing_tail,inftask,3,,1.0,0,0.4702,0.7045917809009552,0.0,0.09090909090909091,main_eval,,0.1,0.9,0,0
long_tail_visible,iro,0,,0.0,0,0.7675,0.5910243690013885,0.0,0.09090909090909091,main_eval,,0.1,0.9,0,0
long_tail_visible,iro,0,,0.1,5000,0.7379,0.6034607887268066,0.625,0.09090909090909091,main_eval,,0.1,0.9,1,0
long_tail_visible,iro,0,,0.2,2000,0.7085,0.61567422747612,0.25,0.09090909090909091,main_eval,,0.1,0.9,0,0
long_tail_visible,iro,0,,0.3,0,0.6929,0.5994638204574585,0.0,0.09090909090909091,main_eval,,0.1,0.9,0,0
long_tail_visible,iro,0,,0.4,0,0.678,0.6155485510826111,0.0,0.09090909090909091,main_eval,,0.1,0.9,0,0
long_tail_visible,iro,0,,0.5,800,0.6552,0.6382158100605011,0.1,0.09090909090909091,main_eval,,0.1,0.9,0,0
long_tail_visible,iro,0,,0.6,0,0.6373,0.6548688113689423,0.0,0.09090909090909091,main_eval,,0.1,0.9,0,0
long_tail_visible,iro,0,,0.7,0,0.6076,0.6813951134681702,0.0,0.09090909090909091,main_eval,,0.1,0.9,0,0
long_tail_visible,iro,0,,0.8,0,0.5885,0.7037277519702911,0.0,0.09090909090909091,main_eval,,0.1,0.9,0,0
long_tail_visible,iro,0,,0.9,200,0.5661,0.7237861454486847,0.025,0.09090909090909091,main_eval,,0.1,0.9,0,1
long_tail_visible,iro,0,,1.0,0,0.5435,0.7447892427444458,0.0,0.09090909090909091,main_eval,,0.1,0.9,0,0
near_missing_tail,inftask,0,,0.0,0,0.8704,0.5423411726951599,0.0,0.09090909090909091,main_eval,,0.1,0.9,0,0
near_missing_tail,inftask,0,,0.1,5800,0.817,0.5659470856189728,0.725,0.09090909090909091,main_eval,,0.1,0.9,1,0
near_missing_tail,inftask,0,,0.2,1800,0.7631,0.5867153704166412,0.225,0.09090909090909091,main_eval,,0.1,0.9,0,0
near_missing_tail,inftask,0,,0.3,0,0.7068,0.587088942527771,0.0,0.09090909090909091,main_eval,,0.1,0.9,0,0
near_missing_tail,inftask,0,,0.4,0,0.6643,0.6198424696922302,0.0,0.09090909090909091,main_eval,,0.1,0.9,0,0
near_missing_tail,inftask,0,,0.5,350,0.619,0.6616064310073853,0.04375,0.09090909090909091,main_eval,,0.1,0.9,0,0
near_missing_tail,inftask,0,,0.6,0,0.5771,0.6940567493438721,0.0,0.09090909090909091,main_eval,,0.1,0.9,0,0
near_missing_tail,inftask,0,,0.7,0,0.5226,0.7405405640602112,0.0,0.09090909090909091,main_eval,,0.1,0.9,0,0
near_missing_tail,inftask,0,,0.8,0,0.4868,0.775890976190567,0.0,0.09090909090909091,main_eval,,0.1,0.9,0,0
near_missing_tail,inftask,0,,0.9,50,0.4395,0.809872567653656,0.00625,0.09090909090909091,main_eval,,0.1,0.9,0,1
near_missing_tail,inftask,0,,1.0,0,0.3965,0.8533967733383179,0.0,0.09090909090909091,main_eval,,0.1,0.9,0,0
missing_tail,groupdro,4,,0.0,0,0.9068,0.21234935522079468,0.0,0.09090909090909091,main_eval,,0.1,0.9,0,0
missing_tail,groupdro,4,,0.1,6000,0.8318,0.45097896456718445,0.75,0.09090909090909091,main_eval,,0.1,0.9,1,0
missing_tail,groupdro,4,,0.2,1500,0.7772,0.6769996583461761,0.1875,0.09090909090909091,main_eval,,0.1,0.9,0,0
missing_tail,groupdro,4,,0.3,0,0.7057,0.9028783440589905,0.0,0.09090909090909091,main_eval,,0.1,0.9,0,0
missing_tail,groupdro,4,,0.4,0,0.638,1.1249485611915588,0.0,0.09090909090909091,main_eval,,0.1,0.9,0,0
missing_tail,groupdro,4,,0.5,500,0.575,1.334276556968689,0.0625,0.09090909090909091,main_eval,,0.1,0.9,0,0
missing_tail,groupdro,4,,0.6,0,0.5011,1.5944041013717651,0.0,0.09090909090909091,main_eval,,0.1,0.9,0,0
missing_tail,groupdro,4,,0.7,0,0.4337,1.8241136074066162,0.0,0.09090909090909091,main_eval,,0.1,0.9,0,0
missing_tail,groupdro,4,,0.8,0,0.3764,2.0022664070129395,0.0,0.09090909090909091,main_eval,,0.1,0.9,0,0
missing_tail,groupdro,4,,0.9,0,0.2994,2.2795287370681763,0.0,0.09090909090909091,main_eval,,0.1,0.9,0,1
missing_tail,groupdro,4,,1.0,0,0.2422,2.460751533508301,0.0,0.09090909090909091,main_eval,,0.1,0.9,0,0
missing_tail,irm,0,,0.0,0,0.8325,0.39623168110847473,0.0,0.09090909090909091,main_eval,,0.1,0.9,0,0
missing_tail,irm,0,,0.1,6000,0.8002,0.49124759435653687,0.75,0.09090909090909091,main_eval,,0.1,0.9,1,0
missing_tail,irm,0,,0.2,1500,0.7478,0.6666575372219086,0.1875,0.09090909090909091,main_eval,,0.1,0.9,0,0
missing_tail,irm,0,,0.3,0,0.7049,0.798991858959198,0.0,0.09090909090909091,main_eval,,0.1,0.9,0,0
missing_tail,irm,0,,0.4,0,0.6527,0.9730784893035889,0.0,0.09090909090909091,main_eval,,0.1,0.9,0,0
missing_tail,irm,0,,0.5,500,0.6115,1.0955929160118103,0.0625,0.09090909090909091,main_eval,,0.1,0.9,0,0
missing_tail,irm,0,,0.6,0,0.5688,1.22806054353714,0.0,0.09090909090909091,main_eval,,0.1,0.9,0,0
missing_tail,irm,0,,0.7,0,0.5256,1.3602688312530518,0.0,0.09090909090909091,main_eval,,0.1,0.9,0,0
missing_tail,irm,0,,0.8,0,0.4896,1.47392338514328,0.0,0.09090909090909091,main_eval,,0.1,0.9,0,0
missing_tail,irm,0,,0.9,0,0.4473,1.6280166506767273,0.0,0.09090909090909091,main_eval,,0.1,0.9,0,1
missing_tail,irm,0,,1.0,0,0.3982,1.7481347918510437,0.0,0.09090909090909091,main_eval,,0.1,0.9,0,0
long_tail_visible,irm,2,,0.0,0,0.782,0.5112473219633102,0.0,0.09090909090909091,main_eval,,0.1,0.9,0,0
long_tail_visible,irm,2,,0.1,5000,0.7583,0.586931437253952,0.625,0.09090909090909091,main_eval,,0.1,0.9,1,0
long_tail_visible,irm,2,,0.2,2000,0.7283,0.6808250546455383,0.25,0.09090909090909091,main_eval,,0.1,0.9,0,0
long_tail_visible,irm,2,,0.3,0,0.7002,0.77230504155159,0.0,0.09090909090909091,main_eval,,0.1,0.9,0,0
long_tail_visible,irm,2,,0.4,0,0.6678,0.8663429617881775,0.0,0.09090909090909091,main_eval,,0.1,0.9,0,0
long_tail_visible,irm,2,,0.5,800,0.637,0.9759984016418457,0.1,0.09090909090909091,main_eval,,0.1,0.9,0,0
long_tail_visible,irm,2,,0.6,0,0.6113,1.0658668875694275,0.0,0.09090909090909091,main_eval,,0.1,0.9,0,0
long_tail_visible,irm,2,,0.7,0,0.5851,1.1424670219421387,0.0,0.09090909090909091,main_eval,,0.1,0.9,0,0
long_tail_visible,irm,2,,0.8,0,0.5515,1.2475395798683167,0.0,0.09090909090909091,main_eval,,0.1,0.9,0,0
long_tail_visible,irm,2,,0.9,200,0.5183,1.354232907295227,0.025,0.09090909090909091,main_eval,,0.1,0.9,0,1
long_tail_visible,irm,2,,1.0,0,0.486,1.4752300381660461,0.0,0.09090909090909091,main_eval,,0.1,0.9,0,0
balanced_visible,groupdro,0,,0.0,0,0.6942,0.8964853286743164,0.0,0.09090909090909091,main_eval,,0.1,0.9,0,0
balanced_visible,groupdro,0,,0.1,2000,0.6828,0.9244171380996704,0.25,0.09090909090909091,main_eval,,0.1,0.9,1,0
balanced_visible,groupdro,0,,0.2,2000,0.67,0.9872844219207764,0.25,0.09090909090909091,main_eval,,0.1,0.9,0,0
balanced_visible,groupdro,0,,0.3,0,0.6631,1.0002171993255615,0.0,0.09090909090909091,main_eval,,0.1,0.9,0,0
balanced_visible,groupdro,0,,0.4,0,0.6559,1.039746105670929,0.0,0.09090909090909091,main_eval,,0.1,0.9,0,0
balanced_visible,groupdro,0,,0.5,2000,0.6493,1.0427005290985107,0.25,0.09090909090909091,main_eval,,0.1,0.9,0,0
balanced_visible,groupdro,0,,0.6,0,0.6387,1.0908132195472717,0.0,0.09090909090909091,main_eval,,0.1,0.9,0,0
balanced_visible,groupdro,0,,0.7,0,0.6392,1.1022337079048157,0.0,0.09090909090909091,main_eval,,0.1,0.9,0,0
balanced_visible,groupdro,0,,0.8,0,0.6367,1.0911309123039246,0.0,0.09090909090909091,main_eval,,0.1,0.9,0,0
balanced_visible,groupdro,0,,0.9,2000,0.6177,1.1586195230484009,0.25,0.09090909090909091,main_eval,,0.1,0.9,0,1
balanced_visible,groupdro,0,,1.0,0,0.616,1.1835915446281433,0.0,0.09090909090909091,main_eval,,0.1,0.9,0,0
near_missing_tail,erm,3,,0.0,0,0.9367,0.16937818378210068,0.0,0.09090909090909091,main_eval,,0.1,0.9,0,0
near_missing_tail,erm,3,,0.1,5800,0.8553,0.5830956995487213,0.725,0.09090909090909091,main_eval,,0.1,0.9,1,0
near_missing_tail,erm,3,,0.2,1800,0.7787,1.0133123993873596,0.225,0.09090909090909091,main_eval,,0.1,0.9,0,0
near_missing_tail,erm,3,,0.3,0,0.7036,1.4097694754600525,0.0,0.09090909090909091,main_eval,,0.1,0.9,0,0
near_missing_tail,erm,3,,0.4,0,0.627,1.8209092617034912,0.0,0.09090909090909091,main_eval,,0.1,0.9,0,0
near_missing_tail,erm,3,,0.5,350,0.5515,2.215384840965271,0.04375,0.09090909090909091,main_eval,,0.1,0.9,0,0
near_missing_tail,erm,3,,0.6,0,0.4762,2.5909440517425537,0.0,0.09090909090909091,main_eval,,0.1,0.9,0,0
near_missing_tail,erm,3,,0.7,0,0.3931,3.0483968257904053,0.0,0.09090909090909091,main_eval,,0.1,0.9,0,0
near_missing_tail,erm,3,,0.8,0,0.319,3.423797130584717,0.0,0.09090909090909091,main_eval,,0.1,0.9,0,0
near_missing_tail,erm,3,,0.9,50,0.2386,3.822311282157898,0.00625,0.09090909090909091,main_eval,,0.1,0.9,0,1
near_missing_tail,erm,3,,1.0,0,0.161,4.271209001541138,0.0,0.09090909090909091,main_eval,,0.1,0.9,0,0
missing_tail,irm,4,,0.0,0,0.8332,0.37675540149211884,0.0,0.09090909090909091,main_eval,,0.1,0.9,0,0
missing_tail,irm,4,,0.1,6000,0.7859,0.5205472111701965,0.75,0.09090909090909091,main_eval,,0.1,0.9,1,0
missing_tail,irm,4,,0.2,1500,0.7497,0.6552025973796844,0.1875,0.09090909090909091,main_eval,,0.1,0.9,0,0
missing_tail,irm,4,,0.3,0,0.7022,0.7766316533088684,0.0,0.09090909090909091,main_eval,,0.1,0.9,0,0
missing_tail,irm,4,,0.4,0,0.6627,0.9151029884815216,0.0,0.09090909090909091,main_eval,,0.1,0.9,0,0
missing_tail,irm,4,,0.5,500,0.6194,1.028765618801117,0.0625,0.09090909090909091,main_eval,,0.1,0.9,0,0
missing_tail,irm,4,,0.6,0,0.5752,1.181293547153473,0.0,0.09090909090909091,main_eval,,0.1,0.9,0,0
missing_tail,irm,4,,0.7,0,0.5319,1.3155373930931091,0.0,0.09090909090909091,main_eval,,0.1,0.9,0,0
missing_tail,irm,4,,0.8,0,0.4996,1.409997045993805,0.0,0.09090909090909091,main_eval,,0.1,0.9,0,0
missing_tail,irm,4,,0.9,0,0.4457,1.5858522057533264,0.0,0.09090909090909091,main_eval,,0.1,0.9,0,1
missing_tail,irm,4,,1.0,0,0.4139,1.6825557947158813,0.0,0.09090909090909091,main_eval,,0.1,0.9,0,0
