Args:
	algorithm: erm
	alpha: 0.4
	batch_size: 25000
	data_dir: C:\Users\320257223\PycharmProjects\domain_gen_IL\data
	deterministic: False
	dropout_p: 0.2
	erm_pretrain_iters: 0
	eval_freq: 50
	exp_name: domain_stress
	full_resolution: False
	groupdro_eta: 1.0
	loss_fn: nll
	lr: 0.0001
	lr_cos_sched: False
	lr_factor_reduction: 1
	mlp_hidden_dim: 390
	n_workers: 0
	network: FiLMedMLP
	other_arg: default
	output_dir: C:\Users\320257223\PycharmProjects\domain_gen_IL\results\cmnist_exp
	penalty_weight: 1000
	save_ckpts: False
	seed: 0
	steps: 600
	test_env_ms: 0.9
	test_envs: 0.1,0.5,0.9
	train_env_ps: (0.1, 0.2)
	train_env_size_mode: random
	train_env_sizes: 
	train_env_sizes_parsed: None
	train_envs: 0.1,0.2
	weight_decay: 0
Train environment sample counts: [25000, 25000]
0.1_acc       0.1_loss      0.5_acc       0.5_loss      0.9_acc       0.9_loss      avg_step_tim  epoch         loss          mem_gb        step         
0.9040000000  0.3231651783  0.4973000000  1.0796812773  0.1019000000  1.8128294945  0.3937438393  50.000000000  0.4323857725  0.7063870430  50           
0.1_acc       0.1_loss      0.5_acc       0.5_loss      0.9_acc       0.9_loss      avg_step_tim  epoch         loss          mem_gb        step         
0.9033000000  0.3098385036  0.4986000000  0.9708587527  0.1037000000  1.6052347422  0.1981292725  100.00000000  0.4080285132  0.7063870430  100          
0.1_acc       0.1_loss      0.5_acc       0.5_loss      0.9_acc       0.9_loss      avg_step_tim  epoch         loss          mem_gb        step         
0.9036000000  0.2993256152  0.4986000000  0.9447460771  0.1051000000  1.5540872812  0.1320809905  150.00000000  0.3948482573  0.7063870430  150          
0.1_acc       0.1_loss      0.5_acc       0.5_loss      0.9_acc       0.9_loss      avg_step_tim  epoch         loss          mem_gb        step         
0.9033000000  0.2930200994  0.4998000000  0.9278200865  0.1091000000  1.5220705271  0.1098564851  200.00000000  0.3841640949  0.7063870430  200          
0.1_acc       0.1_loss      0.5_acc       0.5_loss      0.9_acc       0.9_loss      avg_step_tim  epoch         loss          mem_gb        step         
0.9016000000  0.2885343134  0.5031000000  0.9203947186  0.1143000000  1.5087809563  0.0836810207  250.00000000  0.3740912080  0.7063870430  250          
0.1_acc       0.1_loss      0.5_acc       0.5_loss      0.9_acc       0.9_loss      avg_step_tim  epoch         loss          mem_gb        step         
0.9002000000  0.2859872580  0.5056000000  0.9209148884  0.1218000000  1.5095742941  0.0694573331  300.00000000  0.3664970100  0.7063870430  300          
0.1_acc       0.1_loss      0.5_acc       0.5_loss      0.9_acc       0.9_loss      avg_step_tim  epoch         loss          mem_gb        step         
0.8988000000  0.2854275703  0.5107000000  0.9231610298  0.1322000000  1.5127930641  0.0629899931  350.00000000  0.3570949435  0.7063870430  350          
0.1_acc       0.1_loss      0.5_acc       0.5_loss      0.9_acc       0.9_loss      avg_step_tim  epoch         loss          mem_gb        step         
0.8961000000  0.2849940062  0.5154000000  0.9358547330  0.1408000000  1.5370268822  0.0497012448  400.00000000  0.3490510881  0.7063870430  400          
0.1_acc       0.1_loss      0.5_acc       0.5_loss      0.9_acc       0.9_loss      avg_step_tim  epoch         loss          mem_gb        step         
0.8934000000  0.2858514190  0.5194000000  0.9486708641  0.1535000000  1.5602869987  0.0446302197  450.00000000  0.3394851387  0.7063870430  450          
0.1_acc       0.1_loss      0.5_acc       0.5_loss      0.9_acc       0.9_loss      avg_step_tim  epoch         loss          mem_gb        step         
0.8918000000  0.2879519761  0.5243000000  0.9664269090  0.1675000000  1.5928171873  0.0395829554  500.00000000  0.3289189637  0.7063870430  500          
0.1_acc       0.1_loss      0.5_acc       0.5_loss      0.9_acc       0.9_loss      avg_step_tim  epoch         loss          mem_gb        step         
0.8901000000  0.2910704017  0.5275000000  0.9827827811  0.1781000000  1.6208783388  0.0361046995  550.00000000  0.3195066750  0.7063870430  550          
0.1_acc       0.1_loss      0.5_acc       0.5_loss      0.9_acc       0.9_loss      avg_step_tim  epoch         loss          mem_gb        step         
0.8873000000  0.2945474982  0.5291000000  1.0068972111  0.1851000000  1.6663403511  0.0330505808  600.00000000  0.3073137701  0.7063870430  600          
[0.99, 1.08, 1.16, 1.24, 1.33, 1.41, 1.5, 1.58, 1.66, 1.74, 1.84]

final accuracies:
0.0    0.1    0.2    0.3    0.4    0.5    0.6    0.7    0.8    0.9    1.0   
0.965  0.875  0.790  0.708  0.624  0.534  0.450  0.364  0.278  0.192  0.105 
[0.99, 1.08, 1.16, 1.24, 1.33, 1.41, 1.5, 1.58, 1.66, 1.74, 1.84]

best accuracies:
0.0    0.1    0.2    0.3    0.4    0.5    0.6    0.7    0.8    0.9    1.0   
0.965  0.875  0.790  0.708  0.624  0.534  0.450  0.364  0.278  0.192  0.105 
Args:
	algorithm: irm
	alpha: 0.4
	batch_size: 25000
	data_dir: C:\Users\320257223\PycharmProjects\domain_gen_IL\data
	deterministic: False
	dropout_p: 0.2
	erm_pretrain_iters: 400
	eval_freq: 50
	exp_name: domain_stress
	full_resolution: False
	groupdro_eta: 1.0
	loss_fn: nll
	lr: 0.0001
	lr_cos_sched: True
	lr_factor_reduction: 1
	mlp_hidden_dim: 390
	n_workers: 0
	network: FiLMedMLP
	other_arg: default
	output_dir: C:\Users\320257223\PycharmProjects\domain_gen_IL\results\cmnist_exp
	penalty_weight: 1000.0
	save_ckpts: True
	seed: 0
	steps: 600
	test_env_ms: 0.9
	test_envs: 0.1,0.5,0.9
	train_env_ps: (0.1, 0.2)
	train_env_size_mode: random
	train_env_sizes: 
	train_env_sizes_parsed: None
	train_envs: 0.1,0.2
	weight_decay: 0
Train environment sample counts: [25000, 25000]
0.1_acc       0.1_loss      0.5_acc       0.5_loss      0.9_acc       0.9_loss      avg_step_tim  epoch         loss          mem_gb        step         
0.9040000000  0.3231651783  0.4973000000  1.0796812773  0.1019000000  1.8128294945  0.4089354277  50.000000000  0.4323857725  0.7063870430  50           
0.1_acc       0.1_loss      0.5_acc       0.5_loss      0.9_acc       0.9_loss      avg_step_tim  epoch         loss          mem_gb        step         
0.9033000000  0.3098385036  0.4986000000  0.9708587527  0.1037000000  1.6052347422  0.2010601234  100.00000000  0.4080285132  0.7063870430  100          
0.1_acc       0.1_loss      0.5_acc       0.5_loss      0.9_acc       0.9_loss      avg_step_tim  epoch         loss          mem_gb        step         
0.9036000000  0.2993256152  0.4986000000  0.9447460771  0.1051000000  1.5540872812  0.1334692764  150.00000000  0.3948482573  0.7063870430  150          
0.1_acc       0.1_loss      0.5_acc       0.5_loss      0.9_acc       0.9_loss      avg_step_tim  epoch         loss          mem_gb        step         
0.9033000000  0.2930200994  0.4998000000  0.9278200865  0.1091000000  1.5220705271  0.1011148536  200.00000000  0.3841640949  0.7063870430  200          
0.1_acc       0.1_loss      0.5_acc       0.5_loss      0.9_acc       0.9_loss      avg_step_tim  epoch         loss          mem_gb        step         
0.9016000000  0.2885343134  0.5031000000  0.9203947186  0.1143000000  1.5087809563  0.0802165775  250.00000000  0.3740912080  0.7063870430  250          
0.1_acc       0.1_loss      0.5_acc       0.5_loss      0.9_acc       0.9_loss      avg_step_tim  epoch         loss          mem_gb        step         
0.9002000000  0.2859872580  0.5056000000  0.9209148884  0.1218000000  1.5095742941  0.0670374489  300.00000000  0.3664970100  0.7063870430  300          
0.1_acc       0.1_loss      0.5_acc       0.5_loss      0.9_acc       0.9_loss      avg_step_tim  epoch         loss          mem_gb        step         
0.8988000000  0.2854275703  0.5107000000  0.9231610298  0.1322000000  1.5127930641  0.0565421377  350.00000000  0.3570949435  0.7063870430  350          
0.1_acc       0.1_loss      0.5_acc       0.5_loss      0.9_acc       0.9_loss      avg_step_tim  epoch         loss          mem_gb        step         
0.8961000000  0.2849940062  0.5154000000  0.9358547330  0.1408000000  1.5370268822  0.0500492406  400.00000000  0.3490510881  0.7063870430  400          
Saved ERM-pretrained model.
0.1_acc       0.1_loss      0.5_acc       0.5_loss      0.9_acc       0.9_loss      avg_step_tim  epoch         erm_loss      loss          mem_gb        penalty       step         
0.7331000000  0.5346164703  0.6955000000  0.6324726343  0.6754000000  0.7089976072  0.0452427144  450.00000000  0.5295372009  0.0005340481  0.7063899040  0.0000045108  450          
0.1_acc       0.1_loss      0.5_acc       0.5_loss      0.9_acc       0.9_loss      avg_step_tim  epoch         erm_loss      loss          mem_gb        penalty       step         
0.7431000000  0.5130059719  0.6956000000  0.6399074793  0.6671000000  0.7423270941  0.0412904210  500.00000000  0.5124427080  0.0005184656  0.7063899040  0.0000060229  500          
0.1_acc       0.1_loss      0.5_acc       0.5_loss      0.9_acc       0.9_loss      avg_step_tim  epoch         erm_loss      loss          mem_gb        penalty       step         
0.7471000000  0.5048455596  0.6945000000  0.6426485181  0.6652000000  0.7529075146  0.0363894285  550.00000000  0.5036161542  0.0005079830  0.7063899040  0.0000043668  550          
0.1_acc       0.1_loss      0.5_acc       0.5_loss      0.9_acc       0.9_loss      avg_step_tim  epoch         erm_loss      loss          mem_gb        penalty       step         
0.7485000000  0.5017648935  0.6942000000  0.6436715126  0.6647000000  0.7573691010  0.0334169908  600.00000000  0.5007359982  0.0005019567  0.7063899040  0.0000012207  600          
[0.64, 0.66, 0.67, 0.69, 0.7, 0.72, 0.73, 0.74, 0.75, 0.77, 0.79]

final accuracies:
0.0    0.1    0.2    0.3    0.4    0.5    0.6    0.7    0.8    0.9    1.0   
0.741  0.742  0.733  0.721  0.709  0.705  0.682  0.669  0.677  0.674  0.651 
[0.63, 0.64, 0.65, 0.66, 0.67, 0.68, 0.69, 0.7, 0.71, 0.71, 0.73]

best accuracies:
0.0    0.1    0.2    0.3    0.4    0.5    0.6    0.7    0.8    0.9    1.0   
0.722  0.725  0.720  0.709  0.701  0.704  0.681  0.674  0.684  0.683  0.666 
Args:
	algorithm: groupdro
	alpha: 0.4
	batch_size: 25000
	data_dir: C:\Users\320257223\PycharmProjects\domain_gen_IL\data
	deterministic: False
	dropout_p: 0.2
	erm_pretrain_iters: 400
	eval_freq: 50
	exp_name: domain_stress
	full_resolution: False
	groupdro_eta: 0.1
	loss_fn: nll
	lr: 0.0001
	lr_cos_sched: True
	lr_factor_reduction: 1
	mlp_hidden_dim: 390
	n_workers: 0
	network: FiLMedMLP
	other_arg: default
	output_dir: C:\Users\320257223\PycharmProjects\domain_gen_IL\results\cmnist_exp
	penalty_weight: 1000
	save_ckpts: True
	seed: 0
	steps: 1000
	test_env_ms: 0.9
	test_envs: 0.1,0.5,0.9
	train_env_ps: (0.1, 0.2)
	train_env_size_mode: random
	train_env_sizes: 
	train_env_sizes_parsed: None
	train_envs: 0.1,0.2
	weight_decay: 0
Train environment sample counts: [25000, 25000]
train_sandbox.py:189: FutureWarning: You are using `torch.load` with `weights_only=False` (the current default value), which uses the default pickle module implicitly. It is possible to construct malicious pickle data which will execute arbitrary code during unpickling (See https://github.com/pytorch/pytorch/blob/main/SECURITY.md#untrusted-models for more details). In a future release, the default value for `weights_only` will be flipped to `True`. This limits the functions that could be executed during unpickling. Arbitrary objects will no longer be allowed to be loaded via this mode unless they are explicitly allowlisted by the user via `torch.serialization.add_safe_globals`. We recommend you start setting `weights_only=True` for any use case where you don't have full control of the loaded file. Please open an issue on GitHub for any issues related to this experimental feature.
  algorithm.load_state_dict(torch.load(erm_ckpt_pth, map_location=device), strict=False)
ERM-pretrained model loaded: 1bdefb1ebe75c5d7fabff5e2cee0170c.
0.1_acc       0.1_loss      0.5_acc       0.5_loss      0.9_acc       0.9_loss      avg_step_tim  epoch         loss          mem_gb        step         
0.8874000000  0.2919003367  0.5288000000  0.9095355272  0.1757000000  1.4781965017  0.0446945736  450.00000000  0.3578138351  0.5669384003  450          
0.1_acc       0.1_loss      0.5_acc       0.5_loss      0.9_acc       0.9_loss      avg_step_tim  epoch         loss          mem_gb        step         
0.8810000000  0.2975627482  0.5363000000  0.9079257846  0.2042000000  1.4692828655  0.0398895621  500.00000000  0.3589660227  0.5669388771  500          
0.1_acc       0.1_loss      0.5_acc       0.5_loss      0.9_acc       0.9_loss      avg_step_tim  epoch         loss          mem_gb        step         
0.8747000000  0.3047659695  0.5448000000  0.9122573733  0.2348000000  1.4716824293  0.0366937226  550.00000000  0.3487494886  0.5669388771  550          
0.1_acc       0.1_loss      0.5_acc       0.5_loss      0.9_acc       0.9_loss      avg_step_tim  epoch         loss          mem_gb        step         
0.8707000000  0.3104442358  0.5528000000  0.9331113100  0.2515000000  1.5085943937  0.0350467539  600.00000000  0.3386157155  0.5669388771  600          
0.1_acc       0.1_loss      0.5_acc       0.5_loss      0.9_acc       0.9_loss      avg_step_tim  epoch         loss          mem_gb        step         
0.8663000000  0.3166227341  0.5575000000  0.9539773464  0.2650000000  1.5453915596  0.0307984455  650.00000000  0.3268227577  0.5669388771  650          
0.1_acc       0.1_loss      0.5_acc       0.5_loss      0.9_acc       0.9_loss      avg_step_tim  epoch         loss          mem_gb        step         
0.8643000000  0.3212470114  0.5595000000  0.9772934318  0.2710000000  1.5880537033  0.0282286797  700.00000000  0.3112648427  0.5669388771  700          
0.1_acc       0.1_loss      0.5_acc       0.5_loss      0.9_acc       0.9_loss      avg_step_tim  epoch         loss          mem_gb        step         
0.8624000000  0.3261639178  0.5623000000  0.9909645319  0.2756000000  1.6102132797  0.0264607439  750.00000000  0.3039900362  0.5669388771  750          
0.1_acc       0.1_loss      0.5_acc       0.5_loss      0.9_acc       0.9_loss      avg_step_tim  epoch         loss          mem_gb        step         
0.8611000000  0.3286780119  0.5623000000  1.0029072762  0.2780000000  1.6322519779  0.0250955030  800.00000000  0.2994021177  0.5669388771  800          
0.1_acc       0.1_loss      0.5_acc       0.5_loss      0.9_acc       0.9_loss      avg_step_tim  epoch         loss          mem_gb        step         
0.8609000000  0.3301126361  0.5618000000  1.0103517771  0.2788000000  1.6454074383  0.0235296631  850.00000000  0.2945619822  0.5669388771  850          
0.1_acc       0.1_loss      0.5_acc       0.5_loss      0.9_acc       0.9_loss      avg_step_tim  epoch         loss          mem_gb        step         
0.8608000000  0.3305044472  0.5620000000  1.0156980753  0.2779000000  1.6561609507  0.0222056164  900.00000000  0.2903659344  0.5669388771  900          
0.1_acc       0.1_loss      0.5_acc       0.5_loss      0.9_acc       0.9_loss      avg_step_tim  epoch         loss          mem_gb        step         
0.8616000000  0.3300496042  0.5618000000  1.0193239450  0.2761000000  1.6638042927  0.0210973790  950.00000000  0.2925830185  0.5669388771  950          
0.1_acc       0.1_loss      0.5_acc       0.5_loss      0.9_acc       0.9_loss      avg_step_tim  epoch         loss          mem_gb        step         
0.8618000000  0.3298317492  0.5617000000  1.0203340054  0.2755000000  1.6661053896  0.0200745406  1000.0000000  0.2925363481  0.5669388771  1000         
[1.0, 1.09, 1.17, 1.25, 1.33, 1.41, 1.49, 1.57, 1.65, 1.73, 1.82]

final accuracies:
0.0    0.1    0.2    0.3    0.4    0.5    0.6    0.7    0.8    0.9    1.0   
0.926  0.853  0.782  0.709  0.644  0.569  0.498  0.422  0.355  0.286  0.208 
[0.99, 1.07, 1.15, 1.23, 1.31, 1.39, 1.47, 1.55, 1.63, 1.71, 1.8]

best accuracies:
0.0    0.1    0.2    0.3    0.4    0.5    0.6    0.7    0.8    0.9    1.0   
0.924  0.852  0.781  0.709  0.645  0.570  0.501  0.426  0.359  0.290  0.214 
Args:
	algorithm: iro
	alpha: 0.4
	batch_size: 25000
	data_dir: C:\Users\320257223\PycharmProjects\domain_gen_IL\data
	deterministic: False
	dropout_p: 0.2
	erm_pretrain_iters: 400
	eval_freq: 50
	exp_name: domain_stress
	full_resolution: False
	groupdro_eta: 1.0
	loss_fn: nll
	lr: 0.0001
	lr_cos_sched: True
	lr_factor_reduction: 1
	mlp_hidden_dim: 390
	n_workers: 0
	network: FiLMedMLP
	other_arg: default
	output_dir: C:\Users\320257223\PycharmProjects\domain_gen_IL\results\cmnist_exp
	penalty_weight: 1000
	save_ckpts: True
	seed: 0
	steps: 600
	test_env_ms: 0.9
	test_envs: 0.1,0.5,0.9
	train_env_ps: (0.1, 0.2)
	train_env_size_mode: random
	train_env_sizes: 
	train_env_sizes_parsed: None
	train_envs: 0.1,0.2
	weight_decay: 0
Train environment sample counts: [25000, 25000]
train_sandbox.py:189: FutureWarning: You are using `torch.load` with `weights_only=False` (the current default value), which uses the default pickle module implicitly. It is possible to construct malicious pickle data which will execute arbitrary code during unpickling (See https://github.com/pytorch/pytorch/blob/main/SECURITY.md#untrusted-models for more details). In a future release, the default value for `weights_only` will be flipped to `True`. This limits the functions that could be executed during unpickling. Arbitrary objects will no longer be allowed to be loaded via this mode unless they are explicitly allowlisted by the user via `torch.serialization.add_safe_globals`. We recommend you start setting `weights_only=True` for any use case where you don't have full control of the loaded file. Please open an issue on GitHub for any issues related to this experimental feature.
  algorithm.load_state_dict(torch.load(erm_ckpt_pth, map_location=device), strict=False)
ERM-pretrained model loaded: 1bdefb1ebe75c5d7fabff5e2cee0170c.
0.1_acc       0.1_loss      0.5_acc       0.5_loss      0.9_acc       0.9_loss      avg_step_tim  epoch         loss          mem_gb        step         
0.9040000000  0.4812841713  0.4973000000  0.9049875736  0.1019000000  1.4427134991  1.1026023229  450.00000000  0.1119923890  8.3696632385  450          
0.1_acc       0.1_loss      0.5_acc       0.5_loss      0.9_acc       0.9_loss      avg_step_tim  epoch         loss          mem_gb        step         
0.9040000000  0.3950115144  0.4973000000  0.8835747838  0.1019000000  1.4161968231  0.9578370347  500.00000000  0.1052491218  8.3696632385  500          
0.1_acc       0.1_loss      0.5_acc       0.5_loss      0.9_acc       0.9_loss      avg_step_tim  epoch         loss          mem_gb        step         
0.9035000000  0.3760716617  0.4997000000  0.8461850286  0.1066000000  1.3414252996  0.8710569863  550.00000000  0.1024081260  8.3696632385  550          
0.1_acc       0.1_loss      0.5_acc       0.5_loss      0.9_acc       0.9_loss      avg_step_tim  epoch         loss          mem_gb        step         
0.9033000000  0.3736244142  0.5010000000  0.8418056369  0.1092000000  1.3326535225  0.7970837931  600.00000000  0.1020698622  8.3696632385  600          
[0.78, 0.85, 0.92, 0.99, 1.07, 1.14, 1.22, 1.29, 1.35, 1.41, 1.48] [0.5, 0.45, 0.4, 0.35, 0.3, 0.25, 0.2, 0.15, 0.1, 0.05, 0.01]

final accuracies:
0.0    0.1    0.2    0.3    0.4    0.5    0.6    0.7    0.8    0.9    1.0   
1.000  0.900  0.794  0.700  0.603  0.507  0.407  0.309  0.206  0.108  0.008 
[0.78, 0.85, 0.92, 0.99, 1.07, 1.14, 1.22, 1.29, 1.35, 1.41, 1.48] [0.5, 0.45, 0.4, 0.35, 0.3, 0.25, 0.2, 0.15, 0.1, 0.05, 0.01]

best accuracies:
0.0    0.1    0.2    0.3    0.4    0.5    0.6    0.7    0.8    0.9    1.0   
1.000  0.900  0.794  0.700  0.603  0.507  0.407  0.309  0.206  0.108  0.008 
Args:
	algorithm: inftask
	alpha: 0.4
	batch_size: 25000
	data_dir: C:\Users\320257223\PycharmProjects\domain_gen_IL\data
	deterministic: False
	dropout_p: 0.2
	erm_pretrain_iters: 400
	eval_freq: 50
	exp_name: domain_stress
	full_resolution: False
	groupdro_eta: 1.0
	loss_fn: nll
	lr: 0.0001
	lr_cos_sched: True
	lr_factor_reduction: 1
	mlp_hidden_dim: 390
	n_workers: 0
	network: FiLMedMLP
	other_arg: default
	output_dir: C:\Users\320257223\PycharmProjects\domain_gen_IL\results\cmnist_exp
	penalty_weight: 1000
	save_ckpts: True
	seed: 0
	steps: 600
	test_env_ms: 0.9
	test_envs: 0.1,0.5,0.9
	train_env_ps: (0.1, 0.2)
	train_env_size_mode: random
	train_env_sizes: 
	train_env_sizes_parsed: None
	train_envs: 0.1,0.2
	weight_decay: 0
Train environment sample counts: [25000, 25000]
train_sandbox.py:189: FutureWarning: You are using `torch.load` with `weights_only=False` (the current default value), which uses the default pickle module implicitly. It is possible to construct malicious pickle data which will execute arbitrary code during unpickling (See https://github.com/pytorch/pytorch/blob/main/SECURITY.md#untrusted-models for more details). In a future release, the default value for `weights_only` will be flipped to `True`. This limits the functions that could be executed during unpickling. Arbitrary objects will no longer be allowed to be loaded via this mode unless they are explicitly allowlisted by the user via `torch.serialization.add_safe_globals`. We recommend you start setting `weights_only=True` for any use case where you don't have full control of the loaded file. Please open an issue on GitHub for any issues related to this experimental feature.
  algorithm.load_state_dict(torch.load(erm_ckpt_pth, map_location=device), strict=False)
ERM-pretrained model loaded: 1bdefb1ebe75c5d7fabff5e2cee0170c.
0.1_acc       0.1_loss      0.5_acc       0.5_loss      0.9_acc       0.9_loss      avg_step_tim  epoch         loss          mem_gb        step         
0.9040000000  0.5053712130  0.4973000000  0.8875303268  0.1019000000  1.4023343325  0.0814016485  450.00000000  0.0940683782  3.2021455765  450          
0.1_acc       0.1_loss      0.5_acc       0.5_loss      0.9_acc       0.9_loss      avg_step_tim  epoch         loss          mem_gb        step         
0.9040000000  0.4024265409  0.4973000000  0.9087764621  0.1019000000  1.4694093466  0.0734796486  500.00000000  0.0872280672  3.2021455765  500          
0.1_acc       0.1_loss      0.5_acc       0.5_loss      0.9_acc       0.9_loss      avg_step_tim  epoch         loss          mem_gb        step         
0.9040000000  0.3841650784  0.4987000000  0.8595640659  0.1044000000  1.3692103624  0.0668793154  550.00000000  0.0850385800  3.2021455765  550          
0.1_acc       0.1_loss      0.5_acc       0.5_loss      0.9_acc       0.9_loss      avg_step_tim  epoch         loss          mem_gb        step         
0.9038000000  0.3819665611  0.4990000000  0.8541330099  0.1057000000  1.3581616879  0.0601005093  600.00000000  0.0847859979  3.2021455765  600          
[0.78, 0.85, 0.92, 0.99, 1.07, 1.15, 1.23, 1.31, 1.37, 1.44, 1.51] [0.5, 0.45, 0.4, 0.35, 0.3, 0.25, 0.2, 0.15, 0.1, 0.05, 0.0]

final accuracies:
0.0    0.1    0.2    0.3    0.4    0.5    0.6    0.7    0.8    0.9    1.0   
1.000  0.900  0.793  0.698  0.602  0.504  0.400  0.300  0.203  0.104  0.003 
[0.78, 0.85, 0.92, 0.99, 1.07, 1.15, 1.23, 1.31, 1.37, 1.44, 1.51] [0.5, 0.45, 0.4, 0.35, 0.3, 0.25, 0.2, 0.15, 0.1, 0.05, 0.0]

best accuracies:
0.0    0.1    0.2    0.3    0.4    0.5    0.6    0.7    0.8    0.9    1.0   
1.000  0.900  0.793  0.698  0.602  0.504  0.400  0.300  0.203  0.104  0.003 
Args:
	algorithm: erm
	alpha: 0.4
	batch_size: 25000
	data_dir: C:\Users\320257223\PycharmProjects\domain_gen_IL\data
	deterministic: False
	dropout_p: 0.2
	erm_pretrain_iters: 0
	eval_freq: 50
	exp_name: domain_stress
	full_resolution: False
	groupdro_eta: 1.0
	loss_fn: nll
	lr: 0.0001
	lr_cos_sched: False
	lr_factor_reduction: 1
	mlp_hidden_dim: 390
	n_workers: 0
	network: FiLMedMLP
	other_arg: default
	output_dir: C:\Users\320257223\PycharmProjects\domain_gen_IL\results\cmnist_exp
	penalty_weight: 1000
	save_ckpts: False
	seed: 0
	steps: 600
	test_env_ms: 0.9
	test_envs: 0.1,0.5,0.9
	train_env_ps: (0.01, 0.12, 0.5, 0.7, 0.99)
	train_env_size_mode: random
	train_env_sizes: 
	train_env_sizes_parsed: None
	train_envs: 0.01,0.12,0.5,0.7,0.99
	weight_decay: 0
Train environment sample counts: [10000, 10000, 10000, 10000, 10000]
0.1_acc       0.1_loss      0.5_acc       0.5_loss      0.9_acc       0.9_loss      avg_step_tim  epoch         loss          mem_gb        step         
0.7067000000  0.5791537762  0.6587000000  0.6321704984  0.6199000000  0.6783747077  0.3709628153  125.00000000  0.6324489713  0.7039837837  50           
0.1_acc       0.1_loss      0.5_acc       0.5_loss      0.9_acc       0.9_loss      avg_step_tim  epoch         loss          mem_gb        step         
0.7347000000  0.5538089275  0.7011000000  0.6101272106  0.6735000000  0.6543832421  0.1883736634  250.00000000  0.6054556966  0.7039837837  100          
0.1_acc       0.1_loss      0.5_acc       0.5_loss      0.9_acc       0.9_loss      avg_step_tim  epoch         loss          mem_gb        step         
0.7456000000  0.5466742516  0.7190000000  0.6006659269  0.6967000000  0.6401873827  0.1247672256  375.00000000  0.5894282460  0.7039837837  150          
0.1_acc       0.1_loss      0.5_acc       0.5_loss      0.9_acc       0.9_loss      avg_step_tim  epoch         loss          mem_gb        step         
0.7449000000  0.5419734120  0.7220000000  0.5981284380  0.7052000000  0.6374415755  0.0932077420  500.00000000  0.5766394138  0.7039837837  200          
0.1_acc       0.1_loss      0.5_acc       0.5_loss      0.9_acc       0.9_loss      avg_step_tim  epoch         loss          mem_gb        step         
0.7445000000  0.5408756733  0.7238000000  0.5987827182  0.7067000000  0.6383429766  0.0749473391  625.00000000  0.5635786057  0.7039837837  250          
0.1_acc       0.1_loss      0.5_acc       0.5_loss      0.9_acc       0.9_loss      avg_step_tim  epoch         loss          mem_gb        step         
0.7440000000  0.5434877872  0.7223000000  0.6020398140  0.7051000000  0.6414274573  0.0624289497  750.00000000  0.5507463217  0.7039837837  300          
0.1_acc       0.1_loss      0.5_acc       0.5_loss      0.9_acc       0.9_loss      avg_step_tim  epoch         loss          mem_gb        step         
0.7414000000  0.5483018160  0.7184000000  0.6072812080  0.7026000000  0.6476230621  0.0535552638  875.00000000  0.5357038379  0.7039837837  350          
0.1_acc       0.1_loss      0.5_acc       0.5_loss      0.9_acc       0.9_loss      avg_step_tim  epoch         loss          mem_gb        step         
0.7396000000  0.5540688634  0.7144000000  0.6154900193  0.6976000000  0.6583301425  0.0469506520  1000.0000000  0.5186093450  0.7039837837  400          
0.1_acc       0.1_loss      0.5_acc       0.5_loss      0.9_acc       0.9_loss      avg_step_tim  epoch         loss          mem_gb        step         
0.7373000000  0.5606155396  0.7088000000  0.6262631416  0.6898000000  0.6738108993  0.0411544026  1125.0000000  0.5010915995  0.7039837837  450          
0.1_acc       0.1_loss      0.5_acc       0.5_loss      0.9_acc       0.9_loss      avg_step_tim  epoch         loss          mem_gb        step         
0.7321000000  0.5725547075  0.7041000000  0.6371778250  0.6851000000  0.6842671633  0.0380279570  1250.0000000  0.4826264083  0.7039837837  500          
0.1_acc       0.1_loss      0.5_acc       0.5_loss      0.9_acc       0.9_loss      avg_step_tim  epoch         loss          mem_gb        step         
0.7277000000  0.5841093659  0.7008000000  0.6499643922  0.6779000000  0.6994748712  0.0341304671  1375.0000000  0.4639051855  0.7039837837  550          
0.1_acc       0.1_loss      0.5_acc       0.5_loss      0.9_acc       0.9_loss      avg_step_tim  epoch         loss          mem_gb        step         
0.7269000000  0.5947089195  0.6965000000  0.6640617251  0.6705000000  0.7175962925  0.0313381211  1500.0000000  0.4475046694  0.7039837837  600          
[0.66, 0.67, 0.68, 0.68, 0.69, 0.7, 0.71, 0.71, 0.71, 0.72, 0.72]

final accuracies:
0.0    0.1    0.2    0.3    0.4    0.5    0.6    0.7    0.8    0.9    1.0   
0.726  0.716  0.716  0.708  0.698  0.700  0.687  0.673  0.679  0.677  0.670 
[0.6, 0.6, 0.61, 0.62, 0.62, 0.63, 0.63, 0.64, 0.64, 0.64, 0.65]

best accuracies:
0.0    0.1    0.2    0.3    0.4    0.5    0.6    0.7    0.8    0.9    1.0   
0.743  0.736  0.733  0.726  0.722  0.730  0.712  0.703  0.708  0.715  0.706 
Args:
	algorithm: irm
	alpha: 0.4
	batch_size: 25000
	data_dir: C:\Users\320257223\PycharmProjects\domain_gen_IL\data
	deterministic: False
	dropout_p: 0.2
	erm_pretrain_iters: 400
	eval_freq: 50
	exp_name: domain_stress
	full_resolution: False
	groupdro_eta: 1.0
	loss_fn: nll
	lr: 0.0001
	lr_cos_sched: True
	lr_factor_reduction: 1
	mlp_hidden_dim: 390
	n_workers: 0
	network: FiLMedMLP
	other_arg: default
	output_dir: C:\Users\320257223\PycharmProjects\domain_gen_IL\results\cmnist_exp
	penalty_weight: 1000.0
	save_ckpts: True
	seed: 0
	steps: 600
	test_env_ms: 0.9
	test_envs: 0.1,0.5,0.9
	train_env_ps: (0.01, 0.12, 0.5, 0.7, 0.99)
	train_env_size_mode: random
	train_env_sizes: 
	train_env_sizes_parsed: None
	train_envs: 0.01,0.12,0.5,0.7,0.99
	weight_decay: 0
Train environment sample counts: [10000, 10000, 10000, 10000, 10000]
0.1_acc       0.1_loss      0.5_acc       0.5_loss      0.9_acc       0.9_loss      avg_step_tim  epoch         loss          mem_gb        step         
0.7067000000  0.5791537762  0.6587000000  0.6321704984  0.6199000000  0.6783747077  0.3731676006  125.00000000  0.6324489713  0.7039837837  50           
0.1_acc       0.1_loss      0.5_acc       0.5_loss      0.9_acc       0.9_loss      avg_step_tim  epoch         loss          mem_gb        step         
0.7347000000  0.5538089275  0.7011000000  0.6101272106  0.6735000000  0.6543832421  0.1870078039  250.00000000  0.6054556966  0.7039837837  100          
0.1_acc       0.1_loss      0.5_acc       0.5_loss      0.9_acc       0.9_loss      avg_step_tim  epoch         loss          mem_gb        step         
0.7456000000  0.5466742516  0.7190000000  0.6006659269  0.6967000000  0.6401873827  0.1255256987  375.00000000  0.5894282460  0.7039837837  150          
0.1_acc       0.1_loss      0.5_acc       0.5_loss      0.9_acc       0.9_loss      avg_step_tim  epoch         loss          mem_gb        step         
0.7449000000  0.5419734120  0.7220000000  0.5981284380  0.7052000000  0.6374415755  0.0944656384  500.00000000  0.5766394138  0.7039837837  200          
0.1_acc       0.1_loss      0.5_acc       0.5_loss      0.9_acc       0.9_loss      avg_step_tim  epoch         loss          mem_gb        step         
0.7445000000  0.5408756733  0.7238000000  0.5987827182  0.7067000000  0.6383429766  0.0790816221  625.00000000  0.5635786057  0.7039837837  250          
0.1_acc       0.1_loss      0.5_acc       0.5_loss      0.9_acc       0.9_loss      avg_step_tim  epoch         loss          mem_gb        step         
0.7440000000  0.5434877872  0.7223000000  0.6020398140  0.7051000000  0.6414274573  0.0620496146  750.00000000  0.5507463217  0.7039837837  300          
0.1_acc       0.1_loss      0.5_acc       0.5_loss      0.9_acc       0.9_loss      avg_step_tim  epoch         loss          mem_gb        step         
0.7414000000  0.5483018160  0.7184000000  0.6072812080  0.7026000000  0.6476230621  0.0535445929  875.00000000  0.5357038379  0.7039837837  350          
0.1_acc       0.1_loss      0.5_acc       0.5_loss      0.9_acc       0.9_loss      avg_step_tim  epoch         loss          mem_gb        step         
0.7396000000  0.5540688634  0.7144000000  0.6154900193  0.6976000000  0.6583301425  0.0462851894  1000.0000000  0.5186093450  0.7039837837  400          
Saved ERM-pretrained model.
0.1_acc       0.1_loss      0.5_acc       0.5_loss      0.9_acc       0.9_loss      avg_step_tim  epoch         erm_loss      loss          mem_gb        penalty       step         
0.7224000000  0.6006323099  0.7170000000  0.6161103845  0.7202000000  0.6130676866  0.0418014251  1125.0000000  0.5212721825  0.0005332356  0.7039895058  0.0000119634  450          
0.1_acc       0.1_loss      0.5_acc       0.5_loss      0.9_acc       0.9_loss      avg_step_tim  epoch         erm_loss      loss          mem_gb        penalty       step         
0.7237000000  0.5971922874  0.7165000000  0.6154664159  0.7176000000  0.6151456833  0.0376155577  1250.0000000  0.5209574103  0.0005275373  0.7039895058  0.0000065798  500          
0.1_acc       0.1_loss      0.5_acc       0.5_loss      0.9_acc       0.9_loss      avg_step_tim  epoch         erm_loss      loss          mem_gb        penalty       step         
0.7247000000  0.5963187218  0.7168000000  0.6159560084  0.7171000000  0.6169571280  0.0344866332  1375.0000000  0.5212250948  0.0005232135  0.7039895058  0.0000019883  550          
0.1_acc       0.1_loss      0.5_acc       0.5_loss      0.9_acc       0.9_loss      avg_step_tim  epoch         erm_loss      loss          mem_gb        penalty       step         
0.7239000000  0.5980361104  0.7167000000  0.6155644059  0.7182000000  0.6146936417  0.0314064038  1500.0000000  0.5231343508  0.0005278272  0.7039895058  0.0000046928  600          
[0.62, 0.62, 0.62, 0.62, 0.62, 0.62, 0.62, 0.62, 0.63, 0.63, 0.63]

final accuracies:
0.0    0.1    0.2    0.3    0.4    0.5    0.6    0.7    0.8    0.9    1.0   
0.719  0.715  0.718  0.714  0.713  0.723  0.712  0.704  0.717  0.725  0.721 
[0.62, 0.62, 0.62, 0.62, 0.62, 0.62, 0.62, 0.62, 0.63, 0.63, 0.63]

best accuracies:
0.0    0.1    0.2    0.3    0.4    0.5    0.6    0.7    0.8    0.9    1.0   
0.718  0.715  0.718  0.714  0.714  0.724  0.712  0.705  0.717  0.726  0.721 
Args:
	algorithm: groupdro
	alpha: 0.4
	batch_size: 25000
	data_dir: C:\Users\320257223\PycharmProjects\domain_gen_IL\data
	deterministic: False
	dropout_p: 0.2
	erm_pretrain_iters: 400
	eval_freq: 50
	exp_name: domain_stress
	full_resolution: False
	groupdro_eta: 0.1
	loss_fn: nll
	lr: 0.0001
	lr_cos_sched: True
	lr_factor_reduction: 1
	mlp_hidden_dim: 390
	n_workers: 0
	network: FiLMedMLP
	other_arg: default
	output_dir: C:\Users\320257223\PycharmProjects\domain_gen_IL\results\cmnist_exp
	penalty_weight: 1000
	save_ckpts: True
	seed: 0
	steps: 1000
	test_env_ms: 0.9
	test_envs: 0.1,0.5,0.9
	train_env_ps: (0.01, 0.12, 0.5, 0.7, 0.99)
	train_env_size_mode: random
	train_env_sizes: 
	train_env_sizes_parsed: None
	train_envs: 0.01,0.12,0.5,0.7,0.99
	weight_decay: 0
Train environment sample counts: [10000, 10000, 10000, 10000, 10000]
train_sandbox.py:189: FutureWarning: You are using `torch.load` with `weights_only=False` (the current default value), which uses the default pickle module implicitly. It is possible to construct malicious pickle data which will execute arbitrary code during unpickling (See https://github.com/pytorch/pytorch/blob/main/SECURITY.md#untrusted-models for more details). In a future release, the default value for `weights_only` will be flipped to `True`. This limits the functions that could be executed during unpickling. Arbitrary objects will no longer be allowed to be loaded via this mode unless they are explicitly allowlisted by the user via `torch.serialization.add_safe_globals`. We recommend you start setting `weights_only=True` for any use case where you don't have full control of the loaded file. Please open an issue on GitHub for any issues related to this experimental feature.
  algorithm.load_state_dict(torch.load(erm_ckpt_pth, map_location=device), strict=False)
ERM-pretrained model loaded: f90ff5f8f280da6b6d6f3ff1549e2740.
0.1_acc       0.1_loss      0.5_acc       0.5_loss      0.9_acc       0.9_loss      avg_step_tim  epoch         loss          mem_gb        step         
0.7241000000  0.5933625698  0.7131000000  0.6180017591  0.7107000000  0.6263281107  0.0413216543  1125.0000000  0.5107058287  0.5161099434  450          
0.1_acc       0.1_loss      0.5_acc       0.5_loss      0.9_acc       0.9_loss      avg_step_tim  epoch         loss          mem_gb        step         
0.7194000000  0.6066861153  0.7101000000  0.6242882609  0.7101000000  0.6267934442  0.0370043421  1250.0000000  0.5019177198  0.5161104202  500          
0.1_acc       0.1_loss      0.5_acc       0.5_loss      0.9_acc       0.9_loss      avg_step_tim  epoch         loss          mem_gb        step         
0.7199000000  0.6053861380  0.7074000000  0.6314888597  0.7021000000  0.6419398189  0.0337479010  1375.0000000  0.4889660776  0.5161104202  550          
0.1_acc       0.1_loss      0.5_acc       0.5_loss      0.9_acc       0.9_loss      avg_step_tim  epoch         loss          mem_gb        step         
0.7142000000  0.6138986945  0.7041000000  0.6391240954  0.6988000000  0.6488271952  0.0312809797  1500.0000000  0.4779043198  0.5161104202  600          
0.1_acc       0.1_loss      0.5_acc       0.5_loss      0.9_acc       0.9_loss      avg_step_tim  epoch         loss          mem_gb        step         
0.7130000000  0.6189281940  0.7014000000  0.6467183828  0.6949000000  0.6581421494  0.0287151700  1625.0000000  0.4653510749  0.5161104202  650          
0.1_acc       0.1_loss      0.5_acc       0.5_loss      0.9_acc       0.9_loss      avg_step_tim  epoch         loss          mem_gb        step         
0.7126000000  0.6211758852  0.6991000000  0.6526644230  0.6910000000  0.6683598757  0.0266723660  1750.0000000  0.4588851333  0.5161104202  700          
0.1_acc       0.1_loss      0.5_acc       0.5_loss      0.9_acc       0.9_loss      avg_step_tim  epoch         loss          mem_gb        step         
0.7101000000  0.6262840629  0.6974000000  0.6574814320  0.6891000000  0.6734771729  0.0249409107  1875.0000000  0.4521555305  0.5161104202  750          
0.1_acc       0.1_loss      0.5_acc       0.5_loss      0.9_acc       0.9_loss      avg_step_tim  epoch         loss          mem_gb        step         
0.7091000000  0.6281875372  0.6957000000  0.6613854766  0.6870000000  0.6793190241  0.0232875398  2000.0000000  0.4477318823  0.5161104202  800          
0.1_acc       0.1_loss      0.5_acc       0.5_loss      0.9_acc       0.9_loss      avg_step_tim  epoch         loss          mem_gb        step         
0.7073000000  0.6318647265  0.6947000000  0.6637709737  0.6868000000  0.6802325845  0.0219987266  2125.0000000  0.4468158484  0.5161104202  850          
0.1_acc       0.1_loss      0.5_acc       0.5_loss      0.9_acc       0.9_loss      avg_step_tim  epoch         loss          mem_gb        step         
0.7086000000  0.6312791109  0.6953000000  0.6649302840  0.6852000000  0.6832177639  0.0208785150  2250.0000000  0.4408343136  0.5161104202  900          
0.1_acc       0.1_loss      0.5_acc       0.5_loss      0.9_acc       0.9_loss      avg_step_tim  epoch         loss          mem_gb        step         
0.7083000000  0.6318345666  0.6957000000  0.6653443575  0.6848000000  0.6835976243  0.0198909674  2375.0000000  0.4424956143  0.5161104202  950          
0.1_acc       0.1_loss      0.5_acc       0.5_loss      0.9_acc       0.9_loss      avg_step_tim  epoch         loss          mem_gb        step         
0.7076000000  0.6323776245  0.6953000000  0.6653912663  0.6853000000  0.6831744313  0.0186061594  2500.0000000  0.4413302541  0.5161104202  1000         
[0.66, 0.67, 0.67, 0.67, 0.67, 0.68, 0.68, 0.68, 0.69, 0.69, 0.69]

final accuracies:
0.0    0.1    0.2    0.3    0.4    0.5    0.6    0.7    0.8    0.9    1.0   
0.705  0.699  0.704  0.697  0.692  0.702  0.688  0.680  0.691  0.693  0.690 
[0.62, 0.62, 0.62, 0.62, 0.63, 0.63, 0.63, 0.63, 0.63, 0.64, 0.64]

best accuracies:
0.0    0.1    0.2    0.3    0.4    0.5    0.6    0.7    0.8    0.9    1.0   
0.721  0.715  0.718  0.715  0.711  0.720  0.708  0.699  0.711  0.717  0.711 
Args:
	algorithm: iro
	alpha: 0.4
	batch_size: 25000
	data_dir: C:\Users\320257223\PycharmProjects\domain_gen_IL\data
	deterministic: False
	dropout_p: 0.2
	erm_pretrain_iters: 400
	eval_freq: 50
	exp_name: domain_stress
	full_resolution: False
	groupdro_eta: 1.0
	loss_fn: nll
	lr: 0.0001
	lr_cos_sched: True
	lr_factor_reduction: 1
	mlp_hidden_dim: 390
	n_workers: 0
	network: FiLMedMLP
	other_arg: default
	output_dir: C:\Users\320257223\PycharmProjects\domain_gen_IL\results\cmnist_exp
	penalty_weight: 1000
	save_ckpts: True
	seed: 0
	steps: 600
	test_env_ms: 0.9
	test_envs: 0.1,0.5,0.9
	train_env_ps: (0.01, 0.12, 0.5, 0.7, 0.99)
	train_env_size_mode: random
	train_env_sizes: 
	train_env_sizes_parsed: None
	train_envs: 0.01,0.12,0.5,0.7,0.99
	weight_decay: 0
Train environment sample counts: [10000, 10000, 10000, 10000, 10000]
train_sandbox.py:189: FutureWarning: You are using `torch.load` with `weights_only=False` (the current default value), which uses the default pickle module implicitly. It is possible to construct malicious pickle data which will execute arbitrary code during unpickling (See https://github.com/pytorch/pytorch/blob/main/SECURITY.md#untrusted-models for more details). In a future release, the default value for `weights_only` will be flipped to `True`. This limits the functions that could be executed during unpickling. Arbitrary objects will no longer be allowed to be loaded via this mode unless they are explicitly allowlisted by the user via `torch.serialization.add_safe_globals`. We recommend you start setting `weights_only=True` for any use case where you don't have full control of the loaded file. Please open an issue on GitHub for any issues related to this experimental feature.
  algorithm.load_state_dict(torch.load(erm_ckpt_pth, map_location=device), strict=False)
ERM-pretrained model loaded: f90ff5f8f280da6b6d6f3ff1549e2740.
0.1_acc       0.1_loss      0.5_acc       0.5_loss      0.9_acc       0.9_loss      avg_step_tim  epoch         loss          mem_gb        step         
0.5359000000  0.6835864782  0.6816000000  0.6570144892  0.6943000000  0.6557642817  1.5512163930  1125.0000000  0.0524599999  8.1547694206  450          
0.1_acc       0.1_loss      0.5_acc       0.5_loss      0.9_acc       0.9_loss      avg_step_tim  epoch         loss          mem_gb        step         
0.6826000000  0.6551567316  0.6832000000  0.6280802488  0.6904000000  0.6272279024  1.3764870191  1250.0000000  0.0500454865  8.1547694206  500          
0.1_acc       0.1_loss      0.5_acc       0.5_loss      0.9_acc       0.9_loss      avg_step_tim  epoch         loss          mem_gb        step         
0.6903000000  0.6407360435  0.6858000000  0.6189256310  0.6932000000  0.6184920073  1.2567272546  1375.0000000  0.0486793146  8.1547694206  550          
0.1_acc       0.1_loss      0.5_acc       0.5_loss      0.9_acc       0.9_loss      avg_step_tim  epoch         loss          mem_gb        step         
0.6927000000  0.6381313205  0.6859000000  0.6178653240  0.6934000000  0.6179848909  1.1488576293  1500.0000000  0.0485409237  8.1547694206  600          
[0.64, 0.64, 0.63, 0.63, 0.63, 0.63, 0.63, 0.62, 0.62, 0.62, 0.62] [0.69, 0.69, 0.69, 0.69, 0.69, 0.68, 0.68, 0.68, 0.68, 0.68, 0.68]

final accuracies:
0.0    0.1    0.2    0.3    0.4    0.5    0.6    0.7    0.8    0.9    1.0   
0.680  0.684  0.680  0.685  0.688  0.693  0.680  0.690  0.705  0.706  0.699 
[0.68, 0.68, 0.68, 0.67, 0.67, 0.67, 0.67, 0.67, 0.66, 0.66, 0.66] [0.54, 0.64, 0.65, 0.62, 0.63, 0.64, 0.64, 0.65, 0.67, 0.66, 0.65]

best accuracies:
0.0    0.1    0.2    0.3    0.4    0.5    0.6    0.7    0.8    0.9    1.0   
0.539  0.535  0.532  0.672  0.672  0.689  0.674  0.685  0.705  0.708  0.704 
Args:
	algorithm: inftask
	alpha: 0.4
	batch_size: 25000
	data_dir: C:\Users\320257223\PycharmProjects\domain_gen_IL\data
	deterministic: False
	dropout_p: 0.2
	erm_pretrain_iters: 400
	eval_freq: 50
	exp_name: domain_stress
	full_resolution: False
	groupdro_eta: 1.0
	loss_fn: nll
	lr: 0.0001
	lr_cos_sched: True
	lr_factor_reduction: 1
	mlp_hidden_dim: 390
	n_workers: 0
	network: FiLMedMLP
	other_arg: default
	output_dir: C:\Users\320257223\PycharmProjects\domain_gen_IL\results\cmnist_exp
	penalty_weight: 1000
	save_ckpts: True
	seed: 0
	steps: 600
	test_env_ms: 0.9
	test_envs: 0.1,0.5,0.9
	train_env_ps: (0.01, 0.12, 0.5, 0.7, 0.99)
	train_env_size_mode: random
	train_env_sizes: 
	train_env_sizes_parsed: None
	train_envs: 0.01,0.12,0.5,0.7,0.99
	weight_decay: 0
Train environment sample counts: [10000, 10000, 10000, 10000, 10000]
train_sandbox.py:189: FutureWarning: You are using `torch.load` with `weights_only=False` (the current default value), which uses the default pickle module implicitly. It is possible to construct malicious pickle data which will execute arbitrary code during unpickling (See https://github.com/pytorch/pytorch/blob/main/SECURITY.md#untrusted-models for more details). In a future release, the default value for `weights_only` will be flipped to `True`. This limits the functions that could be executed during unpickling. Arbitrary objects will no longer be allowed to be loaded via this mode unless they are explicitly allowlisted by the user via `torch.serialization.add_safe_globals`. We recommend you start setting `weights_only=True` for any use case where you don't have full control of the loaded file. Please open an issue on GitHub for any issues related to this experimental feature.
  algorithm.load_state_dict(torch.load(erm_ckpt_pth, map_location=device), strict=False)
ERM-pretrained model loaded: f90ff5f8f280da6b6d6f3ff1549e2740.
0.1_acc       0.1_loss      0.5_acc       0.5_loss      0.9_acc       0.9_loss      avg_step_tim  epoch         loss          mem_gb        step         
0.5077000000  0.6855250597  0.6707000000  0.6611664891  0.6678000000  0.6634632349  0.0813475328  1125.0000000  0.0415852554  3.0742068291  450          
0.1_acc       0.1_loss      0.5_acc       0.5_loss      0.9_acc       0.9_loss      avg_step_tim  epoch         loss          mem_gb        step         
0.6727000000  0.6646227241  0.6833000000  0.6361164451  0.6893000000  0.6358388662  0.0729237041  1250.0000000  0.0398260206  3.0742068291  500          
0.1_acc       0.1_loss      0.5_acc       0.5_loss      0.9_acc       0.9_loss      avg_step_tim  epoch         loss          mem_gb        step         
0.6840000000  0.6507990956  0.6842000000  0.6257852316  0.6889000000  0.6275985837  0.0661932711  1375.0000000  0.0388777331  3.0742068291  550          
0.1_acc       0.1_loss      0.5_acc       0.5_loss      0.9_acc       0.9_loss      avg_step_tim  epoch         loss          mem_gb        step         
0.6833000000  0.6496125460  0.6854000000  0.6244239807  0.6916000000  0.6246734858  0.0603987980  1500.0000000  0.0387860797  3.0742068291  600          
[0.65, 0.65, 0.65, 0.64, 0.64, 0.64, 0.64, 0.63, 0.63, 0.63, 0.63] [0.67, 0.68, 0.68, 0.68, 0.68, 0.68, 0.68, 0.68, 0.68, 0.68, 0.68]

final accuracies:
0.0    0.1    0.2    0.3    0.4    0.5    0.6    0.7    0.8    0.9    1.0   
0.674  0.675  0.670  0.681  0.685  0.692  0.682  0.682  0.696  0.695  0.695 
[0.65, 0.65, 0.65, 0.64, 0.64, 0.64, 0.64, 0.63, 0.63, 0.63, 0.63] [0.67, 0.68, 0.68, 0.68, 0.68, 0.68, 0.68, 0.68, 0.68, 0.68, 0.68]

best accuracies:
0.0    0.1    0.2    0.3    0.4    0.5    0.6    0.7    0.8    0.9    1.0   
0.674  0.675  0.670  0.681  0.685  0.692  0.682  0.682  0.696  0.695  0.695 
Args:
	algorithm: erm
	alpha: 0.4
	batch_size: 25000
	data_dir: C:\Users\320257223\PycharmProjects\domain_gen_IL\data
	deterministic: False
	dropout_p: 0.2
	erm_pretrain_iters: 0
	eval_freq: 50
	exp_name: domain_stress
	full_resolution: False
	groupdro_eta: 1.0
	loss_fn: nll
	lr: 0.0001
	lr_cos_sched: False
	lr_factor_reduction: 1
	mlp_hidden_dim: 390
	n_workers: 0
	network: FiLMedMLP
	other_arg: default
	output_dir: C:\Users\320257223\PycharmProjects\domain_gen_IL\results\cmnist_exp
	penalty_weight: 1000
	save_ckpts: False
	seed: 0
	steps: 600
	test_env_ms: 0.9
	test_envs: 0.1,0.5,0.9
	train_env_ps: (0.01, 0.12, 0.0, 0.0, 0.14, 0.5, 0.7, 0.99)
	train_env_size_mode: random
	train_env_sizes: 
	train_env_sizes_parsed: None
	train_envs: 0.01,0.12,0.0,0.0,0.14,0.5,0.7,0.99
	weight_decay: 0
Train environment sample counts: [6250, 6250, 6250, 6250, 6250, 6250, 6250, 6250]
0.1_acc       0.1_loss      0.5_acc       0.5_loss      0.9_acc       0.9_loss      avg_step_tim  epoch         loss          mem_gb        step         
0.8919000000  0.4293470681  0.5155000000  0.7274670601  0.1538000000  1.0165911913  0.3649741650  200.00000000  0.5905529857  0.7039837837  50           
0.1_acc       0.1_loss      0.5_acc       0.5_loss      0.9_acc       0.9_loss      avg_step_tim  epoch         loss          mem_gb        step         
0.8445000000  0.3981008530  0.5891000000  0.6969178915  0.3524000000  0.9749294519  0.1844619775  400.00000000  0.5585796833  0.7039837837  100          
0.1_acc       0.1_loss      0.5_acc       0.5_loss      0.9_acc       0.9_loss      avg_step_tim  epoch         loss          mem_gb        step         
0.8272000000  0.3875441253  0.6207000000  0.6824823618  0.4343000000  0.9511027336  0.1236770614  600.00000000  0.5404670835  0.7039837837  150          
0.1_acc       0.1_loss      0.5_acc       0.5_loss      0.9_acc       0.9_loss      avg_step_tim  epoch         loss          mem_gb        step         
0.8208000000  0.3830642104  0.6381000000  0.6768494844  0.4786000000  0.9412404895  0.0952754164  800.00000000  0.5278494358  0.7039837837  200          
0.1_acc       0.1_loss      0.5_acc       0.5_loss      0.9_acc       0.9_loss      avg_step_tim  epoch         loss          mem_gb        step         
0.8145000000  0.3808341324  0.6435000000  0.6771124601  0.4983000000  0.9415403008  0.0785708084  1000.0000000  0.5153118372  0.7039837837  250          
0.1_acc       0.1_loss      0.5_acc       0.5_loss      0.9_acc       0.9_loss      avg_step_tim  epoch         loss          mem_gb        step         
0.8140000000  0.3803370595  0.6482000000  0.6803001761  0.5069000000  0.9467812181  0.0613510076  1200.0000000  0.5025320053  0.7039837837  300          
0.1_acc       0.1_loss      0.5_acc       0.5_loss      0.9_acc       0.9_loss      avg_step_tim  epoch         loss          mem_gb        step         
0.8126000000  0.3823930323  0.6524000000  0.6847987175  0.5125000000  0.9531669617  0.0532395172  1400.0000000  0.4907248616  0.7039837837  350          
0.1_acc       0.1_loss      0.5_acc       0.5_loss      0.9_acc       0.9_loss      avg_step_tim  epoch         loss          mem_gb        step         
0.8113000000  0.3860578537  0.6535000000  0.6911500096  0.5162000000  0.9625132680  0.0474968815  1600.0000000  0.4784142971  0.7039837837  400          
0.1_acc       0.1_loss      0.5_acc       0.5_loss      0.9_acc       0.9_loss      avg_step_tim  epoch         loss          mem_gb        step         
0.8091000000  0.3883115649  0.6485000000  0.7031624317  0.5127000000  0.9845343232  0.0422968414  1800.0000000  0.4649794400  0.7039837837  450          
0.1_acc       0.1_loss      0.5_acc       0.5_loss      0.9_acc       0.9_loss      avg_step_tim  epoch         loss          mem_gb        step         
0.8073000000  0.3951645792  0.6482000000  0.7120180726  0.5107000000  0.9966368079  0.0379422007  2000.0000000  0.4517770112  0.7039837837  500          
0.1_acc       0.1_loss      0.5_acc       0.5_loss      0.9_acc       0.9_loss      avg_step_tim  epoch         loss          mem_gb        step         
0.8077000000  0.3995700181  0.6445000000  0.7270112038  0.5043000000  1.0226609707  0.0334394342  2200.0000000  0.4333675802  0.7039837837  550          
0.1_acc       0.1_loss      0.5_acc       0.5_loss      0.9_acc       0.9_loss      avg_step_tim  epoch         loss          mem_gb        step         
0.8027000000  0.4134301543  0.6470000000  0.7367365956  0.5122000000  1.0281441212  0.0324695301  2400.0000000  0.4171549976  0.7039837837  600          
[0.73, 0.77, 0.81, 0.84, 0.88, 0.92, 0.96, 1.0, 1.04, 1.07, 1.1]

final accuracies:
0.0    0.1    0.2    0.3    0.4    0.5    0.6    0.7    0.8    0.9    1.0   
0.827  0.790  0.765  0.721  0.689  0.650  0.610  0.576  0.539  0.503  0.472 
[0.68, 0.72, 0.75, 0.79, 0.83, 0.86, 0.9, 0.93, 0.97, 1.0, 1.03]

best accuracies:
0.0    0.1    0.2    0.3    0.4    0.5    0.6    0.7    0.8    0.9    1.0   
0.833  0.797  0.772  0.726  0.696  0.655  0.615  0.585  0.550  0.509  0.482 
Args:
	algorithm: irm
	alpha: 0.4
	batch_size: 25000
	data_dir: C:\Users\320257223\PycharmProjects\domain_gen_IL\data
	deterministic: False
	dropout_p: 0.2
	erm_pretrain_iters: 400
	eval_freq: 50
	exp_name: domain_stress
	full_resolution: False
	groupdro_eta: 1.0
	loss_fn: nll
	lr: 0.0001
	lr_cos_sched: True
	lr_factor_reduction: 1
	mlp_hidden_dim: 390
	n_workers: 0
	network: FiLMedMLP
	other_arg: default
	output_dir: C:\Users\320257223\PycharmProjects\domain_gen_IL\results\cmnist_exp
	penalty_weight: 1000.0
	save_ckpts: True
	seed: 0
	steps: 600
	test_env_ms: 0.9
	test_envs: 0.1,0.5,0.9
	train_env_ps: (0.01, 0.12, 0.0, 0.0, 0.14, 0.5, 0.7, 0.99)
	train_env_size_mode: random
	train_env_sizes: 
	train_env_sizes_parsed: None
	train_envs: 0.01,0.12,0.0,0.0,0.14,0.5,0.7,0.99
	weight_decay: 0
Train environment sample counts: [6250, 6250, 6250, 6250, 6250, 6250, 6250, 6250]
0.1_acc       0.1_loss      0.5_acc       0.5_loss      0.9_acc       0.9_loss      avg_step_tim  epoch         loss          mem_gb        step         
0.8919000000  0.4293470681  0.5155000000  0.7274670601  0.1538000000  1.0165911913  0.3800587702  200.00000000  0.5905529857  0.7039837837  50           
0.1_acc       0.1_loss      0.5_acc       0.5_loss      0.9_acc       0.9_loss      avg_step_tim  epoch         loss          mem_gb        step         
0.8445000000  0.3981008530  0.5891000000  0.6969178915  0.3524000000  0.9749294519  0.1850714159  400.00000000  0.5585796833  0.7039837837  100          
0.1_acc       0.1_loss      0.5_acc       0.5_loss      0.9_acc       0.9_loss      avg_step_tim  epoch         loss          mem_gb        step         
0.8272000000  0.3875441253  0.6207000000  0.6824823618  0.4343000000  0.9511027336  0.1217020845  600.00000000  0.5404670835  0.7039837837  150          
0.1_acc       0.1_loss      0.5_acc       0.5_loss      0.9_acc       0.9_loss      avg_step_tim  epoch         loss          mem_gb        step         
0.8208000000  0.3830642104  0.6381000000  0.6768494844  0.4786000000  0.9412404895  0.0903047013  800.00000000  0.5278494358  0.7039837837  200          
0.1_acc       0.1_loss      0.5_acc       0.5_loss      0.9_acc       0.9_loss      avg_step_tim  epoch         loss          mem_gb        step         
0.8145000000  0.3808341324  0.6435000000  0.6771124601  0.4983000000  0.9415403008  0.0726882935  1000.0000000  0.5153118372  0.7039837837  250          
0.1_acc       0.1_loss      0.5_acc       0.5_loss      0.9_acc       0.9_loss      avg_step_tim  epoch         loss          mem_gb        step         
0.8140000000  0.3803370595  0.6482000000  0.6803001761  0.5069000000  0.9467812181  0.0605994956  1200.0000000  0.5025320053  0.7039837837  300          
0.1_acc       0.1_loss      0.5_acc       0.5_loss      0.9_acc       0.9_loss      avg_step_tim  epoch         loss          mem_gb        step         
0.8126000000  0.3823930323  0.6524000000  0.6847987175  0.5125000000  0.9531669617  0.0520655966  1400.0000000  0.4907248616  0.7039837837  350          
0.1_acc       0.1_loss      0.5_acc       0.5_loss      0.9_acc       0.9_loss      avg_step_tim  epoch         loss          mem_gb        step         
0.8113000000  0.3860578537  0.6535000000  0.6911500096  0.5162000000  0.9625132680  0.0464441550  1600.0000000  0.4784142971  0.7039837837  400          
Saved ERM-pretrained model.
0.1_acc       0.1_loss      0.5_acc       0.5_loss      0.9_acc       0.9_loss      avg_step_tim  epoch         erm_loss      loss          mem_gb        penalty       step         
0.7281000000  0.5686186552  0.7168000000  0.6138389707  0.7095000000  0.6396054626  0.0413317596  1800.0000000  0.5345389843  0.0006225152  0.7039923668  0.0000879762  450          
0.1_acc       0.1_loss      0.5_acc       0.5_loss      0.9_acc       0.9_loss      avg_step_tim  epoch         erm_loss      loss          mem_gb        penalty       step         
0.7255000000  0.5752143264  0.7180000000  0.6128655076  0.7142000000  0.6316826344  0.0372020626  2000.0000000  0.5397347808  0.0005757249  0.7039923668  0.0000359901  500          
0.1_acc       0.1_loss      0.5_acc       0.5_loss      0.9_acc       0.9_loss      avg_step_tim  epoch         erm_loss      loss          mem_gb        penalty       step         
0.7263000000  0.5741772056  0.7177000000  0.6131668687  0.7129000000  0.6330358982  0.0335237494  2200.0000000  0.5376216173  0.0005749960  0.7039923668  0.0000373744  550          
0.1_acc       0.1_loss      0.5_acc       0.5_loss      0.9_acc       0.9_loss      avg_step_tim  epoch         erm_loss      loss          mem_gb        penalty       step         
0.7262000000  0.5746269226  0.7178000000  0.6132594943  0.7132000000  0.6327418685  0.0309645935  2400.0000000  0.5374996066  0.0005780654  0.7039923668  0.0000405658  600          
[0.61, 0.61, 0.62, 0.62, 0.62, 0.62, 0.63, 0.63, 0.63, 0.63, 0.64]

final accuracies:
0.0    0.1    0.2    0.3    0.4    0.5    0.6    0.7    0.8    0.9    1.0   
0.718  0.716  0.717  0.721  0.721  0.725  0.711  0.709  0.704  0.719  0.719 
[0.61, 0.61, 0.61, 0.62, 0.62, 0.62, 0.63, 0.63, 0.63, 0.63, 0.64]

best accuracies:
0.0    0.1    0.2    0.3    0.4    0.5    0.6    0.7    0.8    0.9    1.0   
0.718  0.716  0.718  0.720  0.721  0.725  0.711  0.709  0.705  0.719  0.719 
Args:
	algorithm: groupdro
	alpha: 0.4
	batch_size: 25000
	data_dir: C:\Users\320257223\PycharmProjects\domain_gen_IL\data
	deterministic: False
	dropout_p: 0.2
	erm_pretrain_iters: 400
	eval_freq: 50
	exp_name: domain_stress
	full_resolution: False
	groupdro_eta: 0.1
	loss_fn: nll
	lr: 0.0001
	lr_cos_sched: True
	lr_factor_reduction: 1
	mlp_hidden_dim: 390
	n_workers: 0
	network: FiLMedMLP
	other_arg: default
	output_dir: C:\Users\320257223\PycharmProjects\domain_gen_IL\results\cmnist_exp
	penalty_weight: 1000
	save_ckpts: True
	seed: 0
	steps: 1000
	test_env_ms: 0.9
	test_envs: 0.1,0.5,0.9
	train_env_ps: (0.01, 0.12, 0.0, 0.0, 0.14, 0.5, 0.7, 0.99)
	train_env_size_mode: random
	train_env_sizes: 
	train_env_sizes_parsed: None
	train_envs: 0.01,0.12,0.0,0.0,0.14,0.5,0.7,0.99
	weight_decay: 0
Train environment sample counts: [6250, 6250, 6250, 6250, 6250, 6250, 6250, 6250]
train_sandbox.py:189: FutureWarning: You are using `torch.load` with `weights_only=False` (the current default value), which uses the default pickle module implicitly. It is possible to construct malicious pickle data which will execute arbitrary code during unpickling (See https://github.com/pytorch/pytorch/blob/main/SECURITY.md#untrusted-models for more details). In a future release, the default value for `weights_only` will be flipped to `True`. This limits the functions that could be executed during unpickling. Arbitrary objects will no longer be allowed to be loaded via this mode unless they are explicitly allowlisted by the user via `torch.serialization.add_safe_globals`. We recommend you start setting `weights_only=True` for any use case where you don't have full control of the loaded file. Please open an issue on GitHub for any issues related to this experimental feature.
  algorithm.load_state_dict(torch.load(erm_ckpt_pth, map_location=device), strict=False)
ERM-pretrained model loaded: bb7814ebaacadcc768ac49c61ee3f5be.
0.1_acc       0.1_loss      0.5_acc       0.5_loss      0.9_acc       0.9_loss      avg_step_tim  epoch         loss          mem_gb        step         
0.7434000000  0.5464999080  0.7106000000  0.6203642488  0.6888000000  0.6741979122  0.0405336338  1800.0000000  0.5230040550  0.5045022964  450          
0.1_acc       0.1_loss      0.5_acc       0.5_loss      0.9_acc       0.9_loss      avg_step_tim  epoch         loss          mem_gb        step         
0.7370000000  0.5670603514  0.7082000000  0.6259606481  0.6918000000  0.6663067937  0.0364186335  2000.0000000  0.5093265772  0.5045027733  500          
0.1_acc       0.1_loss      0.5_acc       0.5_loss      0.9_acc       0.9_loss      avg_step_tim  epoch         loss          mem_gb        step         
0.7359000000  0.5692198873  0.7032000000  0.6349648237  0.6858000000  0.6826255322  0.0330326748  2200.0000000  0.4959036410  0.5045027733  550          
0.1_acc       0.1_loss      0.5_acc       0.5_loss      0.9_acc       0.9_loss      avg_step_tim  epoch         loss          mem_gb        step         
0.7391000000  0.5646672845  0.7004000000  0.6451862454  0.6744000000  0.7059236169  0.0306325591  2400.0000000  0.4827641249  0.5045027733  600          
0.1_acc       0.1_loss      0.5_acc       0.5_loss      0.9_acc       0.9_loss      avg_step_tim  epoch         loss          mem_gb        step         
0.7402000000  0.5613692403  0.6973000000  0.6542669535  0.6659000000  0.7266269326  0.0278158015  2600.0000000  0.4719379842  0.5045027733  650          
0.1_acc       0.1_loss      0.5_acc       0.5_loss      0.9_acc       0.9_loss      avg_step_tim  epoch         loss          mem_gb        step         
0.7404000000  0.5619712472  0.6967000000  0.6633495688  0.6612000000  0.7431443930  0.0257983024  2800.0000000  0.4608903527  0.5045027733  700          
0.1_acc       0.1_loss      0.5_acc       0.5_loss      0.9_acc       0.9_loss      avg_step_tim  epoch         loss          mem_gb        step         
0.7410000000  0.5573021173  0.6944000000  0.6705108881  0.6547000000  0.7616044879  0.0242933544  3000.0000000  0.4541296661  0.5045027733  750          
0.1_acc       0.1_loss      0.5_acc       0.5_loss      0.9_acc       0.9_loss      avg_step_tim  epoch         loss          mem_gb        step         
0.7410000000  0.5595797896  0.6929000000  0.6748670936  0.6525000000  0.7676342726  0.0226901835  3200.0000000  0.4494165778  0.5045027733  800          
0.1_acc       0.1_loss      0.5_acc       0.5_loss      0.9_acc       0.9_loss      avg_step_tim  epoch         loss          mem_gb        step         
0.7409000000  0.5599319339  0.6920000000  0.6775086522  0.6509000000  0.7721213698  0.0213051496  3400.0000000  0.4442953467  0.5045027733  850          
0.1_acc       0.1_loss      0.5_acc       0.5_loss      0.9_acc       0.9_loss      avg_step_tim  epoch         loss          mem_gb        step         
0.7418000000  0.5589123964  0.6909000000  0.6794461012  0.6494000000  0.7768457532  0.0202087373  3600.0000000  0.4428319633  0.5045027733  900          
0.1_acc       0.1_loss      0.5_acc       0.5_loss      0.9_acc       0.9_loss      avg_step_tim  epoch         loss          mem_gb        step         
0.7422000000  0.5584158897  0.6908000000  0.6802636385  0.6493000000  0.7789780498  0.0190687293  3800.0000000  0.4445967674  0.5045027733  950          
0.1_acc       0.1_loss      0.5_acc       0.5_loss      0.9_acc       0.9_loss      avg_step_tim  epoch         loss          mem_gb        step         
0.7421000000  0.5581449270  0.6907000000  0.6804563403  0.6496000000  0.7796386480  0.0183225954  4000.0000000  0.4414766729  0.5045027733  1000         
[0.67, 0.69, 0.7, 0.71, 0.73, 0.74, 0.76, 0.77, 0.78, 0.79, 0.8]

final accuracies:
0.0    0.1    0.2    0.3    0.4    0.5    0.6    0.7    0.8    0.9    1.0   
0.738  0.732  0.726  0.712  0.709  0.697  0.673  0.664  0.647  0.648  0.640 
[0.62, 0.63, 0.63, 0.64, 0.64, 0.65, 0.66, 0.66, 0.67, 0.67, 0.67]

best accuracies:
0.0    0.1    0.2    0.3    0.4    0.5    0.6    0.7    0.8    0.9    1.0   
0.730  0.727  0.723  0.722  0.721  0.717  0.703  0.694  0.683  0.693  0.691 
Args:
	algorithm: iro
	alpha: 0.4
	batch_size: 25000
	data_dir: C:\Users\320257223\PycharmProjects\domain_gen_IL\data
	deterministic: False
	dropout_p: 0.2
	erm_pretrain_iters: 400
	eval_freq: 50
	exp_name: domain_stress
	full_resolution: False
	groupdro_eta: 1.0
	loss_fn: nll
	lr: 0.0001
	lr_cos_sched: True
	lr_factor_reduction: 1
	mlp_hidden_dim: 390
	n_workers: 0
	network: FiLMedMLP
	other_arg: default
	output_dir: C:\Users\320257223\PycharmProjects\domain_gen_IL\results\cmnist_exp
	penalty_weight: 1000
	save_ckpts: True
	seed: 0
	steps: 600
	test_env_ms: 0.9
	test_envs: 0.1,0.5,0.9
	train_env_ps: (0.01, 0.12, 0.0, 0.0, 0.14, 0.5, 0.7, 0.99)
	train_env_size_mode: random
	train_env_sizes: 
	train_env_sizes_parsed: None
	train_envs: 0.01,0.12,0.0,0.0,0.14,0.5,0.7,0.99
	weight_decay: 0
Train environment sample counts: [6250, 6250, 6250, 6250, 6250, 6250, 6250, 6250]
train_sandbox.py:189: FutureWarning: You are using `torch.load` with `weights_only=False` (the current default value), which uses the default pickle module implicitly. It is possible to construct malicious pickle data which will execute arbitrary code during unpickling (See https://github.com/pytorch/pytorch/blob/main/SECURITY.md#untrusted-models for more details). In a future release, the default value for `weights_only` will be flipped to `True`. This limits the functions that could be executed during unpickling. Arbitrary objects will no longer be allowed to be loaded via this mode unless they are explicitly allowlisted by the user via `torch.serialization.add_safe_globals`. We recommend you start setting `weights_only=True` for any use case where you don't have full control of the loaded file. Please open an issue on GitHub for any issues related to this experimental feature.
  algorithm.load_state_dict(torch.load(erm_ckpt_pth, map_location=device), strict=False)
ERM-pretrained model loaded: bb7814ebaacadcc768ac49c61ee3f5be.
0.1_acc       0.1_loss      0.5_acc       0.5_loss      0.9_acc       0.9_loss      avg_step_tim  epoch         loss          mem_gb        step         
0.6927000000  0.6537564397  0.6529000000  0.6629406214  0.6317000000  0.6660622954  1.2544061380  1800.0000000  0.1680279672  8.1433196068  450          
0.1_acc       0.1_loss      0.5_acc       0.5_loss      0.9_acc       0.9_loss      avg_step_tim  epoch         loss          mem_gb        step         
0.7798000000  0.5954360366  0.6781000000  0.6264495254  0.6777000000  0.6262356639  1.1127325249  2000.0000000  0.1583728492  8.1433196068  500          
0.1_acc       0.1_loss      0.5_acc       0.5_loss      0.9_acc       0.9_loss      avg_step_tim  epoch         loss          mem_gb        step         
0.7836000000  0.5657697320  0.6868000000  0.6168155074  0.6884000000  0.6139200926  1.0185863889  2200.0000000  0.1541937143  8.1433196068  550          
0.1_acc       0.1_loss      0.5_acc       0.5_loss      0.9_acc       0.9_loss      avg_step_tim  epoch         loss          mem_gb        step         
0.7870000000  0.5607349277  0.6876000000  0.6159683466  0.6881000000  0.6144039631  0.9414947049  2400.0000000  0.1533635110  8.1433196068  600          
[0.64, 0.65, 0.65, 0.65, 0.64, 0.63, 0.63, 0.62, 0.62, 0.62, 0.62] [0.66, 0.65, 0.65, 0.65, 0.66, 0.67, 0.68, 0.68, 0.68, 0.68, 0.68]

final accuracies:
0.0    0.1    0.2    0.3    0.4    0.5    0.6    0.7    0.8    0.9    1.0   
0.805  0.779  0.749  0.698  0.691  0.696  0.683  0.682  0.696  0.704  0.691 
[0.65, 0.65, 0.65, 0.65, 0.64, 0.63, 0.63, 0.62, 0.62, 0.62, 0.62] [0.66, 0.65, 0.65, 0.65, 0.66, 0.67, 0.68, 0.68, 0.68, 0.68, 0.68]

best accuracies:
0.0    0.1    0.2    0.3    0.4    0.5    0.6    0.7    0.8    0.9    1.0   
0.802  0.778  0.748  0.697  0.690  0.695  0.683  0.681  0.696  0.704  0.691 
Args:
	algorithm: inftask
	alpha: 0.4
	batch_size: 25000
	data_dir: C:\Users\320257223\PycharmProjects\domain_gen_IL\data
	deterministic: False
	dropout_p: 0.2
	erm_pretrain_iters: 400
	eval_freq: 50
	exp_name: domain_stress
	full_resolution: False
	groupdro_eta: 1.0
	loss_fn: nll
	lr: 0.0001
	lr_cos_sched: True
	lr_factor_reduction: 1
	mlp_hidden_dim: 390
	n_workers: 0
	network: FiLMedMLP
	other_arg: default
	output_dir: C:\Users\320257223\PycharmProjects\domain_gen_IL\results\cmnist_exp
	penalty_weight: 1000
	save_ckpts: True
	seed: 0
	steps: 600
	test_env_ms: 0.9
	test_envs: 0.1,0.5,0.9
	train_env_ps: (0.01, 0.12, 0.0, 0.0, 0.14, 0.5, 0.7, 0.99)
	train_env_size_mode: random
	train_env_sizes: 
	train_env_sizes_parsed: None
	train_envs: 0.01,0.12,0.0,0.0,0.14,0.5,0.7,0.99
	weight_decay: 0
Train environment sample counts: [6250, 6250, 6250, 6250, 6250, 6250, 6250, 6250]
train_sandbox.py:189: FutureWarning: You are using `torch.load` with `weights_only=False` (the current default value), which uses the default pickle module implicitly. It is possible to construct malicious pickle data which will execute arbitrary code during unpickling (See https://github.com/pytorch/pytorch/blob/main/SECURITY.md#untrusted-models for more details). In a future release, the default value for `weights_only` will be flipped to `True`. This limits the functions that could be executed during unpickling. Arbitrary objects will no longer be allowed to be loaded via this mode unless they are explicitly allowlisted by the user via `torch.serialization.add_safe_globals`. We recommend you start setting `weights_only=True` for any use case where you don't have full control of the loaded file. Please open an issue on GitHub for any issues related to this experimental feature.
  algorithm.load_state_dict(torch.load(erm_ckpt_pth, map_location=device), strict=False)
ERM-pretrained model loaded: bb7814ebaacadcc768ac49c61ee3f5be.
0.1_acc       0.1_loss      0.5_acc       0.5_loss      0.9_acc       0.9_loss      avg_step_tim  epoch         loss          mem_gb        step         
0.7167000000  0.6643918753  0.6623000000  0.6682189107  0.6420000000  0.6705738306  0.0845139943  1800.0000000  0.1057997793  3.0582060814  450          
0.1_acc       0.1_loss      0.5_acc       0.5_loss      0.9_acc       0.9_loss      avg_step_tim  epoch         loss          mem_gb        step         
0.7823000000  0.6159616113  0.6761000000  0.6391113400  0.6776000000  0.6367968321  0.0734483767  2000.0000000  0.1006009728  3.0582060814  500          
0.1_acc       0.1_loss      0.5_acc       0.5_loss      0.9_acc       0.9_loss      avg_step_tim  epoch         loss          mem_gb        step         
0.7824000000  0.5894621611  0.6790000000  0.6263614893  0.6753000000  0.6289795637  0.0692142894  2200.0000000  0.0984161422  3.0582060814  550          
0.1_acc       0.1_loss      0.5_acc       0.5_loss      0.9_acc       0.9_loss      avg_step_tim  epoch         loss          mem_gb        step         
0.7796000000  0.5880851150  0.6798000000  0.6249265075  0.6829000000  0.6222358346  0.0623945574  2400.0000000  0.0974983796  3.0582060814  600          
[0.65, 0.66, 0.66, 0.66, 0.65, 0.65, 0.64, 0.63, 0.63, 0.63, 0.63] [0.66, 0.64, 0.63, 0.64, 0.65, 0.66, 0.67, 0.68, 0.68, 0.67, 0.68]

final accuracies:
0.0    0.1    0.2    0.3    0.4    0.5    0.6    0.7    0.8    0.9    1.0   
0.805  0.776  0.744  0.688  0.685  0.689  0.677  0.673  0.695  0.696  0.687 
[0.65, 0.66, 0.66, 0.66, 0.65, 0.65, 0.64, 0.63, 0.63, 0.63, 0.63] [0.66, 0.64, 0.63, 0.64, 0.65, 0.66, 0.67, 0.68, 0.68, 0.67, 0.68]

best accuracies:
0.0    0.1    0.2    0.3    0.4    0.5    0.6    0.7    0.8    0.9    1.0   
0.805  0.776  0.744  0.688  0.685  0.689  0.677  0.673  0.695  0.696  0.687 
Traceback (most recent call last):
  File "train_sandbox.py", line 95, in <module>
    raise ValueError(
ValueError: train_env_sizes must match the number of train_envs. Got 4 sizes for 5 train environments.
Traceback (most recent call last):
  File "train_sandbox.py", line 95, in <module>
    raise ValueError(
ValueError: train_env_sizes must match the number of train_envs. Got 4 sizes for 5 train environments.
Traceback (most recent call last):
  File "train_sandbox.py", line 95, in <module>
    raise ValueError(
ValueError: train_env_sizes must match the number of train_envs. Got 4 sizes for 5 train environments.
Traceback (most recent call last):
  File "train_sandbox.py", line 95, in <module>
    raise ValueError(
ValueError: train_env_sizes must match the number of train_envs. Got 4 sizes for 5 train environments.
Traceback (most recent call last):
  File "train_sandbox.py", line 95, in <module>
    raise ValueError(
ValueError: train_env_sizes must match the number of train_envs. Got 4 sizes for 5 train environments.
Traceback (most recent call last):
  File "train_sandbox.py", line 95, in <module>
    raise ValueError(
ValueError: train_env_sizes must match the number of train_envs. Got 4 sizes for 5 train environments.
Traceback (most recent call last):
  File "train_sandbox.py", line 95, in <module>
    raise ValueError(
ValueError: train_env_sizes must match the number of train_envs. Got 4 sizes for 5 train environments.
Traceback (most recent call last):
  File "train_sandbox.py", line 95, in <module>
    raise ValueError(
ValueError: train_env_sizes must match the number of train_envs. Got 4 sizes for 5 train environments.
Traceback (most recent call last):
  File "train_sandbox.py", line 95, in <module>
    raise ValueError(
ValueError: train_env_sizes must match the number of train_envs. Got 4 sizes for 5 train environments.
Traceback (most recent call last):
  File "train_sandbox.py", line 95, in <module>
    raise ValueError(
ValueError: train_env_sizes must match the number of train_envs. Got 4 sizes for 5 train environments.
Traceback (most recent call last):
  File "train_sandbox.py", line 95, in <module>
    raise ValueError(
ValueError: train_env_sizes must match the number of train_envs. Got 4 sizes for 5 train environments.
Traceback (most recent call last):
  File "train_sandbox.py", line 95, in <module>
    raise ValueError(
ValueError: train_env_sizes must match the number of train_envs. Got 4 sizes for 5 train environments.
Traceback (most recent call last):
  File "train_sandbox.py", line 95, in <module>
    raise ValueError(
ValueError: train_env_sizes must match the number of train_envs. Got 4 sizes for 5 train environments.
Traceback (most recent call last):
  File "train_sandbox.py", line 95, in <module>
    raise ValueError(
ValueError: train_env_sizes must match the number of train_envs. Got 4 sizes for 5 train environments.
Traceback (most recent call last):
  File "train_sandbox.py", line 95, in <module>
    raise ValueError(
ValueError: train_env_sizes must match the number of train_envs. Got 4 sizes for 5 train environments.
Traceback (most recent call last):
  File "train_sandbox.py", line 95, in <module>
    raise ValueError(
ValueError: train_env_sizes must match the number of train_envs. Got 4 sizes for 5 train environments.
Traceback (most recent call last):
  File "train_sandbox.py", line 95, in <module>
    raise ValueError(
ValueError: train_env_sizes must match the number of train_envs. Got 4 sizes for 5 train environments.
Traceback (most recent call last):
  File "train_sandbox.py", line 95, in <module>
    raise ValueError(
ValueError: train_env_sizes must match the number of train_envs. Got 4 sizes for 5 train environments.
Traceback (most recent call last):
  File "train_sandbox.py", line 95, in <module>
    raise ValueError(
ValueError: train_env_sizes must match the number of train_envs. Got 4 sizes for 5 train environments.
Traceback (most recent call last):
  File "train_sandbox.py", line 95, in <module>
    raise ValueError(
ValueError: train_env_sizes must match the number of train_envs. Got 4 sizes for 5 train environments.
Traceback (most recent call last):
  File "train_sandbox.py", line 95, in <module>
    raise ValueError(
ValueError: train_env_sizes must match the number of train_envs. Got 4 sizes for 5 train environments.
Traceback (most recent call last):
  File "train_sandbox.py", line 95, in <module>
    raise ValueError(
ValueError: train_env_sizes must match the number of train_envs. Got 4 sizes for 5 train environments.
Traceback (most recent call last):
  File "train_sandbox.py", line 95, in <module>
    raise ValueError(
ValueError: train_env_sizes must match the number of train_envs. Got 4 sizes for 5 train environments.
Traceback (most recent call last):
  File "train_sandbox.py", line 95, in <module>
    raise ValueError(
ValueError: train_env_sizes must match the number of train_envs. Got 4 sizes for 5 train environments.
Traceback (most recent call last):
  File "train_sandbox.py", line 95, in <module>
    raise ValueError(
ValueError: train_env_sizes must match the number of train_envs. Got 4 sizes for 5 train environments.
Traceback (most recent call last):
  File "train_sandbox.py", line 95, in <module>
    raise ValueError(
ValueError: train_env_sizes must match the number of train_envs. Got 4 sizes for 5 train environments.
Traceback (most recent call last):
  File "train_sandbox.py", line 95, in <module>
    raise ValueError(
ValueError: train_env_sizes must match the number of train_envs. Got 4 sizes for 5 train environments.
Traceback (most recent call last):
  File "train_sandbox.py", line 95, in <module>
    raise ValueError(
ValueError: train_env_sizes must match the number of train_envs. Got 4 sizes for 5 train environments.
Traceback (most recent call last):
  File "train_sandbox.py", line 95, in <module>
    raise ValueError(
ValueError: train_env_sizes must match the number of train_envs. Got 4 sizes for 5 train environments.
Traceback (most recent call last):
  File "train_sandbox.py", line 95, in <module>
    raise ValueError(
ValueError: train_env_sizes must match the number of train_envs. Got 4 sizes for 5 train environments.
'#' is not recognized as an internal or external command,
operable program or batch file.
'#' is not recognized as an internal or external command,
operable program or batch file.
'#' is not recognized as an internal or external command,
operable program or batch file.
'#' is not recognized as an internal or external command,
operable program or batch file.
'#' is not recognized as an internal or external command,
operable program or batch file.
Args:
	algorithm: erm
	alpha: 0.4
	batch_size: 25000
	data_dir: ..\data
	deterministic: False
	dropout_p: 0.2
	erm_pretrain_iters: 0
	eval_freq: 50
	exp_name: domain_stress
	full_resolution: False
	groupdro_eta: 1.0
	loss_fn: nll
	lr: 0.0001
	lr_cos_sched: False
	lr_factor_reduction: 1
	mlp_hidden_dim: 390
	n_workers: 0
	network: FiLMedMLP
	other_arg: default
	output_dir: ..\results\cmnist_exp
	penalty_weight: 1000
	save_ckpts: False
	seed: 0
	steps: 600
	test_env_ms: 0.9
	test_envs: 0.1,0.5,0.9
	train_env_ps: (0.01, 0.12, 0.5, 0.99)
	train_env_size_mode: random
	train_env_sizes: 
	train_env_sizes_parsed: None
	train_envs: 0.01,0.12,0.5,0.99
	weight_decay: 0
Train environment sample counts: [12500, 12500, 12500, 12500]
0.1_acc       0.1_loss      0.5_acc       0.5_loss      0.9_acc       0.9_loss      avg_step_tim  epoch         loss          mem_gb        step         
0.7968000000  0.5146528482  0.6155000000  0.6579287648  0.4403000000  0.7938678265  0.3838240671  100.00000000  0.6306843758  0.7039837837  50           
0.1_acc       0.1_loss      0.5_acc       0.5_loss      0.9_acc       0.9_loss      avg_step_tim  epoch         loss          mem_gb        step         
0.7694000000  0.4879718721  0.6744000000  0.6299656630  0.5899000000  0.7551185489  0.1846939588  200.00000000  0.5982099771  0.7039837837  100          
0.1_acc       0.1_loss      0.5_acc       0.5_loss      0.9_acc       0.9_loss      avg_step_tim  epoch         loss          mem_gb        step         
0.7690000000  0.4793533087  0.6941000000  0.6198257208  0.6376000000  0.7387204170  0.1234970299  300.00000000  0.5804387927  0.7039837837  150          
0.1_acc       0.1_loss      0.5_acc       0.5_loss      0.9_acc       0.9_loss      avg_step_tim  epoch         loss          mem_gb        step         
0.7702000000  0.4745684862  0.7030000000  0.6166962981  0.6528000000  0.7346048951  0.0926997292  400.00000000  0.5671113729  0.7039837837  200          
0.1_acc       0.1_loss      0.5_acc       0.5_loss      0.9_acc       0.9_loss      avg_step_tim  epoch         loss          mem_gb        step         
0.7706000000  0.4728176296  0.7057000000  0.6172090769  0.6599000000  0.7349994779  0.0745127535  500.00000000  0.5553517938  0.7039837837  250          
0.1_acc       0.1_loss      0.5_acc       0.5_loss      0.9_acc       0.9_loss      avg_step_tim  epoch         loss          mem_gb        step         
0.7714000000  0.4712471962  0.7057000000  0.6202042103  0.6581000000  0.7415966988  0.0622190356  600.00000000  0.5428106785  0.7039837837  300          
0.1_acc       0.1_loss      0.5_acc       0.5_loss      0.9_acc       0.9_loss      avg_step_tim  epoch         loss          mem_gb        step         
0.7692000000  0.4742307365  0.7054000000  0.6251977086  0.6554000000  0.7478350401  0.0527158942  700.00000000  0.5296723247  0.7039837837  350          
0.1_acc       0.1_loss      0.5_acc       0.5_loss      0.9_acc       0.9_loss      avg_step_tim  epoch         loss          mem_gb        step         
0.7692000000  0.4792196751  0.7020000000  0.6324477196  0.6501000000  0.7579297423  0.0465576416  800.00000000  0.5131984353  0.7039837837  400          
0.1_acc       0.1_loss      0.5_acc       0.5_loss      0.9_acc       0.9_loss      avg_step_tim  epoch         loss          mem_gb        step         
0.7686000000  0.4846440852  0.6979000000  0.6431462765  0.6400000000  0.7731004953  0.0413883453  900.00000000  0.4975097775  0.7039837837  450          
0.1_acc       0.1_loss      0.5_acc       0.5_loss      0.9_acc       0.9_loss      avg_step_tim  epoch         loss          mem_gb        step         
0.7665000000  0.4926765561  0.6918000000  0.6551609635  0.6341000000  0.7885147929  0.0377201653  1000.0000000  0.4788010418  0.7039837837  500          
0.1_acc       0.1_loss      0.5_acc       0.5_loss      0.9_acc       0.9_loss      avg_step_tim  epoch         loss          mem_gb        step         
0.7638000000  0.5018370152  0.6877000000  0.6667307615  0.6285000000  0.8041626811  0.0337309595  1100.0000000  0.4623247087  0.7039837837  550          
0.1_acc       0.1_loss      0.5_acc       0.5_loss      0.9_acc       0.9_loss      avg_step_tim  epoch         loss          mem_gb        step         
0.7617000000  0.5076682568  0.6832000000  0.6826795936  0.6202000000  0.8298197985  0.0309454346  1200.0000000  0.4449063838  0.7039837837  600          
[0.67, 0.69, 0.71, 0.73, 0.75, 0.76, 0.78, 0.8, 0.82, 0.83, 0.86]

final accuracies:
0.0    0.1    0.2    0.3    0.4    0.5    0.6    0.7    0.8    0.9    1.0   
0.765  0.749  0.732  0.712  0.702  0.687  0.666  0.645  0.641  0.633  0.607 
[0.61, 0.63, 0.64, 0.66, 0.68, 0.69, 0.71, 0.72, 0.73, 0.75, 0.77]

best accuracies:
0.0    0.1    0.2    0.3    0.4    0.5    0.6    0.7    0.8    0.9    1.0   
0.772  0.760  0.748  0.731  0.720  0.714  0.690  0.677  0.675  0.675  0.654 
Args:
	algorithm: irm
	alpha: 0.4
	batch_size: 25000
	data_dir: ..\data
	deterministic: False
	dropout_p: 0.2
	erm_pretrain_iters: 400
	eval_freq: 50
	exp_name: domain_stress
	full_resolution: False
	groupdro_eta: 1.0
	loss_fn: nll
	lr: 0.0001
	lr_cos_sched: True
	lr_factor_reduction: 1
	mlp_hidden_dim: 390
	n_workers: 0
	network: FiLMedMLP
	other_arg: default
	output_dir: ..\results\cmnist_exp
	penalty_weight: 1000.0
	save_ckpts: True
	seed: 0
	steps: 600
	test_env_ms: 0.9
	test_envs: 0.1,0.5,0.9
	train_env_ps: (0.01, 0.12, 0.5, 0.99)
	train_env_size_mode: random
	train_env_sizes: 
	train_env_sizes_parsed: None
	train_envs: 0.01,0.12,0.5,0.99
	weight_decay: 0
Train environment sample counts: [12500, 12500, 12500, 12500]
0.1_acc       0.1_loss      0.5_acc       0.5_loss      0.9_acc       0.9_loss      avg_step_tim  epoch         loss          mem_gb        step         
0.7968000000  0.5146528482  0.6155000000  0.6579287648  0.4403000000  0.7938678265  0.3779974461  100.00000000  0.6306843758  0.7039837837  50           
0.1_acc       0.1_loss      0.5_acc       0.5_loss      0.9_acc       0.9_loss      avg_step_tim  epoch         loss          mem_gb        step         
0.7694000000  0.4879718721  0.6744000000  0.6299656630  0.5899000000  0.7551185489  0.1870427489  200.00000000  0.5982099771  0.7039837837  100          
0.1_acc       0.1_loss      0.5_acc       0.5_loss      0.9_acc       0.9_loss      avg_step_tim  epoch         loss          mem_gb        step         
0.7690000000  0.4793533087  0.6941000000  0.6198257208  0.6376000000  0.7387204170  0.1246580362  300.00000000  0.5804387927  0.7039837837  150          
0.1_acc       0.1_loss      0.5_acc       0.5_loss      0.9_acc       0.9_loss      avg_step_tim  epoch         loss          mem_gb        step         
0.7702000000  0.4745684862  0.7030000000  0.6166962981  0.6528000000  0.7346048951  0.0935408998  400.00000000  0.5671113729  0.7039837837  200          
0.1_acc       0.1_loss      0.5_acc       0.5_loss      0.9_acc       0.9_loss      avg_step_tim  epoch         loss          mem_gb        step         
0.7706000000  0.4728176296  0.7057000000  0.6172090769  0.6599000000  0.7349994779  0.0775036745  500.00000000  0.5553517938  0.7039837837  250          
0.1_acc       0.1_loss      0.5_acc       0.5_loss      0.9_acc       0.9_loss      avg_step_tim  epoch         loss          mem_gb        step         
0.7714000000  0.4712471962  0.7057000000  0.6202042103  0.6581000000  0.7415966988  0.0626892678  600.00000000  0.5428106785  0.7039837837  300          
0.1_acc       0.1_loss      0.5_acc       0.5_loss      0.9_acc       0.9_loss      avg_step_tim  epoch         loss          mem_gb        step         
0.7692000000  0.4742307365  0.7054000000  0.6251977086  0.6554000000  0.7478350401  0.0540236834  700.00000000  0.5296723247  0.7039837837  350          
0.1_acc       0.1_loss      0.5_acc       0.5_loss      0.9_acc       0.9_loss      avg_step_tim  epoch         loss          mem_gb        step         
0.7692000000  0.4792196751  0.7020000000  0.6324477196  0.6501000000  0.7579297423  0.0473614484  800.00000000  0.5131984353  0.7039837837  400          
Saved ERM-pretrained model.
0.1_acc       0.1_loss      0.5_acc       0.5_loss      0.9_acc       0.9_loss      avg_step_tim  epoch         erm_loss      loss          mem_gb        penalty       step         
0.7315000000  0.5833996534  0.7164000000  0.6143919230  0.7133000000  0.6229820848  0.0424837436  900.00000000  0.5282152295  0.0005415972  0.7039885521  0.0000133820  450          
0.1_acc       0.1_loss      0.5_acc       0.5_loss      0.9_acc       0.9_loss      avg_step_tim  epoch         erm_loss      loss          mem_gb        penalty       step         
0.7310000000  0.5860210657  0.7170000000  0.6139987707  0.7146000000  0.6198369861  0.0380502110  1000.0000000  0.5281578302  0.0005329195  0.7039885521  0.0000047617  500          
0.1_acc       0.1_loss      0.5_acc       0.5_loss      0.9_acc       0.9_loss      avg_step_tim  epoch         erm_loss      loss          mem_gb        penalty       step         
0.7311000000  0.5848089457  0.7166000000  0.6141287088  0.7138000000  0.6211571097  0.0345324529  1100.0000000  0.5288540721  0.0005340856  0.7039885521  0.0000052314  550          
0.1_acc       0.1_loss      0.5_acc       0.5_loss      0.9_acc       0.9_loss      avg_step_tim  epoch         erm_loss      loss          mem_gb        penalty       step         
0.7312000000  0.5843424201  0.7165000000  0.6141461730  0.7138000000  0.6216361523  0.0319461548  1200.0000000  0.5288903713  0.0005319211  0.7039885521  0.0000030307  600          
[0.61, 0.61, 0.61, 0.61, 0.62, 0.62, 0.62, 0.62, 0.62, 0.63, 0.63]

final accuracies:
0.0    0.1    0.2    0.3    0.4    0.5    0.6    0.7    0.8    0.9    1.0   
0.719  0.719  0.721  0.719  0.717  0.725  0.711  0.708  0.724  0.731  0.720 
[0.61, 0.61, 0.61, 0.61, 0.61, 0.62, 0.62, 0.62, 0.62, 0.62, 0.63]

best accuracies:
0.0    0.1    0.2    0.3    0.4    0.5    0.6    0.7    0.8    0.9    1.0   
0.718  0.718  0.720  0.718  0.717  0.726  0.711  0.708  0.724  0.732  0.721 
Args:
	algorithm: groupdro
	alpha: 0.4
	batch_size: 25000
	data_dir: ..\data
	deterministic: False
	dropout_p: 0.2
	erm_pretrain_iters: 400
	eval_freq: 50
	exp_name: domain_stress
	full_resolution: False
	groupdro_eta: 0.1
	loss_fn: nll
	lr: 0.0001
	lr_cos_sched: True
	lr_factor_reduction: 1
	mlp_hidden_dim: 390
	n_workers: 0
	network: FiLMedMLP
	other_arg: default
	output_dir: ..\results\cmnist_exp
	penalty_weight: 1000
	save_ckpts: True
	seed: 0
	steps: 1000
	test_env_ms: 0.9
	test_envs: 0.1,0.5,0.9
	train_env_ps: (0.01, 0.12, 0.5, 0.99)
	train_env_size_mode: random
	train_env_sizes: 
	train_env_sizes_parsed: None
	train_envs: 0.01,0.12,0.5,0.99
	weight_decay: 0
Train environment sample counts: [12500, 12500, 12500, 12500]
train_sandbox.py:189: FutureWarning: You are using `torch.load` with `weights_only=False` (the current default value), which uses the default pickle module implicitly. It is possible to construct malicious pickle data which will execute arbitrary code during unpickling (See https://github.com/pytorch/pytorch/blob/main/SECURITY.md#untrusted-models for more details). In a future release, the default value for `weights_only` will be flipped to `True`. This limits the functions that could be executed during unpickling. Arbitrary objects will no longer be allowed to be loaded via this mode unless they are explicitly allowlisted by the user via `torch.serialization.add_safe_globals`. We recommend you start setting `weights_only=True` for any use case where you don't have full control of the loaded file. Please open an issue on GitHub for any issues related to this experimental feature.
  algorithm.load_state_dict(torch.load(erm_ckpt_pth, map_location=device), strict=False)
ERM-pretrained model loaded: d2aac4cc204589be8a1503fc6719ff34.
0.1_acc       0.1_loss      0.5_acc       0.5_loss      0.9_acc       0.9_loss      avg_step_tim  epoch         loss          mem_gb        step         
0.7357000000  0.5731343627  0.7115000000  0.6196966767  0.6978000000  0.6436852217  0.0430756256  900.00000000  0.5189329386  0.5219612122  450          
0.1_acc       0.1_loss      0.5_acc       0.5_loss      0.9_acc       0.9_loss      avg_step_tim  epoch         loss          mem_gb        step         
0.7313000000  0.5864171982  0.7114000000  0.6265633702  0.6967000000  0.6438219547  0.0403644962  1000.0000000  0.5088206530  0.5219616890  500          
0.1_acc       0.1_loss      0.5_acc       0.5_loss      0.9_acc       0.9_loss      avg_step_tim  epoch         loss          mem_gb        step         
0.7265000000  0.5922793746  0.7089000000  0.6343333721  0.6936000000  0.6534717083  0.0367593470  1100.0000000  0.4923949242  0.5219616890  550          
0.1_acc       0.1_loss      0.5_acc       0.5_loss      0.9_acc       0.9_loss      avg_step_tim  epoch         loss          mem_gb        step         
0.7278000000  0.5892644525  0.7048000000  0.6423057914  0.6861000000  0.6719925404  0.0319569556  1200.0000000  0.4806590080  0.5219616890  600          
0.1_acc       0.1_loss      0.5_acc       0.5_loss      0.9_acc       0.9_loss      avg_step_tim  epoch         loss          mem_gb        step         
0.7259000000  0.5929538012  0.7008000000  0.6504456997  0.6833000000  0.6838070750  0.0291251799  1300.0000000  0.4706513286  0.5219616890  650          
0.1_acc       0.1_loss      0.5_acc       0.5_loss      0.9_acc       0.9_loss      avg_step_tim  epoch         loss          mem_gb        step         
0.7273000000  0.5916382670  0.6995000000  0.6574062109  0.6787000000  0.6991354227  0.0270897658  1400.0000000  0.4608961940  0.5219616890  700          
0.1_acc       0.1_loss      0.5_acc       0.5_loss      0.9_acc       0.9_loss      avg_step_tim  epoch         loss          mem_gb        step         
0.7263000000  0.5938618779  0.6967000000  0.6624351740  0.6764000000  0.7066602111  0.0254798263  1500.0000000  0.4555398524  0.5219616890  750          
0.1_acc       0.1_loss      0.5_acc       0.5_loss      0.9_acc       0.9_loss      avg_step_tim  epoch         loss          mem_gb        step         
0.7253000000  0.5959054232  0.6947000000  0.6658965349  0.6742000000  0.7110261917  0.0241236779  1600.0000000  0.4522138238  0.5219616890  800          
0.1_acc       0.1_loss      0.5_acc       0.5_loss      0.9_acc       0.9_loss      avg_step_tim  epoch         loss          mem_gb        step         
0.7242000000  0.5972154140  0.6940000000  0.6688767672  0.6744000000  0.7154436111  0.0229433133  1700.0000000  0.4501183927  0.5219616890  850          
0.1_acc       0.1_loss      0.5_acc       0.5_loss      0.9_acc       0.9_loss      avg_step_tim  epoch         loss          mem_gb        step         
0.7255000000  0.5956846476  0.6937000000  0.6703590155  0.6729000000  0.7200221419  0.0213585650  1800.0000000  0.4461869299  0.5219616890  900          
0.1_acc       0.1_loss      0.5_acc       0.5_loss      0.9_acc       0.9_loss      avg_step_tim  epoch         loss          mem_gb        step         
0.7247000000  0.5962247849  0.6934000000  0.6707711816  0.6727000000  0.7202500105  0.0200654532  1900.0000000  0.4457458258  0.5219616890  950          
0.1_acc       0.1_loss      0.5_acc       0.5_loss      0.9_acc       0.9_loss      avg_step_tim  epoch         loss          mem_gb        step         
0.7249000000  0.5959872603  0.6934000000  0.6708871722  0.6727000000  0.7207244635  0.0190009334  2000.0000000  0.4446003139  0.5219616890  1000         
[0.66, 0.67, 0.67, 0.68, 0.69, 0.69, 0.7, 0.7, 0.71, 0.71, 0.73]

final accuracies:
0.0    0.1    0.2    0.3    0.4    0.5    0.6    0.7    0.8    0.9    1.0   
0.716  0.710  0.705  0.699  0.700  0.695  0.683  0.674  0.683  0.688  0.673 
[0.61, 0.62, 0.62, 0.62, 0.63, 0.63, 0.63, 0.64, 0.64, 0.64, 0.65]

best accuracies:
0.0    0.1    0.2    0.3    0.4    0.5    0.6    0.7    0.8    0.9    1.0   
0.725  0.724  0.720  0.716  0.713  0.720  0.705  0.700  0.712  0.718  0.704 
Args:
	algorithm: iro
	alpha: 0.4
	batch_size: 25000
	data_dir: ..\data
	deterministic: False
	dropout_p: 0.2
	erm_pretrain_iters: 400
	eval_freq: 50
	exp_name: domain_stress
	full_resolution: False
	groupdro_eta: 1.0
	loss_fn: nll
	lr: 0.0001
	lr_cos_sched: True
	lr_factor_reduction: 1
	mlp_hidden_dim: 390
	n_workers: 0
	network: FiLMedMLP
	other_arg: default
	output_dir: ..\results\cmnist_exp
	penalty_weight: 1000
	save_ckpts: True
	seed: 0
	steps: 600
	test_env_ms: 0.9
	test_envs: 0.1,0.5,0.9
	train_env_ps: (0.01, 0.12, 0.5, 0.99)
	train_env_size_mode: random
	train_env_sizes: 
	train_env_sizes_parsed: None
	train_envs: 0.01,0.12,0.5,0.99
	weight_decay: 0
Train environment sample counts: [12500, 12500, 12500, 12500]
train_sandbox.py:189: FutureWarning: You are using `torch.load` with `weights_only=False` (the current default value), which uses the default pickle module implicitly. It is possible to construct malicious pickle data which will execute arbitrary code during unpickling (See https://github.com/pytorch/pytorch/blob/main/SECURITY.md#untrusted-models for more details). In a future release, the default value for `weights_only` will be flipped to `True`. This limits the functions that could be executed during unpickling. Arbitrary objects will no longer be allowed to be loaded via this mode unless they are explicitly allowlisted by the user via `torch.serialization.add_safe_globals`. We recommend you start setting `weights_only=True` for any use case where you don't have full control of the loaded file. Please open an issue on GitHub for any issues related to this experimental feature.
  algorithm.load_state_dict(torch.load(erm_ckpt_pth, map_location=device), strict=False)
ERM-pretrained model loaded: d2aac4cc204589be8a1503fc6719ff34.
0.1_acc       0.1_loss      0.5_acc       0.5_loss      0.9_acc       0.9_loss      avg_step_tim  epoch         loss          mem_gb        step         
0.6682000000  0.6801973581  0.6327000000  0.6671631932  0.6030000000  0.6681030393  1.2739318509  900.00000000  0.0652723983  8.1608018875  450          
0.1_acc       0.1_loss      0.5_acc       0.5_loss      0.9_acc       0.9_loss      avg_step_tim  epoch         loss          mem_gb        step         
0.6980000000  0.6585226655  0.6695000000  0.6401317716  0.6563000000  0.6434438825  1.1176654491  1000.0000000  0.0626759455  8.1608018875  500          
0.1_acc       0.1_loss      0.5_acc       0.5_loss      0.9_acc       0.9_loss      avg_step_tim  epoch         loss          mem_gb        step         
0.6928000000  0.6487073898  0.6803000000  0.6291469336  0.6760000000  0.6320173740  1.0168848150  1100.0000000  0.0609417669  8.1608018875  550          
0.1_acc       0.1_loss      0.5_acc       0.5_loss      0.9_acc       0.9_loss      avg_step_tim  epoch         loss          mem_gb        step         
0.6926000000  0.6474372149  0.6797000000  0.6281114817  0.6757000000  0.6301934123  0.9362464829  1200.0000000  0.0606553182  8.1608018875  600          
[0.65, 0.65, 0.65, 0.65, 0.64, 0.64, 0.64, 0.63, 0.63, 0.63, 0.63] [0.68, 0.68, 0.68, 0.68, 0.68, 0.68, 0.68, 0.68, 0.68, 0.68, 0.67]

final accuracies:
0.0    0.1    0.2    0.3    0.4    0.5    0.6    0.7    0.8    0.9    1.0   
0.677  0.683  0.684  0.685  0.686  0.694  0.678  0.673  0.687  0.683  0.674 
[0.65, 0.65, 0.65, 0.65, 0.64, 0.64, 0.64, 0.64, 0.64, 0.63, 0.63] [0.68, 0.68, 0.68, 0.68, 0.68, 0.68, 0.68, 0.68, 0.68, 0.68, 0.67]

best accuracies:
0.0    0.1    0.2    0.3    0.4    0.5    0.6    0.7    0.8    0.9    1.0   
0.679  0.685  0.684  0.686  0.686  0.694  0.679  0.672  0.688  0.683  0.673 
Args:
	algorithm: inftask
	alpha: 0.4
	batch_size: 25000
	data_dir: ..\data
	deterministic: False
	dropout_p: 0.2
	erm_pretrain_iters: 400
	eval_freq: 50
	exp_name: domain_stress
	full_resolution: False
	groupdro_eta: 1.0
	loss_fn: nll
	lr: 0.0001
	lr_cos_sched: True
	lr_factor_reduction: 1
	mlp_hidden_dim: 390
	n_workers: 0
	network: FiLMedMLP
	other_arg: default
	output_dir: ..\results\cmnist_exp
	penalty_weight: 1000
	save_ckpts: True
	seed: 0
	steps: 600
	test_env_ms: 0.9
	test_envs: 0.1,0.5,0.9
	train_env_ps: (0.01, 0.12, 0.5, 0.99)
	train_env_size_mode: random
	train_env_sizes: 
	train_env_sizes_parsed: None
	train_envs: 0.01,0.12,0.5,0.99
	weight_decay: 0
Train environment sample counts: [12500, 12500, 12500, 12500]
train_sandbox.py:189: FutureWarning: You are using `torch.load` with `weights_only=False` (the current default value), which uses the default pickle module implicitly. It is possible to construct malicious pickle data which will execute arbitrary code during unpickling (See https://github.com/pytorch/pytorch/blob/main/SECURITY.md#untrusted-models for more details). In a future release, the default value for `weights_only` will be flipped to `True`. This limits the functions that could be executed during unpickling. Arbitrary objects will no longer be allowed to be loaded via this mode unless they are explicitly allowlisted by the user via `torch.serialization.add_safe_globals`. We recommend you start setting `weights_only=True` for any use case where you don't have full control of the loaded file. Please open an issue on GitHub for any issues related to this experimental feature.
  algorithm.load_state_dict(torch.load(erm_ckpt_pth, map_location=device), strict=False)
ERM-pretrained model loaded: d2aac4cc204589be8a1503fc6719ff34.
0.1_acc       0.1_loss      0.5_acc       0.5_loss      0.9_acc       0.9_loss      avg_step_tim  epoch         loss          mem_gb        step         
0.6201000000  0.6835916638  0.6390000000  0.6689316034  0.6038000000  0.6717739105  0.0906367313  900.00000000  0.0685851052  3.0852007866  450          
0.1_acc       0.1_loss      0.5_acc       0.5_loss      0.9_acc       0.9_loss      avg_step_tim  epoch         loss          mem_gb        step         
0.6972000000  0.6648206115  0.6627000000  0.6463312507  0.6483000000  0.6500315070  0.0813789783  1000.0000000  0.0657885373  3.0852007866  500          
0.1_acc       0.1_loss      0.5_acc       0.5_loss      0.9_acc       0.9_loss      avg_step_tim  epoch         loss          mem_gb        step         
0.6918000000  0.6551395059  0.6746000000  0.6348115206  0.6683000000  0.6373094320  0.0738708609  1100.0000000  0.0642686784  3.0852007866  550          
0.1_acc       0.1_loss      0.5_acc       0.5_loss      0.9_acc       0.9_loss      avg_step_tim  epoch         loss          mem_gb        step         
0.6910000000  0.6539247036  0.6762000000  0.6331096888  0.6711000000  0.6353464127  0.0687981284  1200.0000000  0.0640629157  3.0852007866  600          
[0.66, 0.65, 0.65, 0.65, 0.65, 0.65, 0.64, 0.64, 0.64, 0.64, 0.64] [0.68, 0.69, 0.68, 0.68, 0.68, 0.68, 0.68, 0.68, 0.68, 0.68, 0.68]

final accuracies:
0.0    0.1    0.2    0.3    0.4    0.5    0.6    0.7    0.8    0.9    1.0   
0.688  0.682  0.684  0.694  0.683  0.688  0.679  0.676  0.683  0.684  0.673 
[0.66, 0.65, 0.65, 0.65, 0.65, 0.65, 0.64, 0.64, 0.64, 0.64, 0.64] [0.68, 0.69, 0.68, 0.68, 0.68, 0.68, 0.68, 0.68, 0.68, 0.68, 0.68]

best accuracies:
0.0    0.1    0.2    0.3    0.4    0.5    0.6    0.7    0.8    0.9    1.0   
0.688  0.682  0.684  0.694  0.683  0.688  0.679  0.676  0.683  0.684  0.673 
'#' is not recognized as an internal or external command,
operable program or batch file.
'#' is not recognized as an internal or external command,
operable program or batch file.
'#' is not recognized as an internal or external command,
operable program or batch file.
'#' is not recognized as an internal or external command,
operable program or batch file.
'#' is not recognized as an internal or external command,
operable program or batch file.
Args:
	algorithm: erm
	alpha: 0.4
	batch_size: 25000
	data_dir: ..\data
	deterministic: False
	dropout_p: 0.2
	erm_pretrain_iters: 0
	eval_freq: 50
	exp_name: domain_stress
	full_resolution: False
	groupdro_eta: 1.0
	loss_fn: nll
	lr: 0.0001
	lr_cos_sched: False
	lr_factor_reduction: 1
	mlp_hidden_dim: 390
	n_workers: 0
	network: FiLMedMLP
	other_arg: default
	output_dir: ..\results\cmnist_exp
	penalty_weight: 1000
	save_ckpts: False
	seed: 0
	steps: 600
	test_env_ms: 0.9
	test_envs: 0.1,0.5,0.9
	train_env_ps: (0.01, 0.12, 0.5, 0.99)
	train_env_size_mode: random
	train_env_sizes: 2000,2000,2000,2000
	train_env_sizes_parsed: (2000, 2000, 2000, 2000)
	train_envs: 0.01,0.12,0.5,0.99
	weight_decay: 0
Train environment sample counts: [2000, 2000, 2000, 2000]
0.1_acc       0.1_loss      0.5_acc       0.5_loss      0.9_acc       0.9_loss      avg_step_tim  epoch         loss          mem_gb        step         
0.7837000000  0.5115489960  0.6119000000  0.6670292020  0.4577000000  0.8011250496  0.0576391888  625.00000000  0.6211481690  0.1690945625  50           
0.1_acc       0.1_loss      0.5_acc       0.5_loss      0.9_acc       0.9_loss      avg_step_tim  epoch         loss          mem_gb        step         
0.7532000000  0.5042601228  0.6538000000  0.6518937349  0.5742000000  0.7721209526  0.0276966977  1250.0000000  0.5820984244  0.1690945625  100          
0.1_acc       0.1_loss      0.5_acc       0.5_loss      0.9_acc       0.9_loss      avg_step_tim  epoch         loss          mem_gb        step         
0.7523000000  0.5043663979  0.6689000000  0.6553939581  0.5960000000  0.7755251527  0.0210821978  1875.0000000  0.5373949409  0.1690945625  150          
0.1_acc       0.1_loss      0.5_acc       0.5_loss      0.9_acc       0.9_loss      avg_step_tim  epoch         loss          mem_gb        step         
0.7487000000  0.5173349380  0.6663000000  0.6798103452  0.6002000000  0.8079769015  0.0172047997  2500.0000000  0.4858683050  0.1690945625  200          
0.1_acc       0.1_loss      0.5_acc       0.5_loss      0.9_acc       0.9_loss      avg_step_tim  epoch         loss          mem_gb        step         
0.7380000000  0.5543753505  0.6589000000  0.7275145054  0.5931000000  0.8599905968  0.0139718714  3125.0000000  0.4210238159  0.1690945625  250          
0.1_acc       0.1_loss      0.5_acc       0.5_loss      0.9_acc       0.9_loss      avg_step_tim  epoch         loss          mem_gb        step         
0.7268000000  0.6008918285  0.6493000000  0.7996499538  0.5842000000  0.9476872087  0.0114566112  3750.0000000  0.3587230444  0.1690945625  300          
0.1_acc       0.1_loss      0.5_acc       0.5_loss      0.9_acc       0.9_loss      avg_step_tim  epoch         loss          mem_gb        step         
0.7167000000  0.6706381440  0.6447000000  0.8729298711  0.5868000000  1.0174050331  0.0097976337  4375.0000000  0.3122930229  0.1690945625  350          
0.1_acc       0.1_loss      0.5_acc       0.5_loss      0.9_acc       0.9_loss      avg_step_tim  epoch         loss          mem_gb        step         
0.7155000000  0.7179888487  0.6369000000  0.9688719511  0.5767000000  1.1487997770  0.0089321852  5000.0000000  0.2556449175  0.1690945625  400          
0.1_acc       0.1_loss      0.5_acc       0.5_loss      0.9_acc       0.9_loss      avg_step_tim  epoch         loss          mem_gb        step         
0.7120000000  0.7695466876  0.6357000000  1.0513991117  0.5757000000  1.2563250065  0.0080215650  5625.0000000  0.2212519795  0.1690945625  450          
0.1_acc       0.1_loss      0.5_acc       0.5_loss      0.9_acc       0.9_loss      avg_step_tim  epoch         loss          mem_gb        step         
0.7072000000  0.8350223303  0.6332000000  1.1261893511  0.5769000000  1.3366205692  0.0071797452  6250.0000000  0.1923065335  0.1690945625  500          
0.1_acc       0.1_loss      0.5_acc       0.5_loss      0.9_acc       0.9_loss      avg_step_tim  epoch         loss          mem_gb        step         
0.7151000000  0.8580654860  0.6291000000  1.2107301950  0.5621000000  1.4711786509  0.0065893841  6875.0000000  0.1678132862  0.1690945625  550          
0.1_acc       0.1_loss      0.5_acc       0.5_loss      0.9_acc       0.9_loss      avg_step_tim  epoch         loss          mem_gb        step         
0.7053000000  0.9279507399  0.6302000000  1.2766352892  0.5696000000  1.5313472748  0.0067475275  7500.0000000  0.1463874131  0.1690945625  600          
[1.2, 1.24, 1.27, 1.31, 1.34, 1.37, 1.41, 1.45, 1.48, 1.51, 1.55]

final accuracies:
0.0    0.1    0.2    0.3    0.4    0.5    0.6    0.7    0.8    0.9    1.0   
0.725  0.710  0.701  0.671  0.660  0.652  0.626  0.607  0.589  0.577  0.552 
[0.66, 0.68, 0.7, 0.72, 0.73, 0.75, 0.77, 0.79, 0.81, 0.82, 0.85]

best accuracies:
0.0    0.1    0.2    0.3    0.4    0.5    0.6    0.7    0.8    0.9    1.0   
0.764  0.750  0.741  0.707  0.692  0.689  0.658  0.641  0.625  0.610  0.582 
Args:
	algorithm: irm
	alpha: 0.4
	batch_size: 25000
	data_dir: ..\data
	deterministic: False
	dropout_p: 0.2
	erm_pretrain_iters: 400
	eval_freq: 50
	exp_name: domain_stress
	full_resolution: False
	groupdro_eta: 1.0
	loss_fn: nll
	lr: 0.0001
	lr_cos_sched: True
	lr_factor_reduction: 1
	mlp_hidden_dim: 390
	n_workers: 0
	network: FiLMedMLP
	other_arg: default
	output_dir: ..\results\cmnist_exp
	penalty_weight: 1000.0
	save_ckpts: True
	seed: 0
	steps: 600
	test_env_ms: 0.9
	test_envs: 0.1,0.5,0.9
	train_env_ps: (0.01, 0.12, 0.5, 0.99)
	train_env_size_mode: random
	train_env_sizes: 2000,2000,2000,2000
	train_env_sizes_parsed: (2000, 2000, 2000, 2000)
	train_envs: 0.01,0.12,0.5,0.99
	weight_decay: 0
Train environment sample counts: [2000, 2000, 2000, 2000]
0.1_acc       0.1_loss      0.5_acc       0.5_loss      0.9_acc       0.9_loss      avg_step_tim  epoch         loss          mem_gb        step         
0.7837000000  0.5115489960  0.6119000000  0.6670292020  0.4577000000  0.8011250496  0.0575334597  625.00000000  0.6211481690  0.1690945625  50           
0.1_acc       0.1_loss      0.5_acc       0.5_loss      0.9_acc       0.9_loss      avg_step_tim  epoch         loss          mem_gb        step         
0.7532000000  0.5042601228  0.6538000000  0.6518937349  0.5742000000  0.7721209526  0.0438032341  1250.0000000  0.5820984244  0.1690945625  100          
0.1_acc       0.1_loss      0.5_acc       0.5_loss      0.9_acc       0.9_loss      avg_step_tim  epoch         loss          mem_gb        step         
0.7523000000  0.5043663979  0.6689000000  0.6553939581  0.5960000000  0.7755251527  0.0382101345  1875.0000000  0.5373949409  0.1690945625  150          
0.1_acc       0.1_loss      0.5_acc       0.5_loss      0.9_acc       0.9_loss      avg_step_tim  epoch         loss          mem_gb        step         
0.7487000000  0.5173349380  0.6663000000  0.6798103452  0.6002000000  0.8079769015  0.0234023964  2500.0000000  0.4858683050  0.1690945625  200          
0.1_acc       0.1_loss      0.5_acc       0.5_loss      0.9_acc       0.9_loss      avg_step_tim  epoch         loss          mem_gb        step         
0.7380000000  0.5543753505  0.6589000000  0.7275145054  0.5931000000  0.8599905968  0.0183149109  3125.0000000  0.4210238159  0.1690945625  250          
0.1_acc       0.1_loss      0.5_acc       0.5_loss      0.9_acc       0.9_loss      avg_step_tim  epoch         loss          mem_gb        step         
0.7268000000  0.6008918285  0.6493000000  0.7996499538  0.5842000000  0.9476872087  0.0146888200  3750.0000000  0.3587230444  0.1690945625  300          
0.1_acc       0.1_loss      0.5_acc       0.5_loss      0.9_acc       0.9_loss      avg_step_tim  epoch         loss          mem_gb        step         
0.7167000000  0.6706381440  0.6447000000  0.8729298711  0.5868000000  1.0174050331  0.0125097820  4375.0000000  0.3122930229  0.1690945625  350          
0.1_acc       0.1_loss      0.5_acc       0.5_loss      0.9_acc       0.9_loss      avg_step_tim  epoch         loss          mem_gb        step         
0.7155000000  0.7179888487  0.6369000000  0.9688719511  0.5767000000  1.1487997770  0.0103497702  5000.0000000  0.2556449175  0.1690945625  400          
Saved ERM-pretrained model.
0.1_acc       0.1_loss      0.5_acc       0.5_loss      0.9_acc       0.9_loss      avg_step_tim  epoch         erm_loss      loss          mem_gb        penalty       step         
0.7035000000  0.8065424562  0.6497000000  1.0199103355  0.6132000000  1.1543585062  0.0105122651  5625.0000000  0.2711043060  0.0003312333  0.1690993309  0.0000601290  450          
0.1_acc       0.1_loss      0.5_acc       0.5_loss      0.9_acc       0.9_loss      avg_step_tim  epoch         erm_loss      loss          mem_gb        penalty       step         
0.6928000000  0.8346028924  0.6513000000  1.0107401609  0.6213000000  1.1130921841  0.0089427695  6250.0000000  0.2713875175  0.0004573264  0.1690993309  0.0001859389  500          
0.1_acc       0.1_loss      0.5_acc       0.5_loss      0.9_acc       0.9_loss      avg_step_tim  epoch         erm_loss      loss          mem_gb        penalty       step         
0.6973000000  0.8254745603  0.6530000000  1.0144848824  0.6196000000  1.1280359030  0.0085060362  6875.0000000  0.2702357173  0.0003210734  0.1690993309  0.0000508377  550          
0.1_acc       0.1_loss      0.5_acc       0.5_loss      0.9_acc       0.9_loss      avg_step_tim  epoch         erm_loss      loss          mem_gb        penalty       step         
0.6944000000  0.8357827663  0.6530000000  1.0117484331  0.6247000000  1.1127651930  0.0074777595  7500.0000000  0.2685207725  0.0002820405  0.1690993309  0.0000135197  600          
[0.96, 0.97, 0.99, 1.01, 1.02, 1.03, 1.05, 1.06, 1.08, 1.09, 1.11]

final accuracies:
0.0    0.1    0.2    0.3    0.4    0.5    0.6    0.7    0.8    0.9    1.0   
0.703  0.699  0.699  0.674  0.670  0.670  0.653  0.647  0.639  0.634  0.618 
[0.96, 0.97, 0.99, 1.01, 1.02, 1.03, 1.05, 1.06, 1.08, 1.09, 1.11]

best accuracies:
0.0    0.1    0.2    0.3    0.4    0.5    0.6    0.7    0.8    0.9    1.0   
0.703  0.699  0.699  0.674  0.670  0.670  0.653  0.647  0.639  0.634  0.618 
Args:
	algorithm: groupdro
	alpha: 0.4
	batch_size: 25000
	data_dir: ..\data
	deterministic: False
	dropout_p: 0.2
	erm_pretrain_iters: 400
	eval_freq: 50
	exp_name: domain_stress
	full_resolution: False
	groupdro_eta: 0.1
	loss_fn: nll
	lr: 0.0001
	lr_cos_sched: True
	lr_factor_reduction: 1
	mlp_hidden_dim: 390
	n_workers: 0
	network: FiLMedMLP
	other_arg: default
	output_dir: ..\results\cmnist_exp
	penalty_weight: 1000
	save_ckpts: True
	seed: 0
	steps: 1000
	test_env_ms: 0.9
	test_envs: 0.1,0.5,0.9
	train_env_ps: (0.01, 0.12, 0.5, 0.99)
	train_env_size_mode: random
	train_env_sizes: 2000,2000,2000,2000
	train_env_sizes_parsed: (2000, 2000, 2000, 2000)
	train_envs: 0.01,0.12,0.5,0.99
	weight_decay: 0
Train environment sample counts: [2000, 2000, 2000, 2000]
train_sandbox.py:189: FutureWarning: You are using `torch.load` with `weights_only=False` (the current default value), which uses the default pickle module implicitly. It is possible to construct malicious pickle data which will execute arbitrary code during unpickling (See https://github.com/pytorch/pytorch/blob/main/SECURITY.md#untrusted-models for more details). In a future release, the default value for `weights_only` will be flipped to `True`. This limits the functions that could be executed during unpickling. Arbitrary objects will no longer be allowed to be loaded via this mode unless they are explicitly allowlisted by the user via `torch.serialization.add_safe_globals`. We recommend you start setting `weights_only=True` for any use case where you don't have full control of the loaded file. Please open an issue on GitHub for any issues related to this experimental feature.
  algorithm.load_state_dict(torch.load(erm_ckpt_pth, map_location=device), strict=False)
ERM-pretrained model loaded: 73467db3604a3f193df5c99e9774e424.
0.1_acc       0.1_loss      0.5_acc       0.5_loss      0.9_acc       0.9_loss      avg_step_tim  epoch         loss          mem_gb        step         
0.6991000000  0.7953785062  0.6396000000  1.0124049187  0.5951000000  1.1555969715  0.0063711029  5625.0000000  0.2382641137  0.1395421028  450          
0.1_acc       0.1_loss      0.5_acc       0.5_loss      0.9_acc       0.9_loss      avg_step_tim  epoch         loss          mem_gb        step         
0.6984000000  0.8328574300  0.6347000000  1.0733699799  0.5904000000  1.2347806692  0.0064563413  6250.0000000  0.2150752246  0.1395425797  500          
0.1_acc       0.1_loss      0.5_acc       0.5_loss      0.9_acc       0.9_loss      avg_step_tim  epoch         loss          mem_gb        step         
0.6867000000  0.9051377773  0.6346000000  1.1154378653  0.6009000000  1.2434682846  0.0079282956  6875.0000000  0.1979909390  0.1395425797  550          
0.1_acc       0.1_loss      0.5_acc       0.5_loss      0.9_acc       0.9_loss      avg_step_tim  epoch         loss          mem_gb        step         
0.6882000000  0.9281349182  0.6338000000  1.1681866646  0.5960000000  1.3232439756  0.0077426374  7500.0000000  0.1863058060  0.1395425797  600          
0.1_acc       0.1_loss      0.5_acc       0.5_loss      0.9_acc       0.9_loss      avg_step_tim  epoch         loss          mem_gb        step         
0.6899000000  0.9505900145  0.6324000000  1.2091516256  0.5933000000  1.3793153763  0.0070004782  8125.0000000  0.1686409265  0.1395425797  650          
0.1_acc       0.1_loss      0.5_acc       0.5_loss      0.9_acc       0.9_loss      avg_step_tim  epoch         loss          mem_gb        step         
0.6913000000  0.9721372724  0.6303000000  1.2490557432  0.5902000000  1.4345395565  0.0100212942  8750.0000000  0.1651148200  0.1395425797  700          
0.1_acc       0.1_loss      0.5_acc       0.5_loss      0.9_acc       0.9_loss      avg_step_tim  epoch         loss          mem_gb        step         
0.6908000000  0.9929282665  0.6297000000  1.2754604816  0.5875000000  1.4621456861  0.0108855225  9375.0000000  0.1603052318  0.1395425797  750          
0.1_acc       0.1_loss      0.5_acc       0.5_loss      0.9_acc       0.9_loss      avg_step_tim  epoch         loss          mem_gb        step         
0.6918000000  1.0019527674  0.6298000000  1.2946685553  0.5888000000  1.4904693365  0.0065302330  10000.000000  0.1458962560  0.1395425797  800          
0.1_acc       0.1_loss      0.5_acc       0.5_loss      0.9_acc       0.9_loss      avg_step_tim  epoch         loss          mem_gb        step         
0.6933000000  1.0018857718  0.6287000000  1.3090764284  0.5852000000  1.5178332329  0.0050031143  10625.000000  0.1462204754  0.1395425797  850          
0.1_acc       0.1_loss      0.5_acc       0.5_loss      0.9_acc       0.9_loss      avg_step_tim  epoch         loss          mem_gb        step         
0.6930000000  1.0090451241  0.6298000000  1.3164463043  0.5866000000  1.5235673189  0.0049368106  11250.000000  0.1449329704  0.1395425797  900          
0.1_acc       0.1_loss      0.5_acc       0.5_loss      0.9_acc       0.9_loss      avg_step_tim  epoch         loss          mem_gb        step         
0.6933000000  1.0128030777  0.6291000000  1.3191850185  0.5863000000  1.5252254009  0.0045657813  11875.000000  0.1425285339  0.1395425797  950          
0.1_acc       0.1_loss      0.5_acc       0.5_loss      0.9_acc       0.9_loss      avg_step_tim  epoch         loss          mem_gb        step         
0.6926000000  1.0137258768  0.6291000000  1.3193339109  0.5865000000  1.5245426893  0.0043952243  12500.000000  0.1410342157  0.1395425797  1000         
[1.24, 1.27, 1.3, 1.33, 1.35, 1.38, 1.41, 1.44, 1.47, 1.5, 1.53]

final accuracies:
0.0    0.1    0.2    0.3    0.4    0.5    0.6    0.7    0.8    0.9    1.0   
0.705  0.695  0.691  0.662  0.656  0.653  0.628  0.616  0.601  0.594  0.574 
[1.05, 1.07, 1.09, 1.11, 1.13, 1.14, 1.16, 1.18, 1.2, 1.22, 1.24]

best accuracies:
0.0    0.1    0.2    0.3    0.4    0.5    0.6    0.7    0.8    0.9    1.0   
0.696  0.690  0.687  0.664  0.662  0.658  0.638  0.627  0.616  0.610  0.594 
Args:
	algorithm: iro
	alpha: 0.4
	batch_size: 25000
	data_dir: ..\data
	deterministic: False
	dropout_p: 0.2
	erm_pretrain_iters: 400
	eval_freq: 50
	exp_name: domain_stress
	full_resolution: False
	groupdro_eta: 1.0
	loss_fn: nll
	lr: 0.0001
	lr_cos_sched: True
	lr_factor_reduction: 1
	mlp_hidden_dim: 390
	n_workers: 0
	network: FiLMedMLP
	other_arg: default
	output_dir: ..\results\cmnist_exp
	penalty_weight: 1000
	save_ckpts: True
	seed: 0
	steps: 600
	test_env_ms: 0.9
	test_envs: 0.1,0.5,0.9
	train_env_ps: (0.01, 0.12, 0.5, 0.99)
	train_env_size_mode: random
	train_env_sizes: 2000,2000,2000,2000
	train_env_sizes_parsed: (2000, 2000, 2000, 2000)
	train_envs: 0.01,0.12,0.5,0.99
	weight_decay: 0
Train environment sample counts: [2000, 2000, 2000, 2000]
train_sandbox.py:189: FutureWarning: You are using `torch.load` with `weights_only=False` (the current default value), which uses the default pickle module implicitly. It is possible to construct malicious pickle data which will execute arbitrary code during unpickling (See https://github.com/pytorch/pytorch/blob/main/SECURITY.md#untrusted-models for more details). In a future release, the default value for `weights_only` will be flipped to `True`. This limits the functions that could be executed during unpickling. Arbitrary objects will no longer be allowed to be loaded via this mode unless they are explicitly allowlisted by the user via `torch.serialization.add_safe_globals`. We recommend you start setting `weights_only=True` for any use case where you don't have full control of the loaded file. Please open an issue on GitHub for any issues related to this experimental feature.
  algorithm.load_state_dict(torch.load(erm_ckpt_pth, map_location=device), strict=False)
ERM-pretrained model loaded: 73467db3604a3f193df5c99e9774e424.
0.1_acc       0.1_loss      0.5_acc       0.5_loss      0.9_acc       0.9_loss      avg_step_tim  epoch         loss          mem_gb        step         
0.6840000000  0.6689034104  0.6478000000  0.6528609395  0.6248000000  0.6615281701  0.0547411331  5625.0000000  0.0849568620  1.3667187691  450          
0.1_acc       0.1_loss      0.5_acc       0.5_loss      0.9_acc       0.9_loss      avg_step_tim  epoch         loss          mem_gb        step         
0.6915000000  0.6353877187  0.6692000000  0.6333364844  0.6627000000  0.6420310140  0.0470206704  6250.0000000  0.0764994398  1.3667187691  500          
0.1_acc       0.1_loss      0.5_acc       0.5_loss      0.9_acc       0.9_loss      avg_step_tim  epoch         loss          mem_gb        step         
0.6884000000  0.6246986389  0.6729000000  0.6335360408  0.6708000000  0.6395121217  0.0419172213  6875.0000000  0.0724900365  1.3667187691  550          
0.1_acc       0.1_loss      0.5_acc       0.5_loss      0.9_acc       0.9_loss      avg_step_tim  epoch         loss          mem_gb        step         
0.6920000000  0.6215438247  0.6730000000  0.6340829730  0.6694000000  0.6433104277  0.0373738750  7500.0000000  0.0717605352  1.3667187691  600          
[0.63, 0.63, 0.63, 0.63, 0.63, 0.63, 0.63, 0.64, 0.64, 0.64, 0.65] [0.68, 0.68, 0.68, 0.68, 0.68, 0.68, 0.67, 0.67, 0.67, 0.67, 0.67]

final accuracies:
0.0    0.1    0.2    0.3    0.4    0.5    0.6    0.7    0.8    0.9    1.0   
0.698  0.697  0.699  0.689  0.685  0.686  0.672  0.678  0.674  0.669  0.665 
[0.63, 0.63, 0.63, 0.63, 0.63, 0.63, 0.63, 0.63, 0.64, 0.64, 0.64] [0.68, 0.68, 0.68, 0.68, 0.68, 0.68, 0.68, 0.67, 0.67, 0.67, 0.67]

best accuracies:
0.0    0.1    0.2    0.3    0.4    0.5    0.6    0.7    0.8    0.9    1.0   
0.696  0.694  0.697  0.687  0.683  0.687  0.673  0.678  0.675  0.671  0.668 
Args:
	algorithm: inftask
	alpha: 0.4
	batch_size: 25000
	data_dir: ..\data
	deterministic: False
	dropout_p: 0.2
	erm_pretrain_iters: 400
	eval_freq: 50
	exp_name: domain_stress
	full_resolution: False
	groupdro_eta: 1.0
	loss_fn: nll
	lr: 0.0001
	lr_cos_sched: True
	lr_factor_reduction: 1
	mlp_hidden_dim: 390
	n_workers: 0
	network: FiLMedMLP
	other_arg: default
	output_dir: ..\results\cmnist_exp
	penalty_weight: 1000
	save_ckpts: True
	seed: 0
	steps: 600
	test_env_ms: 0.9
	test_envs: 0.1,0.5,0.9
	train_env_ps: (0.01, 0.12, 0.5, 0.99)
	train_env_size_mode: random
	train_env_sizes: 2000,2000,2000,2000
	train_env_sizes_parsed: (2000, 2000, 2000, 2000)
	train_envs: 0.01,0.12,0.5,0.99
	weight_decay: 0
Train environment sample counts: [2000, 2000, 2000, 2000]
train_sandbox.py:189: FutureWarning: You are using `torch.load` with `weights_only=False` (the current default value), which uses the default pickle module implicitly. It is possible to construct malicious pickle data which will execute arbitrary code during unpickling (See https://github.com/pytorch/pytorch/blob/main/SECURITY.md#untrusted-models for more details). In a future release, the default value for `weights_only` will be flipped to `True`. This limits the functions that could be executed during unpickling. Arbitrary objects will no longer be allowed to be loaded via this mode unless they are explicitly allowlisted by the user via `torch.serialization.add_safe_globals`. We recommend you start setting `weights_only=True` for any use case where you don't have full control of the loaded file. Please open an issue on GitHub for any issues related to this experimental feature.
  algorithm.load_state_dict(torch.load(erm_ckpt_pth, map_location=device), strict=False)
ERM-pretrained model loaded: 73467db3604a3f193df5c99e9774e424.
0.1_acc       0.1_loss      0.5_acc       0.5_loss      0.9_acc       0.9_loss      avg_step_tim  epoch         loss          mem_gb        step         
0.6674000000  0.6755836010  0.6429000000  0.6554733515  0.6317000000  0.6573740840  0.0162686883  5625.0000000  0.0779277682  0.5484056473  450          
0.1_acc       0.1_loss      0.5_acc       0.5_loss      0.9_acc       0.9_loss      avg_step_tim  epoch         loss          mem_gb        step         
0.6834000000  0.6452881098  0.6683000000  0.6336581707  0.6656000000  0.6373035312  0.0147807741  6250.0000000  0.0694805011  0.5484056473  500          
0.1_acc       0.1_loss      0.5_acc       0.5_loss      0.9_acc       0.9_loss      avg_step_tim  epoch         loss          mem_gb        step         
0.6909000000  0.6269869208  0.6710000000  0.6328498125  0.6680000000  0.6427080631  0.0134861712  6875.0000000  0.0658027008  0.5484056473  550          
0.1_acc       0.1_loss      0.5_acc       0.5_loss      0.9_acc       0.9_loss      avg_step_tim  epoch         loss          mem_gb        step         
0.6902000000  0.6260418892  0.6707000000  0.6331991553  0.6680000000  0.6430959702  0.0117664826  7500.0000000  0.0654826239  0.5484056473  600          
[0.64, 0.63, 0.63, 0.63, 0.63, 0.63, 0.63, 0.64, 0.64, 0.64, 0.65] [0.68, 0.68, 0.68, 0.68, 0.68, 0.68, 0.67, 0.67, 0.67, 0.67, 0.66]

final accuracies:
0.0    0.1    0.2    0.3    0.4    0.5    0.6    0.7    0.8    0.9    1.0   
0.698  0.699  0.693  0.693  0.688  0.690  0.675  0.686  0.674  0.671  0.662 
[0.64, 0.64, 0.63, 0.63, 0.63, 0.63, 0.63, 0.64, 0.64, 0.64, 0.65] [0.68, 0.68, 0.68, 0.68, 0.68, 0.68, 0.67, 0.67, 0.67, 0.67, 0.66]

best accuracies:
0.0    0.1    0.2    0.3    0.4    0.5    0.6    0.7    0.8    0.9    1.0   
0.698  0.698  0.692  0.692  0.688  0.689  0.675  0.685  0.675  0.671  0.662 
Args:
	algorithm: erm
	alpha: 0.4
	batch_size: 25000
	data_dir: ..\data
	deterministic: False
	dropout_p: 0.2
	erm_pretrain_iters: 0
	eval_freq: 50
	exp_name: domain_stress
	full_resolution: False
	groupdro_eta: 1.0
	loss_fn: nll
	lr: 0.0001
	lr_cos_sched: False
	lr_factor_reduction: 1
	mlp_hidden_dim: 390
	n_workers: 0
	network: FiLMedMLP
	other_arg: default
	output_dir: ..\results\cmnist_exp
	penalty_weight: 1000
	save_ckpts: False
	seed: 0
	steps: 600
	test_env_ms: 0.9
	test_envs: 0.1,0.5,0.9
	train_env_ps: (0.01, 0.12, 0.5, 0.99)
	train_env_size_mode: random
	train_env_sizes: 4000,4000,4000,4000
	train_env_sizes_parsed: (4000, 4000, 4000, 4000)
	train_envs: 0.01,0.12,0.5,0.99
	weight_decay: 0
Train environment sample counts: [4000, 4000, 4000, 4000]
0.1_acc       0.1_loss      0.5_acc       0.5_loss      0.9_acc       0.9_loss      avg_step_tim  epoch         loss          mem_gb        step         
0.7753000000  0.5097299218  0.6232000000  0.6639487147  0.4869000000  0.7976731658  0.1264270973  312.50000000  0.6233302355  0.2717189789  50           
0.1_acc       0.1_loss      0.5_acc       0.5_loss      0.9_acc       0.9_loss      avg_step_tim  epoch         loss          mem_gb        step         
0.7584000000  0.5014884472  0.6679000000  0.6410418749  0.5861000000  0.7584088445  0.0856989408  625.00000000  0.5874068737  0.2717189789  100          
0.1_acc       0.1_loss      0.5_acc       0.5_loss      0.9_acc       0.9_loss      avg_step_tim  epoch         loss          mem_gb        step         
0.7575000000  0.4978369474  0.6808000000  0.6376813054  0.6158000000  0.7543575168  0.0594993401  937.50000000  0.5609088540  0.2717189789  150          
0.1_acc       0.1_loss      0.5_acc       0.5_loss      0.9_acc       0.9_loss      avg_step_tim  epoch         loss          mem_gb        step         
0.7564000000  0.5011197925  0.6821000000  0.6462836266  0.6201000000  0.7667587399  0.0446634269  1250.0000000  0.5303888321  0.2717189789  200          
0.1_acc       0.1_loss      0.5_acc       0.5_loss      0.9_acc       0.9_loss      avg_step_tim  epoch         loss          mem_gb        step         
0.7530000000  0.5104568005  0.6734000000  0.6652078032  0.6116000000  0.7938681245  0.0350303011  1562.5000000  0.4970483780  0.2717189789  250          
0.1_acc       0.1_loss      0.5_acc       0.5_loss      0.9_acc       0.9_loss      avg_step_tim  epoch         loss          mem_gb        step         
0.7466000000  0.5290250182  0.6689000000  0.6922453642  0.6065000000  0.8264605403  0.0299038498  1875.0000000  0.4600126445  0.2717189789  300          
0.1_acc       0.1_loss      0.5_acc       0.5_loss      0.9_acc       0.9_loss      avg_step_tim  epoch         loss          mem_gb        step         
0.7396000000  0.5524587035  0.6615000000  0.7269646525  0.5955000000  0.8692255616  0.0256827089  2187.5000000  0.4208486080  0.2717189789  350          
0.1_acc       0.1_loss      0.5_acc       0.5_loss      0.9_acc       0.9_loss      avg_step_tim  epoch         loss          mem_gb        step         
0.7357000000  0.5804843307  0.6583000000  0.7706722617  0.5888000000  0.9207211733  0.0219354475  2500.0000000  0.3786798716  0.2717189789  400          
0.1_acc       0.1_loss      0.5_acc       0.5_loss      0.9_acc       0.9_loss      avg_step_tim  epoch         loss          mem_gb        step         
0.7279000000  0.6162983775  0.6520000000  0.8118978143  0.5880000000  0.9637683630  0.0195748589  2812.5000000  0.3467747867  0.2717189789  450          
0.1_acc       0.1_loss      0.5_acc       0.5_loss      0.9_acc       0.9_loss      avg_step_tim  epoch         loss          mem_gb        step         
0.7267000000  0.6406841874  0.6500000000  0.8602337837  0.5813000000  1.0292714834  0.0170293574  3125.0000000  0.3181770146  0.2717189789  500          
0.1_acc       0.1_loss      0.5_acc       0.5_loss      0.9_acc       0.9_loss      avg_step_tim  epoch         loss          mem_gb        step         
0.7229000000  0.6783450842  0.6460000000  0.9065613747  0.5806000000  1.0775765181  0.0154165810  3437.5000000  0.2905459106  0.2717189789  550          
0.1_acc       0.1_loss      0.5_acc       0.5_loss      0.9_acc       0.9_loss      avg_step_tim  epoch         loss          mem_gb        step         
0.7225000000  0.7003907561  0.6403000000  0.9590364695  0.5703000000  1.1551322937  0.0152080623  3750.0000000  0.2581290901  0.2717189789  600          
[0.91, 0.93, 0.96, 0.99, 1.02, 1.05, 1.08, 1.1, 1.13, 1.16, 1.19]

final accuracies:
0.0    0.1    0.2    0.3    0.4    0.5    0.6    0.7    0.8    0.9    1.0   
0.743  0.733  0.713  0.691  0.672  0.658  0.633  0.620  0.602  0.585  0.561 
[0.63, 0.65, 0.66, 0.68, 0.7, 0.71, 0.73, 0.75, 0.76, 0.78, 0.8]

best accuracies:
0.0    0.1    0.2    0.3    0.4    0.5    0.6    0.7    0.8    0.9    1.0   
0.771  0.760  0.749  0.723  0.707  0.699  0.672  0.664  0.648  0.631  0.609 
Args:
	algorithm: irm
	alpha: 0.4
	batch_size: 25000
	data_dir: ..\data
	deterministic: False
	dropout_p: 0.2
	erm_pretrain_iters: 400
	eval_freq: 50
	exp_name: domain_stress
	full_resolution: False
	groupdro_eta: 1.0
	loss_fn: nll
	lr: 0.0001
	lr_cos_sched: True
	lr_factor_reduction: 1
	mlp_hidden_dim: 390
	n_workers: 0
	network: FiLMedMLP
	other_arg: default
	output_dir: ..\results\cmnist_exp
	penalty_weight: 1000.0
	save_ckpts: True
	seed: 0
	steps: 600
	test_env_ms: 0.9
	test_envs: 0.1,0.5,0.9
	train_env_ps: (0.01, 0.12, 0.5, 0.99)
	train_env_size_mode: random
	train_env_sizes: 4000,4000,4000,4000
	train_env_sizes_parsed: (4000, 4000, 4000, 4000)
	train_envs: 0.01,0.12,0.5,0.99
	weight_decay: 0
Train environment sample counts: [4000, 4000, 4000, 4000]
0.1_acc       0.1_loss      0.5_acc       0.5_loss      0.9_acc       0.9_loss      avg_step_tim  epoch         loss          mem_gb        step         
0.7753000000  0.5097299218  0.6232000000  0.6639487147  0.4869000000  0.7976731658  0.1215933990  312.50000000  0.6233302355  0.2717189789  50           
0.1_acc       0.1_loss      0.5_acc       0.5_loss      0.9_acc       0.9_loss      avg_step_tim  epoch         loss          mem_gb        step         
0.7584000000  0.5014884472  0.6679000000  0.6410418749  0.5861000000  0.7584088445  0.0874993730  625.00000000  0.5874068737  0.2717189789  100          
0.1_acc       0.1_loss      0.5_acc       0.5_loss      0.9_acc       0.9_loss      avg_step_tim  epoch         loss          mem_gb        step         
0.7575000000  0.4978369474  0.6808000000  0.6376813054  0.6158000000  0.7543575168  0.0569604286  937.50000000  0.5609088540  0.2717189789  150          
0.1_acc       0.1_loss      0.5_acc       0.5_loss      0.9_acc       0.9_loss      avg_step_tim  epoch         loss          mem_gb        step         
0.7564000000  0.5011197925  0.6821000000  0.6462836266  0.6201000000  0.7667587399  0.0441057956  1250.0000000  0.5303888321  0.2717189789  200          
0.1_acc       0.1_loss      0.5_acc       0.5_loss      0.9_acc       0.9_loss      avg_step_tim  epoch         loss          mem_gb        step         
0.7530000000  0.5104568005  0.6734000000  0.6652078032  0.6116000000  0.7938681245  0.0346836414  1562.5000000  0.4970483780  0.2717189789  250          
0.1_acc       0.1_loss      0.5_acc       0.5_loss      0.9_acc       0.9_loss      avg_step_tim  epoch         loss          mem_gb        step         
0.7466000000  0.5290250182  0.6689000000  0.6922453642  0.6065000000  0.8264605403  0.0286590815  1875.0000000  0.4600126445  0.2717189789  300          
0.1_acc       0.1_loss      0.5_acc       0.5_loss      0.9_acc       0.9_loss      avg_step_tim  epoch         loss          mem_gb        step         
0.7396000000  0.5524587035  0.6615000000  0.7269646525  0.5955000000  0.8692255616  0.0254086624  2187.5000000  0.4208486080  0.2717189789  350          
0.1_acc       0.1_loss      0.5_acc       0.5_loss      0.9_acc       0.9_loss      avg_step_tim  epoch         loss          mem_gb        step         
0.7357000000  0.5804843307  0.6583000000  0.7706722617  0.5888000000  0.9207211733  0.0229008394  2500.0000000  0.3786798716  0.2717189789  400          
Saved ERM-pretrained model.
0.1_acc       0.1_loss      0.5_acc       0.5_loss      0.9_acc       0.9_loss      avg_step_tim  epoch         erm_loss      loss          mem_gb        penalty       step         
0.6940000000  0.7094433904  0.6721000000  0.7670042515  0.6642000000  0.7884352207  0.0272042555  2812.5000000  0.3953821361  0.0004132564  0.2717237473  0.0000178743  450          
0.1_acc       0.1_loss      0.5_acc       0.5_loss      0.9_acc       0.9_loss      avg_step_tim  epoch         erm_loss      loss          mem_gb        penalty       step         
0.6990000000  0.6928789616  0.6723000000  0.7685742378  0.6564000000  0.8073622584  0.0208791780  3125.0000000  0.3942405581  0.0004190111  0.2717237473  0.0000247705  500          
0.1_acc       0.1_loss      0.5_acc       0.5_loss      0.9_acc       0.9_loss      avg_step_tim  epoch         erm_loss      loss          mem_gb        penalty       step         
0.7010000000  0.6913465261  0.6719000000  0.7721500993  0.6557000000  0.8154807687  0.0167551231  3437.5000000  0.3959054351  0.0004434090  0.2717237473  0.0000475035  550          
0.1_acc       0.1_loss      0.5_acc       0.5_loss      0.9_acc       0.9_loss      avg_step_tim  epoch         erm_loss      loss          mem_gb        penalty       step         
0.7001000000  0.6952787638  0.6722000000  0.7714093328  0.6572000000  0.8103662729  0.0156802241  3750.0000000  0.3893828988  0.0004056694  0.2717237473  0.0000162865  600          
[0.74, 0.75, 0.75, 0.76, 0.77, 0.77, 0.78, 0.79, 0.79, 0.8, 0.81]

final accuracies:
0.0    0.1    0.2    0.3    0.4    0.5    0.6    0.7    0.8    0.9    1.0   
0.703  0.705  0.704  0.693  0.685  0.690  0.674  0.677  0.671  0.672  0.657 
[0.74, 0.74, 0.75, 0.75, 0.76, 0.76, 0.76, 0.77, 0.77, 0.77, 0.79]

best accuracies:
0.0    0.1    0.2    0.3    0.4    0.5    0.6    0.7    0.8    0.9    1.0   
0.695  0.699  0.699  0.689  0.684  0.692  0.678  0.679  0.676  0.679  0.664 
Args:
	algorithm: groupdro
	alpha: 0.4
	batch_size: 25000
	data_dir: ..\data
	deterministic: False
	dropout_p: 0.2
	erm_pretrain_iters: 400
	eval_freq: 50
	exp_name: domain_stress
	full_resolution: False
	groupdro_eta: 0.1
	loss_fn: nll
	lr: 0.0001
	lr_cos_sched: True
	lr_factor_reduction: 1
	mlp_hidden_dim: 390
	n_workers: 0
	network: FiLMedMLP
	other_arg: default
	output_dir: ..\results\cmnist_exp
	penalty_weight: 1000
	save_ckpts: True
	seed: 0
	steps: 1000
	test_env_ms: 0.9
	test_envs: 0.1,0.5,0.9
	train_env_ps: (0.01, 0.12, 0.5, 0.99)
	train_env_size_mode: random
	train_env_sizes: 4000,4000,4000,4000
	train_env_sizes_parsed: (4000, 4000, 4000, 4000)
	train_envs: 0.01,0.12,0.5,0.99
	weight_decay: 0
Train environment sample counts: [4000, 4000, 4000, 4000]
train_sandbox.py:189: FutureWarning: You are using `torch.load` with `weights_only=False` (the current default value), which uses the default pickle module implicitly. It is possible to construct malicious pickle data which will execute arbitrary code during unpickling (See https://github.com/pytorch/pytorch/blob/main/SECURITY.md#untrusted-models for more details). In a future release, the default value for `weights_only` will be flipped to `True`. This limits the functions that could be executed during unpickling. Arbitrary objects will no longer be allowed to be loaded via this mode unless they are explicitly allowlisted by the user via `torch.serialization.add_safe_globals`. We recommend you start setting `weights_only=True` for any use case where you don't have full control of the loaded file. Please open an issue on GitHub for any issues related to this experimental feature.
  algorithm.load_state_dict(torch.load(erm_ckpt_pth, map_location=device), strict=False)
ERM-pretrained model loaded: 8353bbff8168b77e4ceab03cd6d551c7.
0.1_acc       0.1_loss      0.5_acc       0.5_loss      0.9_acc       0.9_loss      avg_step_tim  epoch         loss          mem_gb        step         
0.7009000000  0.6671764255  0.6633000000  0.7673853040  0.6361000000  0.8314706683  0.0137349494  2812.5000000  0.3740884364  0.2166242599  450          
0.1_acc       0.1_loss      0.5_acc       0.5_loss      0.9_acc       0.9_loss      avg_step_tim  epoch         loss          mem_gb        step         
0.6948000000  0.6992094517  0.6592000000  0.7925857306  0.6393000000  0.8463101387  0.0165707774  3125.0000000  0.3541067243  0.2166247368  500          
0.1_acc       0.1_loss      0.5_acc       0.5_loss      0.9_acc       0.9_loss      avg_step_tim  epoch         loss          mem_gb        step         
0.6923000000  0.7156457901  0.6572000000  0.8177798390  0.6350000000  0.8773193359  0.0166159990  3437.5000000  0.3377739191  0.2166247368  550          
0.1_acc       0.1_loss      0.5_acc       0.5_loss      0.9_acc       0.9_loss      avg_step_tim  epoch         loss          mem_gb        step         
0.6941000000  0.7230498791  0.6537000000  0.8441960812  0.6268000000  0.9177027345  0.0142197820  3750.0000000  0.3222852349  0.2166247368  600          
0.1_acc       0.1_loss      0.5_acc       0.5_loss      0.9_acc       0.9_loss      avg_step_tim  epoch         loss          mem_gb        step         
0.6923000000  0.7435365319  0.6536000000  0.8669117093  0.6264000000  0.9395201206  0.0135988855  4062.5000000  0.3086889684  0.2166247368  650          
0.1_acc       0.1_loss      0.5_acc       0.5_loss      0.9_acc       0.9_loss      avg_step_tim  epoch         loss          mem_gb        step         
0.6930000000  0.7493341565  0.6508000000  0.8919378519  0.6186000000  0.9802937508  0.0133453911  4375.0000000  0.2907643914  0.2166247368  700          
0.1_acc       0.1_loss      0.5_acc       0.5_loss      0.9_acc       0.9_loss      avg_step_tim  epoch         loss          mem_gb        step         
0.6935000000  0.7563359141  0.6493000000  0.9060591459  0.6178000000  1.0000866652  0.0129424953  4687.5000000  0.2865744531  0.2166247368  750          
0.1_acc       0.1_loss      0.5_acc       0.5_loss      0.9_acc       0.9_loss      avg_step_tim  epoch         loss          mem_gb        step         
0.6926000000  0.7656170726  0.6496000000  0.9177489877  0.6172000000  1.0124496222  0.0115262949  5000.0000000  0.2783308029  0.2166247368  800          
0.1_acc       0.1_loss      0.5_acc       0.5_loss      0.9_acc       0.9_loss      avg_step_tim  epoch         loss          mem_gb        step         
0.6933000000  0.7659817934  0.6485000000  0.9263980985  0.6147000000  1.0278769732  0.0101156347  5312.5000000  0.2752738297  0.2166247368  850          
0.1_acc       0.1_loss      0.5_acc       0.5_loss      0.9_acc       0.9_loss      avg_step_tim  epoch         loss          mem_gb        step         
0.6943000000  0.7686030865  0.6471000000  0.9307745695  0.6134000000  1.0333652496  0.0103889447  5625.0000000  0.2692692578  0.2166247368  900          
0.1_acc       0.1_loss      0.5_acc       0.5_loss      0.9_acc       0.9_loss      avg_step_tim  epoch         loss          mem_gb        step         
0.6942000000  0.7700561285  0.6474000000  0.9319050312  0.6136000000  1.0342414379  0.0095748497  5937.5000000  0.2694253623  0.2166247368  950          
0.1_acc       0.1_loss      0.5_acc       0.5_loss      0.9_acc       0.9_loss      avg_step_tim  epoch         loss          mem_gb        step         
0.6943000000  0.7692995071  0.6474000000  0.9323120713  0.6132000000  1.0357155800  0.0088366716  6250.0000000  0.2701646090  0.2166247368  1000         
[0.88, 0.9, 0.91, 0.93, 0.95, 0.96, 0.98, 0.99, 1.01, 1.02, 1.05]

final accuracies:
0.0    0.1    0.2    0.3    0.4    0.5    0.6    0.7    0.8    0.9    1.0   
0.708  0.704  0.694  0.678  0.669  0.666  0.646  0.639  0.628  0.622  0.603 
[0.76, 0.77, 0.78, 0.79, 0.8, 0.8, 0.81, 0.82, 0.83, 0.84, 0.85]

best accuracies:
0.0    0.1    0.2    0.3    0.4    0.5    0.6    0.7    0.8    0.9    1.0   
0.701  0.702  0.697  0.685  0.673  0.677  0.659  0.662  0.651  0.651  0.637 
Args:
	algorithm: iro
	alpha: 0.4
	batch_size: 25000
	data_dir: ..\data
	deterministic: False
	dropout_p: 0.2
	erm_pretrain_iters: 400
	eval_freq: 50
	exp_name: domain_stress
	full_resolution: False
	groupdro_eta: 1.0
	loss_fn: nll
	lr: 0.0001
	lr_cos_sched: True
	lr_factor_reduction: 1
	mlp_hidden_dim: 390
	n_workers: 0
	network: FiLMedMLP
	other_arg: default
	output_dir: ..\results\cmnist_exp
	penalty_weight: 1000
	save_ckpts: True
	seed: 0
	steps: 600
	test_env_ms: 0.9
	test_envs: 0.1,0.5,0.9
	train_env_ps: (0.01, 0.12, 0.5, 0.99)
	train_env_size_mode: random
	train_env_sizes: 4000,4000,4000,4000
	train_env_sizes_parsed: (4000, 4000, 4000, 4000)
	train_envs: 0.01,0.12,0.5,0.99
	weight_decay: 0
Train environment sample counts: [4000, 4000, 4000, 4000]
train_sandbox.py:189: FutureWarning: You are using `torch.load` with `weights_only=False` (the current default value), which uses the default pickle module implicitly. It is possible to construct malicious pickle data which will execute arbitrary code during unpickling (See https://github.com/pytorch/pytorch/blob/main/SECURITY.md#untrusted-models for more details). In a future release, the default value for `weights_only` will be flipped to `True`. This limits the functions that could be executed during unpickling. Arbitrary objects will no longer be allowed to be loaded via this mode unless they are explicitly allowlisted by the user via `torch.serialization.add_safe_globals`. We recommend you start setting `weights_only=True` for any use case where you don't have full control of the loaded file. Please open an issue on GitHub for any issues related to this experimental feature.
  algorithm.load_state_dict(torch.load(erm_ckpt_pth, map_location=device), strict=False)
ERM-pretrained model loaded: 8353bbff8168b77e4ceab03cd6d551c7.
0.1_acc       0.1_loss      0.5_acc       0.5_loss      0.9_acc       0.9_loss      avg_step_tim  epoch         loss          mem_gb        step         
0.6781000000  0.6743215322  0.6622000000  0.6555925608  0.6627000000  0.6547250748  0.0910785929  2812.5000000  0.1199891791  2.6915106773  450          
0.1_acc       0.1_loss      0.5_acc       0.5_loss      0.9_acc       0.9_loss      avg_step_tim  epoch         loss          mem_gb        step         
0.6889000000  0.6439622641  0.6751000000  0.6282370090  0.6760000000  0.6282013655  0.0783341689  3125.0000000  0.1107477993  2.6915106773  500          
0.1_acc       0.1_loss      0.5_acc       0.5_loss      0.9_acc       0.9_loss      avg_step_tim  epoch         loss          mem_gb        step         
0.6914000000  0.6296117306  0.6808000000  0.6239897013  0.6773000000  0.6274288893  0.0722002090  3437.5000000  0.1060756296  2.6915106773  550          
0.1_acc       0.1_loss      0.5_acc       0.5_loss      0.9_acc       0.9_loss      avg_step_tim  epoch         loss          mem_gb        step         
0.6932000000  0.6266849041  0.6821000000  0.6235968471  0.6780000000  0.6268483996  0.0660860177  3750.0000000  0.1054542288  2.6915106773  600          
[0.63, 0.63, 0.63, 0.63, 0.62, 0.62, 0.62, 0.62, 0.63, 0.63, 0.63] [0.69, 0.69, 0.68, 0.68, 0.68, 0.68, 0.68, 0.68, 0.68, 0.68, 0.68]

final accuracies:
0.0    0.1    0.2    0.3    0.4    0.5    0.6    0.7    0.8    0.9    1.0   
0.700  0.695  0.699  0.694  0.693  0.694  0.684  0.689  0.687  0.684  0.676 
[0.63, 0.63, 0.63, 0.63, 0.62, 0.62, 0.62, 0.62, 0.63, 0.63, 0.63] [0.69, 0.69, 0.68, 0.68, 0.68, 0.68, 0.68, 0.68, 0.68, 0.68, 0.68]

best accuracies:
0.0    0.1    0.2    0.3    0.4    0.5    0.6    0.7    0.8    0.9    1.0   
0.700  0.695  0.699  0.694  0.693  0.694  0.684  0.689  0.687  0.684  0.676 
Args:
	algorithm: inftask
	alpha: 0.4
	batch_size: 25000
	data_dir: ..\data
	deterministic: False
	dropout_p: 0.2
	erm_pretrain_iters: 400
	eval_freq: 50
	exp_name: domain_stress
	full_resolution: False
	groupdro_eta: 1.0
	loss_fn: nll
	lr: 0.0001
	lr_cos_sched: True
	lr_factor_reduction: 1
	mlp_hidden_dim: 390
	n_workers: 0
	network: FiLMedMLP
	other_arg: default
	output_dir: ..\results\cmnist_exp
	penalty_weight: 1000
	save_ckpts: True
	seed: 0
	steps: 600
	test_env_ms: 0.9
	test_envs: 0.1,0.5,0.9
	train_env_ps: (0.01, 0.12, 0.5, 0.99)
	train_env_size_mode: random
	train_env_sizes: 4000,4000,4000,4000
	train_env_sizes_parsed: (4000, 4000, 4000, 4000)
	train_envs: 0.01,0.12,0.5,0.99
	weight_decay: 0
Train environment sample counts: [4000, 4000, 4000, 4000]
train_sandbox.py:189: FutureWarning: You are using `torch.load` with `weights_only=False` (the current default value), which uses the default pickle module implicitly. It is possible to construct malicious pickle data which will execute arbitrary code during unpickling (See https://github.com/pytorch/pytorch/blob/main/SECURITY.md#untrusted-models for more details). In a future release, the default value for `weights_only` will be flipped to `True`. This limits the functions that could be executed during unpickling. Arbitrary objects will no longer be allowed to be loaded via this mode unless they are explicitly allowlisted by the user via `torch.serialization.add_safe_globals`. We recommend you start setting `weights_only=True` for any use case where you don't have full control of the loaded file. Please open an issue on GitHub for any issues related to this experimental feature.
  algorithm.load_state_dict(torch.load(erm_ckpt_pth, map_location=device), strict=False)
ERM-pretrained model loaded: 8353bbff8168b77e4ceab03cd6d551c7.
0.1_acc       0.1_loss      0.5_acc       0.5_loss      0.9_acc       0.9_loss      avg_step_tim  epoch         loss          mem_gb        step         
0.6913000000  0.6733623147  0.6605000000  0.6526814103  0.6486000000  0.6597481966  0.0301635536  2812.5000000  0.1016855538  1.0639986992  450          
0.1_acc       0.1_loss      0.5_acc       0.5_loss      0.9_acc       0.9_loss      avg_step_tim  epoch         loss          mem_gb        step         
0.6904000000  0.6496151090  0.6738000000  0.6299155354  0.6791000000  0.6248344779  0.0267897029  3125.0000000  0.0945197865  1.0639986992  500          
0.1_acc       0.1_loss      0.5_acc       0.5_loss      0.9_acc       0.9_loss      avg_step_tim  epoch         loss          mem_gb        step         
0.6910000000  0.6377424598  0.6783000000  0.6253696680  0.6755000000  0.6277018785  0.0250736037  3437.5000000  0.0913427994  1.0639986992  550          
0.1_acc       0.1_loss      0.5_acc       0.5_loss      0.9_acc       0.9_loss      avg_step_tim  epoch         loss          mem_gb        step         
0.6919000000  0.6354454160  0.6788000000  0.6248800755  0.6763000000  0.6270774007  0.0228427867  3750.0000000  0.0910430029  1.0639986992  600          
[0.64, 0.64, 0.63, 0.63, 0.63, 0.63, 0.63, 0.63, 0.63, 0.63, 0.63] [0.68, 0.68, 0.68, 0.68, 0.68, 0.68, 0.68, 0.68, 0.68, 0.68, 0.67]

final accuracies:
0.0    0.1    0.2    0.3    0.4    0.5    0.6    0.7    0.8    0.9    1.0   
0.692  0.694  0.693  0.696  0.695  0.693  0.681  0.691  0.681  0.681  0.674 
[0.66, 0.65, 0.65, 0.64, 0.64, 0.64, 0.63, 0.63, 0.63, 0.63, 0.63] [0.68, 0.68, 0.68, 0.68, 0.68, 0.68, 0.68, 0.68, 0.68, 0.68, 0.68]

best accuracies:
0.0    0.1    0.2    0.3    0.4    0.5    0.6    0.7    0.8    0.9    1.0   
0.688  0.691  0.688  0.686  0.688  0.687  0.675  0.686  0.683  0.686  0.679 
Args:
	algorithm: erm
	alpha: 0.4
	batch_size: 25000
	data_dir: ..\data
	deterministic: False
	dropout_p: 0.2
	erm_pretrain_iters: 0
	eval_freq: 50
	exp_name: domain_stress
	full_resolution: False
	groupdro_eta: 1.0
	loss_fn: nll
	lr: 0.0001
	lr_cos_sched: False
	lr_factor_reduction: 1
	mlp_hidden_dim: 390
	n_workers: 0
	network: FiLMedMLP
	other_arg: default
	output_dir: ..\results\cmnist_exp
	penalty_weight: 1000
	save_ckpts: False
	seed: 0
	steps: 600
	test_env_ms: 0.9
	test_envs: 0.1,0.5,0.9
	train_env_ps: (0.01, 0.12, 0.5, 0.99)
	train_env_size_mode: random
	train_env_sizes: 8000,8000,8000,8000
	train_env_sizes_parsed: (8000, 8000, 8000, 8000)
	train_envs: 0.01,0.12,0.5,0.99
	weight_decay: 0
Train environment sample counts: [8000, 8000, 8000, 8000]
0.1_acc       0.1_loss      0.5_acc       0.5_loss      0.9_acc       0.9_loss      avg_step_tim  epoch         loss          mem_gb        step         
0.7700000000  0.5124050379  0.6239000000  0.6605430245  0.5016000000  0.7887524962  0.3074928188  156.25000000  0.6232569218  0.4771904945  50           
0.1_acc       0.1_loss      0.5_acc       0.5_loss      0.9_acc       0.9_loss      avg_step_tim  epoch         loss          mem_gb        step         
0.7569000000  0.5029534698  0.6711000000  0.6346870065  0.5991000000  0.7471280098  0.1726121950  312.50000000  0.5932654738  0.4771904945  100          
0.1_acc       0.1_loss      0.5_acc       0.5_loss      0.9_acc       0.9_loss      avg_step_tim  epoch         loss          mem_gb        step         
0.7559000000  0.4954404533  0.6897000000  0.6271703839  0.6323000000  0.7400592566  0.1157059177  468.75000000  0.5720093250  0.4771904945  150          
0.1_acc       0.1_loss      0.5_acc       0.5_loss      0.9_acc       0.9_loss      avg_step_tim  epoch         loss          mem_gb        step         
0.7536000000  0.4962999821  0.6962000000  0.6268479228  0.6470000000  0.7392752767  0.0871985698  625.00000000  0.5542089939  0.4771904945  200          
0.1_acc       0.1_loss      0.5_acc       0.5_loss      0.9_acc       0.9_loss      avg_step_tim  epoch         loss          mem_gb        step         
0.7546000000  0.4970493019  0.6934000000  0.6323580146  0.6470000000  0.7490525842  0.0702449036  781.25000000  0.5365515351  0.4771904945  250          
0.1_acc       0.1_loss      0.5_acc       0.5_loss      0.9_acc       0.9_loss      avg_step_tim  epoch         loss          mem_gb        step         
0.7551000000  0.5034101009  0.6907000000  0.6433840394  0.6402000000  0.7628313303  0.0576372957  937.50000000  0.5156109333  0.4771904945  300          
0.1_acc       0.1_loss      0.5_acc       0.5_loss      0.9_acc       0.9_loss      avg_step_tim  epoch         loss          mem_gb        step         
0.7543000000  0.5117110014  0.6847000000  0.6589099169  0.6325000000  0.7827829123  0.0478153774  1093.7500000  0.4915824234  0.4771904945  350          
0.1_acc       0.1_loss      0.5_acc       0.5_loss      0.9_acc       0.9_loss      avg_step_tim  epoch         loss          mem_gb        step         
0.7513000000  0.5238228440  0.6794000000  0.6782969832  0.6234000000  0.8075332046  0.0426406574  1250.0000000  0.4687056541  0.4771904945  400          
0.1_acc       0.1_loss      0.5_acc       0.5_loss      0.9_acc       0.9_loss      avg_step_tim  epoch         loss          mem_gb        step         
0.7441000000  0.5407932997  0.6753000000  0.6988976598  0.6178000000  0.8289760351  0.0373361556  1406.2500000  0.4432916045  0.4771904945  450          
0.1_acc       0.1_loss      0.5_acc       0.5_loss      0.9_acc       0.9_loss      avg_step_tim  epoch         loss          mem_gb        step         
0.7403000000  0.5593149066  0.6709000000  0.7225171328  0.6123000000  0.8547571301  0.0338675179  1562.5000000  0.4186463356  0.4771904945  500          
0.1_acc       0.1_loss      0.5_acc       0.5_loss      0.9_acc       0.9_loss      avg_step_tim  epoch         loss          mem_gb        step         
0.7394000000  0.5745677352  0.6650000000  0.7489136457  0.6063000000  0.8899852037  0.0309566454  1718.7500000  0.3927196860  0.4771904945  550          
0.1_acc       0.1_loss      0.5_acc       0.5_loss      0.9_acc       0.9_loss      avg_step_tim  epoch         loss          mem_gb        step         
0.7372000000  0.5891741514  0.6579000000  0.7767511010  0.5999000000  0.9263587594  0.0279156367  1875.0000000  0.3681774437  0.4771904945  600          
[0.75, 0.77, 0.79, 0.81, 0.83, 0.85, 0.87, 0.89, 0.9, 0.92, 0.95]

final accuracies:
0.0    0.1    0.2    0.3    0.4    0.5    0.6    0.7    0.8    0.9    1.0   
0.749  0.741  0.729  0.700  0.682  0.677  0.652  0.641  0.626  0.608  0.593 
[0.61, 0.63, 0.64, 0.66, 0.68, 0.69, 0.71, 0.72, 0.74, 0.75, 0.77]

best accuracies:
0.0    0.1    0.2    0.3    0.4    0.5    0.6    0.7    0.8    0.9    1.0   
0.765  0.758  0.753  0.727  0.717  0.711  0.688  0.683  0.666  0.655  0.637 
Args:
	algorithm: irm
	alpha: 0.4
	batch_size: 25000
	data_dir: ..\data
	deterministic: False
	dropout_p: 0.2
	erm_pretrain_iters: 400
	eval_freq: 50
	exp_name: domain_stress
	full_resolution: False
	groupdro_eta: 1.0
	loss_fn: nll
	lr: 0.0001
	lr_cos_sched: True
	lr_factor_reduction: 1
	mlp_hidden_dim: 390
	n_workers: 0
	network: FiLMedMLP
	other_arg: default
	output_dir: ..\results\cmnist_exp
	penalty_weight: 1000.0
	save_ckpts: True
	seed: 0
	steps: 600
	test_env_ms: 0.9
	test_envs: 0.1,0.5,0.9
	train_env_ps: (0.01, 0.12, 0.5, 0.99)
	train_env_size_mode: random
	train_env_sizes: 8000,8000,8000,8000
	train_env_sizes_parsed: (8000, 8000, 8000, 8000)
	train_envs: 0.01,0.12,0.5,0.99
	weight_decay: 0
Train environment sample counts: [8000, 8000, 8000, 8000]
0.1_acc       0.1_loss      0.5_acc       0.5_loss      0.9_acc       0.9_loss      avg_step_tim  epoch         loss          mem_gb        step         
0.7700000000  0.5124050379  0.6239000000  0.6605430245  0.5016000000  0.7887524962  0.2960607338  156.25000000  0.6232569218  0.4771904945  50           
0.1_acc       0.1_loss      0.5_acc       0.5_loss      0.9_acc       0.9_loss      avg_step_tim  epoch         loss          mem_gb        step         
0.7569000000  0.5029534698  0.6711000000  0.6346870065  0.5991000000  0.7471280098  0.1675484586  312.50000000  0.5932654738  0.4771904945  100          
0.1_acc       0.1_loss      0.5_acc       0.5_loss      0.9_acc       0.9_loss      avg_step_tim  epoch         loss          mem_gb        step         
0.7559000000  0.4954404533  0.6897000000  0.6271703839  0.6323000000  0.7400592566  0.1150551860  468.75000000  0.5720093250  0.4771904945  150          
0.1_acc       0.1_loss      0.5_acc       0.5_loss      0.9_acc       0.9_loss      avg_step_tim  epoch         loss          mem_gb        step         
0.7536000000  0.4962999821  0.6962000000  0.6268479228  0.6470000000  0.7392752767  0.0859473407  625.00000000  0.5542089939  0.4771904945  200          
0.1_acc       0.1_loss      0.5_acc       0.5_loss      0.9_acc       0.9_loss      avg_step_tim  epoch         loss          mem_gb        step         
0.7546000000  0.4970493019  0.6934000000  0.6323580146  0.6470000000  0.7490525842  0.0682120686  781.25000000  0.5365515351  0.4771904945  250          
0.1_acc       0.1_loss      0.5_acc       0.5_loss      0.9_acc       0.9_loss      avg_step_tim  epoch         loss          mem_gb        step         
0.7551000000  0.5034101009  0.6907000000  0.6433840394  0.6402000000  0.7628313303  0.0570909047  937.50000000  0.5156109333  0.4771904945  300          
0.1_acc       0.1_loss      0.5_acc       0.5_loss      0.9_acc       0.9_loss      avg_step_tim  epoch         loss          mem_gb        step         
0.7543000000  0.5117110014  0.6847000000  0.6589099169  0.6325000000  0.7827829123  0.0476824788  1093.7500000  0.4915824234  0.4771904945  350          
0.1_acc       0.1_loss      0.5_acc       0.5_loss      0.9_acc       0.9_loss      avg_step_tim  epoch         loss          mem_gb        step         
0.7513000000  0.5238228440  0.6794000000  0.6782969832  0.6234000000  0.8075332046  0.0430053687  1250.0000000  0.4687056541  0.4771904945  400          
Saved ERM-pretrained model.
0.1_acc       0.1_loss      0.5_acc       0.5_loss      0.9_acc       0.9_loss      avg_step_tim  epoch         erm_loss      loss          mem_gb        penalty       step         
0.7038000000  0.6376224160  0.6947000000  0.6612060666  0.6962000000  0.6641036868  0.0390230915  1406.2500000  0.4829001725  0.0004936558  0.4771952629  0.0000107556  450          
0.1_acc       0.1_loss      0.5_acc       0.5_loss      0.9_acc       0.9_loss      avg_step_tim  epoch         erm_loss      loss          mem_gb        penalty       step         
0.7060000000  0.6333148479  0.6936000000  0.6624683142  0.6944000000  0.6705548167  0.0354889660  1562.5000000  0.4810712039  0.0004867403  0.4771952629  0.0000056690  500          
0.1_acc       0.1_loss      0.5_acc       0.5_loss      0.9_acc       0.9_loss      avg_step_tim  epoch         erm_loss      loss          mem_gb        penalty       step         
0.7071000000  0.6313888431  0.6941000000  0.6630149484  0.6934000000  0.6732990146  0.0326853054  1718.7500000  0.4804652631  0.0004839916  0.4771952629  0.0000035263  550          
0.1_acc       0.1_loss      0.5_acc       0.5_loss      0.9_acc       0.9_loss      avg_step_tim  epoch         erm_loss      loss          mem_gb        penalty       step         
0.7055000000  0.6343128085  0.6942000000  0.6630818248  0.6950000000  0.6706264615  0.0282008533  1875.0000000  0.4793742299  0.0004821704  0.4771952629  0.0000027962  600          
[0.65, 0.65, 0.65, 0.65, 0.66, 0.66, 0.66, 0.66, 0.66, 0.66, 0.67]

final accuracies:
0.0    0.1    0.2    0.3    0.4    0.5    0.6    0.7    0.8    0.9    1.0   
0.704  0.709  0.714  0.704  0.704  0.708  0.699  0.708  0.704  0.703  0.699 
[0.64, 0.65, 0.65, 0.65, 0.65, 0.65, 0.65, 0.66, 0.66, 0.66, 0.66]

best accuracies:
0.0    0.1    0.2    0.3    0.4    0.5    0.6    0.7    0.8    0.9    1.0   
0.702  0.707  0.713  0.703  0.704  0.708  0.700  0.709  0.705  0.705  0.701 
Args:
	algorithm: groupdro
	alpha: 0.4
	batch_size: 25000
	data_dir: ..\data
	deterministic: False
	dropout_p: 0.2
	erm_pretrain_iters: 400
	eval_freq: 50
	exp_name: domain_stress
	full_resolution: False
	groupdro_eta: 0.1
	loss_fn: nll
	lr: 0.0001
	lr_cos_sched: True
	lr_factor_reduction: 1
	mlp_hidden_dim: 390
	n_workers: 0
	network: FiLMedMLP
	other_arg: default
	output_dir: ..\results\cmnist_exp
	penalty_weight: 1000
	save_ckpts: True
	seed: 0
	steps: 1000
	test_env_ms: 0.9
	test_envs: 0.1,0.5,0.9
	train_env_ps: (0.01, 0.12, 0.5, 0.99)
	train_env_size_mode: random
	train_env_sizes: 8000,8000,8000,8000
	train_env_sizes_parsed: (8000, 8000, 8000, 8000)
	train_envs: 0.01,0.12,0.5,0.99
	weight_decay: 0
Train environment sample counts: [8000, 8000, 8000, 8000]
train_sandbox.py:189: FutureWarning: You are using `torch.load` with `weights_only=False` (the current default value), which uses the default pickle module implicitly. It is possible to construct malicious pickle data which will execute arbitrary code during unpickling (See https://github.com/pytorch/pytorch/blob/main/SECURITY.md#untrusted-models for more details). In a future release, the default value for `weights_only` will be flipped to `True`. This limits the functions that could be executed during unpickling. Arbitrary objects will no longer be allowed to be loaded via this mode unless they are explicitly allowlisted by the user via `torch.serialization.add_safe_globals`. We recommend you start setting `weights_only=True` for any use case where you don't have full control of the loaded file. Please open an issue on GitHub for any issues related to this experimental feature.
  algorithm.load_state_dict(torch.load(erm_ckpt_pth, map_location=device), strict=False)
ERM-pretrained model loaded: 6efdfd1275257986539bea205652b2bb.
0.1_acc       0.1_loss      0.5_acc       0.5_loss      0.9_acc       0.9_loss      avg_step_tim  epoch         loss          mem_gb        step         
0.7126000000  0.6137126088  0.6859000000  0.6709771156  0.6721000000  0.7062722445  0.0345044025  1406.2500000  0.4660233557  0.3594012260  450          
0.1_acc       0.1_loss      0.5_acc       0.5_loss      0.9_acc       0.9_loss      avg_step_tim  epoch         loss          mem_gb        step         
0.7076000000  0.6306148171  0.6828000000  0.6820141673  0.6710000000  0.7104384303  0.0351167874  1562.5000000  0.4515992999  0.3594017029  500          
0.1_acc       0.1_loss      0.5_acc       0.5_loss      0.9_acc       0.9_loss      avg_step_tim  epoch         loss          mem_gb        step         
0.7056000000  0.6386952996  0.6785000000  0.6958901286  0.6650000000  0.7281987667  0.0315562140  1718.7500000  0.4387319684  0.3594017029  550          
0.1_acc       0.1_loss      0.5_acc       0.5_loss      0.9_acc       0.9_loss      avg_step_tim  epoch         loss          mem_gb        step         
0.7045000000  0.6461695433  0.6748000000  0.7110201716  0.6616000000  0.7482879758  0.0287562140  1875.0000000  0.4187863767  0.3594017029  600          
0.1_acc       0.1_loss      0.5_acc       0.5_loss      0.9_acc       0.9_loss      avg_step_tim  epoch         loss          mem_gb        step         
0.7006000000  0.6570354104  0.6723000000  0.7219209671  0.6590000000  0.7592767477  0.0265211590  2031.2500000  0.4122689068  0.3594017029  650          
0.1_acc       0.1_loss      0.5_acc       0.5_loss      0.9_acc       0.9_loss      avg_step_tim  epoch         loss          mem_gb        step         
0.7046000000  0.6560372710  0.6702000000  0.7349983454  0.6517000000  0.7842168808  0.0251312964  2187.5000000  0.3963782191  0.3594017029  700          
0.1_acc       0.1_loss      0.5_acc       0.5_loss      0.9_acc       0.9_loss      avg_step_tim  epoch         loss          mem_gb        step         
0.7061000000  0.6593850255  0.6672000000  0.7450158000  0.6477000000  0.7989117503  0.0226872441  2343.7500000  0.3900604248  0.3594017029  750          
0.1_acc       0.1_loss      0.5_acc       0.5_loss      0.9_acc       0.9_loss      avg_step_tim  epoch         loss          mem_gb        step         
0.7076000000  0.6591001749  0.6659000000  0.7519262433  0.6437000000  0.8117316961  0.0217027959  2500.0000000  0.3843540549  0.3594017029  800          
0.1_acc       0.1_loss      0.5_acc       0.5_loss      0.9_acc       0.9_loss      avg_step_tim  epoch         loss          mem_gb        step         
0.7065000000  0.6644611955  0.6646000000  0.7555518150  0.6434000000  0.8134726286  0.0208896575  2656.2500000  0.3827804327  0.3594017029  850          
0.1_acc       0.1_loss      0.5_acc       0.5_loss      0.9_acc       0.9_loss      avg_step_tim  epoch         loss          mem_gb        step         
0.7071000000  0.6654525399  0.6647000000  0.7578452826  0.6447000000  0.8164642453  0.0194732486  2812.5000000  0.3821596205  0.3594017029  900          
0.1_acc       0.1_loss      0.5_acc       0.5_loss      0.9_acc       0.9_loss      avg_step_tim  epoch         loss          mem_gb        step         
0.7076000000  0.6650210023  0.6646000000  0.7590813041  0.6435000000  0.8192536831  0.0182832113  2968.7500000  0.3788686991  0.3594017029  950          
0.1_acc       0.1_loss      0.5_acc       0.5_loss      0.9_acc       0.9_loss      avg_step_tim  epoch         loss          mem_gb        step         
0.7081000000  0.6641986966  0.6643000000  0.7593885064  0.6426000000  0.8206130862  0.0170088570  3125.0000000  0.3784564734  0.3594017029  1000         
[0.73, 0.74, 0.75, 0.76, 0.77, 0.78, 0.79, 0.79, 0.8, 0.81, 0.82]

final accuracies:
0.0    0.1    0.2    0.3    0.4    0.5    0.6    0.7    0.8    0.9    1.0   
0.709  0.710  0.705  0.689  0.678  0.680  0.664  0.666  0.656  0.650  0.645 
[0.65, 0.66, 0.66, 0.67, 0.67, 0.68, 0.69, 0.69, 0.69, 0.7, 0.71]

best accuracies:
0.0    0.1    0.2    0.3    0.4    0.5    0.6    0.7    0.8    0.9    1.0   
0.714  0.717  0.717  0.702  0.698  0.699  0.689  0.694  0.685  0.681  0.675 
Args:
	algorithm: iro
	alpha: 0.4
	batch_size: 25000
	data_dir: ..\data
	deterministic: False
	dropout_p: 0.2
	erm_pretrain_iters: 400
	eval_freq: 50
	exp_name: domain_stress
	full_resolution: False
	groupdro_eta: 1.0
	loss_fn: nll
	lr: 0.0001
	lr_cos_sched: True
	lr_factor_reduction: 1
	mlp_hidden_dim: 390
	n_workers: 0
	network: FiLMedMLP
	other_arg: default
	output_dir: ..\results\cmnist_exp
	penalty_weight: 1000
	save_ckpts: True
	seed: 0
	steps: 600
	test_env_ms: 0.9
	test_envs: 0.1,0.5,0.9
	train_env_ps: (0.01, 0.12, 0.5, 0.99)
	train_env_size_mode: random
	train_env_sizes: 8000,8000,8000,8000
	train_env_sizes_parsed: (8000, 8000, 8000, 8000)
	train_envs: 0.01,0.12,0.5,0.99
	weight_decay: 0
Train environment sample counts: [8000, 8000, 8000, 8000]
train_sandbox.py:189: FutureWarning: You are using `torch.load` with `weights_only=False` (the current default value), which uses the default pickle module implicitly. It is possible to construct malicious pickle data which will execute arbitrary code during unpickling (See https://github.com/pytorch/pytorch/blob/main/SECURITY.md#untrusted-models for more details). In a future release, the default value for `weights_only` will be flipped to `True`. This limits the functions that could be executed during unpickling. Arbitrary objects will no longer be allowed to be loaded via this mode unless they are explicitly allowlisted by the user via `torch.serialization.add_safe_globals`. We recommend you start setting `weights_only=True` for any use case where you don't have full control of the loaded file. Please open an issue on GitHub for any issues related to this experimental feature.
  algorithm.load_state_dict(torch.load(erm_ckpt_pth, map_location=device), strict=False)
ERM-pretrained model loaded: 6efdfd1275257986539bea205652b2bb.
0.1_acc       0.1_loss      0.5_acc       0.5_loss      0.9_acc       0.9_loss      avg_step_tim  epoch         loss          mem_gb        step         
0.6750000000  0.6750703454  0.6734000000  0.6539811492  0.6760000000  0.6536210775  0.1652051136  1406.2500000  0.1492764801  5.2909116745  450          
0.1_acc       0.1_loss      0.5_acc       0.5_loss      0.9_acc       0.9_loss      avg_step_tim  epoch         loss          mem_gb        step         
0.6885000000  0.6376771331  0.6794000000  0.6232235432  0.6819000000  0.6219461560  0.1429032068  1562.5000000  0.1390910447  5.2909116745  500          
0.1_acc       0.1_loss      0.5_acc       0.5_loss      0.9_acc       0.9_loss      avg_step_tim  epoch         loss          mem_gb        step         
0.6892000000  0.6270221472  0.6859000000  0.6187755466  0.6859000000  0.6173775196  0.1303727640  1718.7500000  0.1351829022  5.2909116745  550          
0.1_acc       0.1_loss      0.5_acc       0.5_loss      0.9_acc       0.9_loss      avg_step_tim  epoch         loss          mem_gb        step         
0.6890000000  0.6258531809  0.6863000000  0.6182200909  0.6879000000  0.6153135300  0.1203908463  1875.0000000  0.1346823722  5.2909116745  600          
[0.63, 0.63, 0.62, 0.62, 0.62, 0.62, 0.62, 0.62, 0.62, 0.62, 0.62] [0.69, 0.69, 0.69, 0.69, 0.69, 0.69, 0.69, 0.69, 0.69, 0.69, 0.69]

final accuracies:
0.0    0.1    0.2    0.3    0.4    0.5    0.6    0.7    0.8    0.9    1.0   
0.698  0.693  0.699  0.700  0.695  0.700  0.693  0.696  0.697  0.695  0.689 
[0.63, 0.63, 0.62, 0.62, 0.62, 0.62, 0.62, 0.62, 0.62, 0.62, 0.62] [0.69, 0.69, 0.69, 0.69, 0.69, 0.69, 0.69, 0.69, 0.69, 0.69, 0.69]

best accuracies:
0.0    0.1    0.2    0.3    0.4    0.5    0.6    0.7    0.8    0.9    1.0   
0.698  0.693  0.699  0.700  0.695  0.700  0.693  0.696  0.697  0.695  0.689 
Args:
	algorithm: inftask
	alpha: 0.4
	batch_size: 25000
	data_dir: ..\data
	deterministic: False
	dropout_p: 0.2
	erm_pretrain_iters: 400
	eval_freq: 50
	exp_name: domain_stress
	full_resolution: False
	groupdro_eta: 1.0
	loss_fn: nll
	lr: 0.0001
	lr_cos_sched: True
	lr_factor_reduction: 1
	mlp_hidden_dim: 390
	n_workers: 0
	network: FiLMedMLP
	other_arg: default
	output_dir: ..\results\cmnist_exp
	penalty_weight: 1000
	save_ckpts: True
	seed: 0
	steps: 600
	test_env_ms: 0.9
	test_envs: 0.1,0.5,0.9
	train_env_ps: (0.01, 0.12, 0.5, 0.99)
	train_env_size_mode: random
	train_env_sizes: 8000,8000,8000,8000
	train_env_sizes_parsed: (8000, 8000, 8000, 8000)
	train_envs: 0.01,0.12,0.5,0.99
	weight_decay: 0
Train environment sample counts: [8000, 8000, 8000, 8000]
train_sandbox.py:189: FutureWarning: You are using `torch.load` with `weights_only=False` (the current default value), which uses the default pickle module implicitly. It is possible to construct malicious pickle data which will execute arbitrary code during unpickling (See https://github.com/pytorch/pytorch/blob/main/SECURITY.md#untrusted-models for more details). In a future release, the default value for `weights_only` will be flipped to `True`. This limits the functions that could be executed during unpickling. Arbitrary objects will no longer be allowed to be loaded via this mode unless they are explicitly allowlisted by the user via `torch.serialization.add_safe_globals`. We recommend you start setting `weights_only=True` for any use case where you don't have full control of the loaded file. Please open an issue on GitHub for any issues related to this experimental feature.
  algorithm.load_state_dict(torch.load(erm_ckpt_pth, map_location=device), strict=False)
ERM-pretrained model loaded: 6efdfd1275257986539bea205652b2bb.
0.1_acc       0.1_loss      0.5_acc       0.5_loss      0.9_acc       0.9_loss      avg_step_tim  epoch         loss          mem_gb        step         
0.6599000000  0.6809811592  0.6688000000  0.6594445109  0.6804000000  0.6573979855  0.0609430514  1406.2500000  0.1162186041  2.0122299194  450          
0.1_acc       0.1_loss      0.5_acc       0.5_loss      0.9_acc       0.9_loss      avg_step_tim  epoch         loss          mem_gb        step         
0.6838000000  0.6537983418  0.6769000000  0.6311405897  0.6819000000  0.6261999011  0.0543162441  1562.5000000  0.1089574620  2.0122299194  500          
0.1_acc       0.1_loss      0.5_acc       0.5_loss      0.9_acc       0.9_loss      avg_step_tim  epoch         loss          mem_gb        step         
0.6865000000  0.6397855878  0.6816000000  0.6226634383  0.6848000000  0.6203458905  0.0515889302  1718.7500000  0.1057300642  2.0122299194  550          
0.1_acc       0.1_loss      0.5_acc       0.5_loss      0.9_acc       0.9_loss      avg_step_tim  epoch         loss          mem_gb        step         
0.6860000000  0.6386711597  0.6832000000  0.6217096448  0.6859000000  0.6181489825  0.0464478401  1875.0000000  0.1052462310  2.0122299194  600          
[0.64, 0.64, 0.63, 0.63, 0.63, 0.63, 0.62, 0.62, 0.62, 0.62, 0.62] [0.69, 0.69, 0.69, 0.69, 0.69, 0.69, 0.69, 0.69, 0.69, 0.69, 0.69]

final accuracies:
0.0    0.1    0.2    0.3    0.4    0.5    0.6    0.7    0.8    0.9    1.0   
0.688  0.692  0.690  0.696  0.698  0.699  0.685  0.697  0.692  0.694  0.687 
[0.64, 0.64, 0.63, 0.63, 0.63, 0.63, 0.62, 0.62, 0.62, 0.62, 0.62] [0.69, 0.69, 0.69, 0.69, 0.69, 0.69, 0.69, 0.69, 0.69, 0.69, 0.69]

best accuracies:
0.0    0.1    0.2    0.3    0.4    0.5    0.6    0.7    0.8    0.9    1.0   
0.688  0.692  0.690  0.696  0.698  0.699  0.685  0.697  0.692  0.694  0.687 
Args:
	algorithm: erm
	alpha: 0.4
	batch_size: 25000
	data_dir: ..\data
	deterministic: False
	dropout_p: 0.2
	erm_pretrain_iters: 0
	eval_freq: 50
	exp_name: domain_stress
	full_resolution: False
	groupdro_eta: 1.0
	loss_fn: nll
	lr: 0.0001
	lr_cos_sched: False
	lr_factor_reduction: 1
	mlp_hidden_dim: 390
	n_workers: 0
	network: FiLMedMLP
	other_arg: default
	output_dir: ..\results\cmnist_exp
	penalty_weight: 1000
	save_ckpts: False
	seed: 0
	steps: 600
	test_env_ms: 0.9
	test_envs: 0.1,0.5,0.9
	train_env_ps: (0.01, 0.12, 0.5, 0.99)
	train_env_size_mode: random
	train_env_sizes: 2000,2000,2000,2000
	train_env_sizes_parsed: (2000, 2000, 2000, 2000)
	train_envs: 0.01,0.12,0.5,0.99
	weight_decay: 0
Train environment sample counts: [2000, 2000, 2000, 2000]
0.1_acc       0.1_loss      0.5_acc       0.5_loss      0.9_acc       0.9_loss      avg_step_tim  epoch         loss          mem_gb        step         
0.7837000000  0.5115489960  0.6119000000  0.6670292020  0.4577000000  0.8011250496  0.0521949005  625.00000000  0.6211481690  0.1690945625  50           
0.1_acc       0.1_loss      0.5_acc       0.5_loss      0.9_acc       0.9_loss      avg_step_tim  epoch         loss          mem_gb        step         
0.7532000000  0.5042601228  0.6538000000  0.6518937349  0.5742000000  0.7721209526  0.0308148003  1250.0000000  0.5820984244  0.1690945625  100          
0.1_acc       0.1_loss      0.5_acc       0.5_loss      0.9_acc       0.9_loss      avg_step_tim  epoch         loss          mem_gb        step         
0.7523000000  0.5043663979  0.6689000000  0.6553939581  0.5960000000  0.7755251527  0.0280454477  1875.0000000  0.5373949409  0.1690945625  150          
0.1_acc       0.1_loss      0.5_acc       0.5_loss      0.9_acc       0.9_loss      avg_step_tim  epoch         loss          mem_gb        step         
0.7487000000  0.5173349380  0.6663000000  0.6798103452  0.6002000000  0.8079769015  0.0217885196  2500.0000000  0.4858683050  0.1690945625  200          
0.1_acc       0.1_loss      0.5_acc       0.5_loss      0.9_acc       0.9_loss      avg_step_tim  epoch         loss          mem_gb        step         
0.7380000000  0.5543753505  0.6589000000  0.7275145054  0.5931000000  0.8599905968  0.0180960951  3125.0000000  0.4210238159  0.1690945625  250          
0.1_acc       0.1_loss      0.5_acc       0.5_loss      0.9_acc       0.9_loss      avg_step_tim  epoch         loss          mem_gb        step         
0.7268000000  0.6008918285  0.6493000000  0.7996499538  0.5842000000  0.9476872087  0.0150229128  3750.0000000  0.3587230444  0.1690945625  300          
0.1_acc       0.1_loss      0.5_acc       0.5_loss      0.9_acc       0.9_loss      avg_step_tim  epoch         loss          mem_gb        step         
0.7167000000  0.6706381440  0.6447000000  0.8729298711  0.5868000000  1.0174050331  0.0121511344  4375.0000000  0.3122930229  0.1690945625  350          
0.1_acc       0.1_loss      0.5_acc       0.5_loss      0.9_acc       0.9_loss      avg_step_tim  epoch         loss          mem_gb        step         
0.7155000000  0.7179888487  0.6369000000  0.9688719511  0.5767000000  1.1487997770  0.0118866479  5000.0000000  0.2556449175  0.1690945625  400          
0.1_acc       0.1_loss      0.5_acc       0.5_loss      0.9_acc       0.9_loss      avg_step_tim  epoch         loss          mem_gb        step         
0.7120000000  0.7695466876  0.6357000000  1.0513991117  0.5757000000  1.2563250065  0.0093965583  5625.0000000  0.2212519795  0.1690945625  450          
0.1_acc       0.1_loss      0.5_acc       0.5_loss      0.9_acc       0.9_loss      avg_step_tim  epoch         loss          mem_gb        step         
0.7072000000  0.8350223303  0.6332000000  1.1261893511  0.5769000000  1.3366205692  0.0087502804  6250.0000000  0.1923065335  0.1690945625  500          
0.1_acc       0.1_loss      0.5_acc       0.5_loss      0.9_acc       0.9_loss      avg_step_tim  epoch         loss          mem_gb        step         
0.7151000000  0.8580654860  0.6291000000  1.2107301950  0.5621000000  1.4711786509  0.0083727390  6875.0000000  0.1678132862  0.1690945625  550          
0.1_acc       0.1_loss      0.5_acc       0.5_loss      0.9_acc       0.9_loss      avg_step_tim  epoch         loss          mem_gb        step         
0.7053000000  0.9279507399  0.6302000000  1.2766352892  0.5696000000  1.5313472748  0.0076663586  7500.0000000  0.1463874131  0.1690945625  600          
[1.2, 1.24, 1.27, 1.31, 1.34, 1.37, 1.41, 1.45, 1.48, 1.51, 1.55]

final accuracies:
0.0    0.1    0.2    0.3    0.4    0.5    0.6    0.7    0.8    0.9    1.0   
0.725  0.710  0.701  0.671  0.660  0.652  0.626  0.607  0.589  0.577  0.552 
[0.66, 0.68, 0.7, 0.72, 0.73, 0.75, 0.77, 0.79, 0.81, 0.82, 0.85]

best accuracies:
0.0    0.1    0.2    0.3    0.4    0.5    0.6    0.7    0.8    0.9    1.0   
0.764  0.750  0.741  0.707  0.692  0.689  0.658  0.641  0.625  0.610  0.582 
Args:
	algorithm: irm
	alpha: 0.4
	batch_size: 25000
	data_dir: ..\data
	deterministic: False
	dropout_p: 0.2
	erm_pretrain_iters: 400
	eval_freq: 50
	exp_name: domain_stress
	full_resolution: False
	groupdro_eta: 1.0
	loss_fn: nll
	lr: 0.0001
	lr_cos_sched: True
	lr_factor_reduction: 1
	mlp_hidden_dim: 390
	n_workers: 0
	network: FiLMedMLP
	other_arg: default
	output_dir: ..\results\cmnist_exp
	penalty_weight: 1000.0
	save_ckpts: True
	seed: 0
	steps: 600
	test_env_ms: 0.9
	test_envs: 0.1,0.5,0.9
	train_env_ps: (0.01, 0.12, 0.5, 0.99)
	train_env_size_mode: random
	train_env_sizes: 2000,2000,2000,2000
	train_env_sizes_parsed: (2000, 2000, 2000, 2000)
	train_envs: 0.01,0.12,0.5,0.99
	weight_decay: 0
Train environment sample counts: [2000, 2000, 2000, 2000]
train_sandbox.py:189: FutureWarning: You are using `torch.load` with `weights_only=False` (the current default value), which uses the default pickle module implicitly. It is possible to construct malicious pickle data which will execute arbitrary code during unpickling (See https://github.com/pytorch/pytorch/blob/main/SECURITY.md#untrusted-models for more details). In a future release, the default value for `weights_only` will be flipped to `True`. This limits the functions that could be executed during unpickling. Arbitrary objects will no longer be allowed to be loaded via this mode unless they are explicitly allowlisted by the user via `torch.serialization.add_safe_globals`. We recommend you start setting `weights_only=True` for any use case where you don't have full control of the loaded file. Please open an issue on GitHub for any issues related to this experimental feature.
  algorithm.load_state_dict(torch.load(erm_ckpt_pth, map_location=device), strict=False)
ERM-pretrained model loaded: 73467db3604a3f193df5c99e9774e424.
0.1_acc       0.1_loss      0.5_acc       0.5_loss      0.9_acc       0.9_loss      avg_step_tim  epoch         erm_loss      loss          mem_gb        penalty       step         
0.6913000000  0.8435690403  0.6537000000  1.0129839182  0.6269000000  1.1087983847  0.0062678862  5625.0000000  0.2759531140  0.0003198094  0.1690993309  0.0000438563  450          
0.1_acc       0.1_loss      0.5_acc       0.5_loss      0.9_acc       0.9_loss      avg_step_tim  epoch         erm_loss      loss          mem_gb        penalty       step         
0.6924000000  0.8334283233  0.6515000000  1.0157158375  0.6238000000  1.1237821579  0.0066663976  6250.0000000  0.2701682746  0.0003576991  0.1690993309  0.0000875308  500          
0.1_acc       0.1_loss      0.5_acc       0.5_loss      0.9_acc       0.9_loss      avg_step_tim  epoch         erm_loss      loss          mem_gb        penalty       step         
0.6896000000  0.8443519473  0.6513000000  1.0172952414  0.6263000000  1.1165915728  0.0083503684  6875.0000000  0.2720437944  0.0003456151  0.1690993309  0.0000735713  550          
0.1_acc       0.1_loss      0.5_acc       0.5_loss      0.9_acc       0.9_loss      avg_step_tim  epoch         erm_loss      loss          mem_gb        penalty       step         
0.6925000000  0.8359826207  0.6511000000  1.0195872784  0.6235000000  1.1287759542  0.0081273270  7500.0000000  0.2681303322  0.0003193372  0.1690993309  0.0000512069  600          
[0.97, 0.98, 1.0, 1.01, 1.03, 1.04, 1.07, 1.08, 1.09, 1.12, 1.15]

final accuracies:
0.0    0.1    0.2    0.3    0.4    0.5    0.6    0.7    0.8    0.9    1.0   
0.700  0.699  0.689  0.682  0.669  0.668  0.654  0.649  0.638  0.632  0.616 
[0.96, 0.98, 0.99, 1.0, 1.02, 1.03, 1.05, 1.06, 1.08, 1.1, 1.13]

best accuracies:
0.0    0.1    0.2    0.3    0.4    0.5    0.6    0.7    0.8    0.9    1.0   
0.698  0.698  0.690  0.682  0.669  0.671  0.655  0.653  0.642  0.636  0.621 
Args:
	algorithm: groupdro
	alpha: 0.4
	batch_size: 25000
	data_dir: ..\data
	deterministic: False
	dropout_p: 0.2
	erm_pretrain_iters: 400
	eval_freq: 50
	exp_name: domain_stress
	full_resolution: False
	groupdro_eta: 0.1
	loss_fn: nll
	lr: 0.0001
	lr_cos_sched: True
	lr_factor_reduction: 1
	mlp_hidden_dim: 390
	n_workers: 0
	network: FiLMedMLP
	other_arg: default
	output_dir: ..\results\cmnist_exp
	penalty_weight: 1000
	save_ckpts: True
	seed: 0
	steps: 1000
	test_env_ms: 0.9
	test_envs: 0.1,0.5,0.9
	train_env_ps: (0.01, 0.12, 0.5, 0.99)
	train_env_size_mode: random
	train_env_sizes: 2000,2000,2000,2000
	train_env_sizes_parsed: (2000, 2000, 2000, 2000)
	train_envs: 0.01,0.12,0.5,0.99
	weight_decay: 0
Train environment sample counts: [2000, 2000, 2000, 2000]
train_sandbox.py:189: FutureWarning: You are using `torch.load` with `weights_only=False` (the current default value), which uses the default pickle module implicitly. It is possible to construct malicious pickle data which will execute arbitrary code during unpickling (See https://github.com/pytorch/pytorch/blob/main/SECURITY.md#untrusted-models for more details). In a future release, the default value for `weights_only` will be flipped to `True`. This limits the functions that could be executed during unpickling. Arbitrary objects will no longer be allowed to be loaded via this mode unless they are explicitly allowlisted by the user via `torch.serialization.add_safe_globals`. We recommend you start setting `weights_only=True` for any use case where you don't have full control of the loaded file. Please open an issue on GitHub for any issues related to this experimental feature.
  algorithm.load_state_dict(torch.load(erm_ckpt_pth, map_location=device), strict=False)
ERM-pretrained model loaded: 73467db3604a3f193df5c99e9774e424.
0.1_acc       0.1_loss      0.5_acc       0.5_loss      0.9_acc       0.9_loss      avg_step_tim  epoch         loss          mem_gb        step         
0.6991000000  0.7953785062  0.6396000000  1.0124049187  0.5951000000  1.1555969715  0.0060141675  5625.0000000  0.2382641137  0.1395421028  450          
0.1_acc       0.1_loss      0.5_acc       0.5_loss      0.9_acc       0.9_loss      avg_step_tim  epoch         loss          mem_gb        step         
0.6984000000  0.8328574300  0.6347000000  1.0733699799  0.5904000000  1.2347806692  0.0063073683  6250.0000000  0.2150752246  0.1395425797  500          
0.1_acc       0.1_loss      0.5_acc       0.5_loss      0.9_acc       0.9_loss      avg_step_tim  epoch         loss          mem_gb        step         
0.6867000000  0.9051377773  0.6346000000  1.1154378653  0.6009000000  1.2434682846  0.0075579379  6875.0000000  0.1979909390  0.1395425797  550          
0.1_acc       0.1_loss      0.5_acc       0.5_loss      0.9_acc       0.9_loss      avg_step_tim  epoch         loss          mem_gb        step         
0.6882000000  0.9281349182  0.6338000000  1.1681866646  0.5960000000  1.3232439756  0.0070192281  7500.0000000  0.1863058060  0.1395425797  600          
0.1_acc       0.1_loss      0.5_acc       0.5_loss      0.9_acc       0.9_loss      avg_step_tim  epoch         loss          mem_gb        step         
0.6899000000  0.9505900145  0.6324000000  1.2091516256  0.5933000000  1.3793153763  0.0065718999  8125.0000000  0.1686409265  0.1395425797  650          
0.1_acc       0.1_loss      0.5_acc       0.5_loss      0.9_acc       0.9_loss      avg_step_tim  epoch         loss          mem_gb        step         
0.6913000000  0.9721372724  0.6303000000  1.2490557432  0.5902000000  1.4345395565  0.0059681569  8750.0000000  0.1651148200  0.1395425797  700          
0.1_acc       0.1_loss      0.5_acc       0.5_loss      0.9_acc       0.9_loss      avg_step_tim  epoch         loss          mem_gb        step         
0.6908000000  0.9929282665  0.6297000000  1.2754604816  0.5875000000  1.4621456861  0.0062340298  9375.0000000  0.1603052318  0.1395425797  750          
0.1_acc       0.1_loss      0.5_acc       0.5_loss      0.9_acc       0.9_loss      avg_step_tim  epoch         loss          mem_gb        step         
0.6918000000  1.0019527674  0.6298000000  1.2946685553  0.5888000000  1.4904693365  0.0057225376  10000.000000  0.1458962560  0.1395425797  800          
0.1_acc       0.1_loss      0.5_acc       0.5_loss      0.9_acc       0.9_loss      avg_step_tim  epoch         loss          mem_gb        step         
0.6933000000  1.0018857718  0.6287000000  1.3090764284  0.5852000000  1.5178332329  0.0050624587  10625.000000  0.1462204754  0.1395425797  850          
0.1_acc       0.1_loss      0.5_acc       0.5_loss      0.9_acc       0.9_loss      avg_step_tim  epoch         loss          mem_gb        step         
0.6930000000  1.0090451241  0.6298000000  1.3164463043  0.5866000000  1.5235673189  0.0049096987  11250.000000  0.1449329704  0.1395425797  900          
0.1_acc       0.1_loss      0.5_acc       0.5_loss      0.9_acc       0.9_loss      avg_step_tim  epoch         loss          mem_gb        step         
0.6933000000  1.0128030777  0.6291000000  1.3191850185  0.5863000000  1.5252254009  0.0047832700  11875.000000  0.1425285339  0.1395425797  950          
0.1_acc       0.1_loss      0.5_acc       0.5_loss      0.9_acc       0.9_loss      avg_step_tim  epoch         loss          mem_gb        step         
0.6926000000  1.0137258768  0.6291000000  1.3193339109  0.5865000000  1.5245426893  0.0045811644  12500.000000  0.1410342157  0.1395425797  1000         
[1.24, 1.27, 1.3, 1.33, 1.35, 1.38, 1.41, 1.44, 1.47, 1.5, 1.53]

final accuracies:
0.0    0.1    0.2    0.3    0.4    0.5    0.6    0.7    0.8    0.9    1.0   
0.705  0.695  0.691  0.662  0.656  0.653  0.628  0.616  0.601  0.594  0.574 
[1.05, 1.07, 1.09, 1.11, 1.13, 1.14, 1.16, 1.18, 1.2, 1.22, 1.24]

best accuracies:
0.0    0.1    0.2    0.3    0.4    0.5    0.6    0.7    0.8    0.9    1.0   
0.696  0.690  0.687  0.664  0.662  0.658  0.638  0.627  0.616  0.610  0.594 
Args:
	algorithm: iro
	alpha: 0.4
	batch_size: 25000
	data_dir: ..\data
	deterministic: False
	dropout_p: 0.2
	erm_pretrain_iters: 400
	eval_freq: 50
	exp_name: domain_stress
	full_resolution: False
	groupdro_eta: 1.0
	loss_fn: nll
	lr: 0.0001
	lr_cos_sched: True
	lr_factor_reduction: 1
	mlp_hidden_dim: 390
	n_workers: 0
	network: FiLMedMLP
	other_arg: default
	output_dir: ..\results\cmnist_exp
	penalty_weight: 1000
	save_ckpts: True
	seed: 0
	steps: 600
	test_env_ms: 0.9
	test_envs: 0.1,0.5,0.9
	train_env_ps: (0.01, 0.12, 0.5, 0.99)
	train_env_size_mode: random
	train_env_sizes: 2000,2000,2000,2000
	train_env_sizes_parsed: (2000, 2000, 2000, 2000)
	train_envs: 0.01,0.12,0.5,0.99
	weight_decay: 0
Train environment sample counts: [2000, 2000, 2000, 2000]
train_sandbox.py:189: FutureWarning: You are using `torch.load` with `weights_only=False` (the current default value), which uses the default pickle module implicitly. It is possible to construct malicious pickle data which will execute arbitrary code during unpickling (See https://github.com/pytorch/pytorch/blob/main/SECURITY.md#untrusted-models for more details). In a future release, the default value for `weights_only` will be flipped to `True`. This limits the functions that could be executed during unpickling. Arbitrary objects will no longer be allowed to be loaded via this mode unless they are explicitly allowlisted by the user via `torch.serialization.add_safe_globals`. We recommend you start setting `weights_only=True` for any use case where you don't have full control of the loaded file. Please open an issue on GitHub for any issues related to this experimental feature.
  algorithm.load_state_dict(torch.load(erm_ckpt_pth, map_location=device), strict=False)
ERM-pretrained model loaded: 73467db3604a3f193df5c99e9774e424.
0.1_acc       0.1_loss      0.5_acc       0.5_loss      0.9_acc       0.9_loss      avg_step_tim  epoch         loss          mem_gb        step         
0.6840000000  0.6689034104  0.6478000000  0.6528609395  0.6248000000  0.6615281701  0.0488640647  5625.0000000  0.0849568620  1.3667187691  450          
0.1_acc       0.1_loss      0.5_acc       0.5_loss      0.9_acc       0.9_loss      avg_step_tim  epoch         loss          mem_gb        step         
0.6915000000  0.6353877187  0.6692000000  0.6333364844  0.6627000000  0.6420310140  0.0440514770  6250.0000000  0.0764994398  1.3667187691  500          
0.1_acc       0.1_loss      0.5_acc       0.5_loss      0.9_acc       0.9_loss      avg_step_tim  epoch         loss          mem_gb        step         
0.6884000000  0.6246986389  0.6729000000  0.6335360408  0.6708000000  0.6395121217  0.0410859663  6875.0000000  0.0724900365  1.3667187691  550          
0.1_acc       0.1_loss      0.5_acc       0.5_loss      0.9_acc       0.9_loss      avg_step_tim  epoch         loss          mem_gb        step         
0.6920000000  0.6215438247  0.6730000000  0.6340829730  0.6694000000  0.6433104277  0.0374997485  7500.0000000  0.0717605352  1.3667187691  600          
[0.63, 0.63, 0.63, 0.63, 0.63, 0.63, 0.63, 0.64, 0.64, 0.64, 0.65] [0.68, 0.68, 0.68, 0.68, 0.68, 0.68, 0.67, 0.67, 0.67, 0.67, 0.67]

final accuracies:
0.0    0.1    0.2    0.3    0.4    0.5    0.6    0.7    0.8    0.9    1.0   
0.698  0.697  0.699  0.689  0.685  0.686  0.672  0.678  0.674  0.669  0.665 
[0.63, 0.63, 0.63, 0.63, 0.63, 0.63, 0.63, 0.63, 0.64, 0.64, 0.64] [0.68, 0.68, 0.68, 0.68, 0.68, 0.68, 0.68, 0.67, 0.67, 0.67, 0.67]

best accuracies:
0.0    0.1    0.2    0.3    0.4    0.5    0.6    0.7    0.8    0.9    1.0   
0.696  0.694  0.697  0.687  0.683  0.687  0.673  0.678  0.675  0.671  0.668 
Args:
	algorithm: inftask
	alpha: 0.4
	batch_size: 25000
	data_dir: ..\data
	deterministic: False
	dropout_p: 0.2
	erm_pretrain_iters: 400
	eval_freq: 50
	exp_name: domain_stress
	full_resolution: False
	groupdro_eta: 1.0
	loss_fn: nll
	lr: 0.0001
	lr_cos_sched: True
	lr_factor_reduction: 1
	mlp_hidden_dim: 390
	n_workers: 0
	network: FiLMedMLP
	other_arg: default
	output_dir: ..\results\cmnist_exp
	penalty_weight: 1000
	save_ckpts: True
	seed: 0
	steps: 600
	test_env_ms: 0.9
	test_envs: 0.1,0.5,0.9
	train_env_ps: (0.01, 0.12, 0.5, 0.99)
	train_env_size_mode: random
	train_env_sizes: 2000,2000,2000,2000
	train_env_sizes_parsed: (2000, 2000, 2000, 2000)
	train_envs: 0.01,0.12,0.5,0.99
	weight_decay: 0
Train environment sample counts: [2000, 2000, 2000, 2000]
train_sandbox.py:189: FutureWarning: You are using `torch.load` with `weights_only=False` (the current default value), which uses the default pickle module implicitly. It is possible to construct malicious pickle data which will execute arbitrary code during unpickling (See https://github.com/pytorch/pytorch/blob/main/SECURITY.md#untrusted-models for more details). In a future release, the default value for `weights_only` will be flipped to `True`. This limits the functions that could be executed during unpickling. Arbitrary objects will no longer be allowed to be loaded via this mode unless they are explicitly allowlisted by the user via `torch.serialization.add_safe_globals`. We recommend you start setting `weights_only=True` for any use case where you don't have full control of the loaded file. Please open an issue on GitHub for any issues related to this experimental feature.
  algorithm.load_state_dict(torch.load(erm_ckpt_pth, map_location=device), strict=False)
ERM-pretrained model loaded: 73467db3604a3f193df5c99e9774e424.
0.1_acc       0.1_loss      0.5_acc       0.5_loss      0.9_acc       0.9_loss      avg_step_tim  epoch         loss          mem_gb        step         
0.6674000000  0.6755836010  0.6429000000  0.6554733515  0.6317000000  0.6573740840  0.0154248709  5625.0000000  0.0779277682  0.5484056473  450          
0.1_acc       0.1_loss      0.5_acc       0.5_loss      0.9_acc       0.9_loss      avg_step_tim  epoch         loss          mem_gb        step         
0.6834000000  0.6452881098  0.6683000000  0.6336581707  0.6656000000  0.6373035312  0.0144120607  6250.0000000  0.0694805011  0.5484056473  500          
0.1_acc       0.1_loss      0.5_acc       0.5_loss      0.9_acc       0.9_loss      avg_step_tim  epoch         loss          mem_gb        step         
0.6909000000  0.6269869208  0.6710000000  0.6328498125  0.6680000000  0.6427080631  0.0126602138  6875.0000000  0.0658027008  0.5484056473  550          
0.1_acc       0.1_loss      0.5_acc       0.5_loss      0.9_acc       0.9_loss      avg_step_tim  epoch         loss          mem_gb        step         
0.6902000000  0.6260418892  0.6707000000  0.6331991553  0.6680000000  0.6430959702  0.0121976960  7500.0000000  0.0654826239  0.5484056473  600          
[0.64, 0.63, 0.63, 0.63, 0.63, 0.63, 0.63, 0.64, 0.64, 0.64, 0.65] [0.68, 0.68, 0.68, 0.68, 0.68, 0.68, 0.67, 0.67, 0.67, 0.67, 0.66]

final accuracies:
0.0    0.1    0.2    0.3    0.4    0.5    0.6    0.7    0.8    0.9    1.0   
0.698  0.699  0.693  0.693  0.688  0.690  0.675  0.686  0.674  0.671  0.662 
[0.64, 0.64, 0.63, 0.63, 0.63, 0.63, 0.63, 0.64, 0.64, 0.64, 0.65] [0.68, 0.68, 0.68, 0.68, 0.68, 0.68, 0.67, 0.67, 0.67, 0.67, 0.66]

best accuracies:
0.0    0.1    0.2    0.3    0.4    0.5    0.6    0.7    0.8    0.9    1.0   
0.698  0.698  0.692  0.692  0.688  0.689  0.675  0.685  0.675  0.671  0.662 
Args:
	algorithm: erm
	alpha: 0.4
	batch_size: 25000
	data_dir: ..\data
	deterministic: False
	dropout_p: 0.2
	erm_pretrain_iters: 0
	eval_freq: 50
	exp_name: domain_stress
	full_resolution: False
	groupdro_eta: 1.0
	loss_fn: nll
	lr: 0.0001
	lr_cos_sched: False
	lr_factor_reduction: 1
	mlp_hidden_dim: 390
	n_workers: 0
	network: FiLMedMLP
	other_arg: default
	output_dir: ..\results\cmnist_exp
	penalty_weight: 1000
	save_ckpts: False
	seed: 0
	steps: 600
	test_env_ms: 0.9
	test_envs: 0.1,0.5,0.9
	train_env_ps: (0.01, 0.12, 0.5, 0.99)
	train_env_size_mode: random
	train_env_sizes: 2000,2000,2000,4000
	train_env_sizes_parsed: (2000, 2000, 2000, 4000)
	train_envs: 0.01,0.12,0.5,0.99
	weight_decay: 0
Train environment sample counts: [2000, 2000, 2000, 4000]
0.1_acc       0.1_loss      0.5_acc       0.5_loss      0.9_acc       0.9_loss      avg_step_tim  epoch         loss          mem_gb        step         
0.6344000000  0.6606537700  0.6530000000  0.6367023587  0.6869000000  0.6025872827  0.0691139269  500.00000000  0.6300570369  0.1948385239  50           
0.1_acc       0.1_loss      0.5_acc       0.5_loss      0.9_acc       0.9_loss      avg_step_tim  epoch         loss          mem_gb        step         
0.6611000000  0.6561331749  0.6778000000  0.6233882904  0.7122000000  0.5797786117  0.0459320521  1000.0000000  0.5904703736  0.1948385239  100          
0.1_acc       0.1_loss      0.5_acc       0.5_loss      0.9_acc       0.9_loss      avg_step_tim  epoch         loss          mem_gb        step         
0.6738000000  0.6580554247  0.6862000000  0.6269776225  0.7160000000  0.5823808312  0.0389314779  1500.0000000  0.5514568686  0.1948385239  150          
0.1_acc       0.1_loss      0.5_acc       0.5_loss      0.9_acc       0.9_loss      avg_step_tim  epoch         loss          mem_gb        step         
0.6738000000  0.6747852564  0.6864000000  0.6456622481  0.7083000000  0.5986328125  0.0277688658  2000.0000000  0.5086422563  0.1948385239  200          
0.1_acc       0.1_loss      0.5_acc       0.5_loss      0.9_acc       0.9_loss      avg_step_tim  epoch         loss          mem_gb        step         
0.6625000000  0.7187713981  0.6735000000  0.6838669777  0.7007000000  0.6255354285  0.0237076330  2500.0000000  0.4551877379  0.1948385239  250          
0.1_acc       0.1_loss      0.5_acc       0.5_loss      0.9_acc       0.9_loss      avg_step_tim  epoch         loss          mem_gb        step         
0.6584000000  0.7614544034  0.6619000000  0.7352612019  0.6890000000  0.6815840602  0.0199853730  3000.0000000  0.3995846212  0.1948385239  300          
0.1_acc       0.1_loss      0.5_acc       0.5_loss      0.9_acc       0.9_loss      avg_step_tim  epoch         loss          mem_gb        step         
0.6490000000  0.8282572031  0.6554000000  0.7974911332  0.6812000000  0.7344580889  0.0165995741  3500.0000000  0.3442146778  0.1948385239  350          
0.1_acc       0.1_loss      0.5_acc       0.5_loss      0.9_acc       0.9_loss      avg_step_tim  epoch         loss          mem_gb        step         
0.6388000000  0.9103886485  0.6508000000  0.8671078086  0.6790000000  0.7872215509  0.0143889350  4000.0000000  0.3060726523  0.1948385239  400          
0.1_acc       0.1_loss      0.5_acc       0.5_loss      0.9_acc       0.9_loss      avg_step_tim  epoch         loss          mem_gb        step         
0.6366000000  0.9739814401  0.6497000000  0.9340984821  0.6734000000  0.8506052494  0.0140824631  4500.0000000  0.2641822100  0.1948385239  450          
0.1_acc       0.1_loss      0.5_acc       0.5_loss      0.9_acc       0.9_loss      avg_step_tim  epoch         loss          mem_gb        step         
0.6323000000  1.0395753384  0.6451000000  0.9995543957  0.6687000000  0.9126923680  0.0121527934  5000.0000000  0.2283057272  0.1948385239  500          
0.1_acc       0.1_loss      0.5_acc       0.5_loss      0.9_acc       0.9_loss      avg_step_tim  epoch         loss          mem_gb        step         
0.6317000000  1.0939558744  0.6447000000  1.0570362806  0.6646000000  0.9748003483  0.0107188645  5500.0000000  0.2039099038  0.1948385239  550          
0.1_acc       0.1_loss      0.5_acc       0.5_loss      0.9_acc       0.9_loss      avg_step_tim  epoch         loss          mem_gb        step         
0.6231000000  1.1932811737  0.6415000000  1.1297470331  0.6702000000  1.0162587166  0.0096838681  6000.0000000  0.1808272600  0.1948385239  600          
[1.07, 1.09, 1.1, 1.11, 1.12, 1.13, 1.15, 1.16, 1.17, 1.18, 1.21]

final accuracies:
0.0    0.1    0.2    0.3    0.4    0.5    0.6    0.7    0.8    0.9    1.0   
0.614  0.628  0.639  0.637  0.644  0.658  0.657  0.662  0.672  0.680  0.680 
[0.62, 0.62, 0.63, 0.63, 0.63, 0.64, 0.65, 0.65, 0.65, 0.66, 0.67]

best accuracies:
0.0    0.1    0.2    0.3    0.4    0.5    0.6    0.7    0.8    0.9    1.0   
0.677  0.684  0.694  0.688  0.695  0.706  0.698  0.713  0.711  0.720  0.712 
Args:
	algorithm: irm
	alpha: 0.4
	batch_size: 25000
	data_dir: ..\data
	deterministic: False
	dropout_p: 0.2
	erm_pretrain_iters: 400
	eval_freq: 50
	exp_name: domain_stress
	full_resolution: False
	groupdro_eta: 1.0
	loss_fn: nll
	lr: 0.0001
	lr_cos_sched: True
	lr_factor_reduction: 1
	mlp_hidden_dim: 390
	n_workers: 0
	network: FiLMedMLP
	other_arg: default
	output_dir: ..\results\cmnist_exp
	penalty_weight: 1000.0
	save_ckpts: True
	seed: 0
	steps: 600
	test_env_ms: 0.9
	test_envs: 0.1,0.5,0.9
	train_env_ps: (0.01, 0.12, 0.5, 0.99)
	train_env_size_mode: random
	train_env_sizes: 2000,2000,2000,4000
	train_env_sizes_parsed: (2000, 2000, 2000, 4000)
	train_envs: 0.01,0.12,0.5,0.99
	weight_decay: 0
Train environment sample counts: [2000, 2000, 2000, 4000]
0.1_acc       0.1_loss      0.5_acc       0.5_loss      0.9_acc       0.9_loss      avg_step_tim  epoch         loss          mem_gb        step         
0.6344000000  0.6606537700  0.6530000000  0.6367023587  0.6869000000  0.6025872827  0.0681246042  500.00000000  0.6300570369  0.1948385239  50           
0.1_acc       0.1_loss      0.5_acc       0.5_loss      0.9_acc       0.9_loss      avg_step_tim  epoch         loss          mem_gb        step         
0.6611000000  0.6561331749  0.6778000000  0.6233882904  0.7122000000  0.5797786117  0.0521497202  1000.0000000  0.5904703736  0.1948385239  100          
0.1_acc       0.1_loss      0.5_acc       0.5_loss      0.9_acc       0.9_loss      avg_step_tim  epoch         loss          mem_gb        step         
0.6738000000  0.6580554247  0.6862000000  0.6269776225  0.7160000000  0.5823808312  0.0387603807  1500.0000000  0.5514568686  0.1948385239  150          
0.1_acc       0.1_loss      0.5_acc       0.5_loss      0.9_acc       0.9_loss      avg_step_tim  epoch         loss          mem_gb        step         
0.6738000000  0.6747852564  0.6864000000  0.6456622481  0.7083000000  0.5986328125  0.0311882126  2000.0000000  0.5086422563  0.1948385239  200          
0.1_acc       0.1_loss      0.5_acc       0.5_loss      0.9_acc       0.9_loss      avg_step_tim  epoch         loss          mem_gb        step         
0.6625000000  0.7187713981  0.6735000000  0.6838669777  0.7007000000  0.6255354285  0.0241819029  2500.0000000  0.4551877379  0.1948385239  250          
0.1_acc       0.1_loss      0.5_acc       0.5_loss      0.9_acc       0.9_loss      avg_step_tim  epoch         loss          mem_gb        step         
0.6584000000  0.7614544034  0.6619000000  0.7352612019  0.6890000000  0.6815840602  0.0210901268  3000.0000000  0.3995846212  0.1948385239  300          
0.1_acc       0.1_loss      0.5_acc       0.5_loss      0.9_acc       0.9_loss      avg_step_tim  epoch         loss          mem_gb        step         
0.6490000000  0.8282572031  0.6554000000  0.7974911332  0.6812000000  0.7344580889  0.0175347846  3500.0000000  0.3442146778  0.1948385239  350          
0.1_acc       0.1_loss      0.5_acc       0.5_loss      0.9_acc       0.9_loss      avg_step_tim  epoch         loss          mem_gb        step         
0.6388000000  0.9103886485  0.6508000000  0.8671078086  0.6790000000  0.7872215509  0.0152208453  4000.0000000  0.3060726523  0.1948385239  400          
Saved ERM-pretrained model.
0.1_acc       0.1_loss      0.5_acc       0.5_loss      0.9_acc       0.9_loss      avg_step_tim  epoch         erm_loss      loss          mem_gb        penalty       step         
0.6552000000  0.9348667860  0.6603000000  0.9128630757  0.6795000000  0.8485550284  0.0140466928  4500.0000000  0.3145615757  0.0004141657  0.1948432922  0.0000996041  450          
0.1_acc       0.1_loss      0.5_acc       0.5_loss      0.9_acc       0.9_loss      avg_step_tim  epoch         erm_loss      loss          mem_gb        penalty       step         
0.6646000000  0.9029976130  0.6614000000  0.9098055363  0.6694000000  0.8706230521  0.0140943341  5000.0000000  0.3002986014  0.0005960296  0.1948432922  0.0002957309  500          
0.1_acc       0.1_loss      0.5_acc       0.5_loss      0.9_acc       0.9_loss      avg_step_tim  epoch         erm_loss      loss          mem_gb        penalty       step         
0.6581000000  0.9205026031  0.6602000000  0.9112562537  0.6762000000  0.8545308113  0.0111145887  5500.0000000  0.3035275042  0.0004659407  0.1948432922  0.0001624132  550          
0.1_acc       0.1_loss      0.5_acc       0.5_loss      0.9_acc       0.9_loss      avg_step_tim  epoch         erm_loss      loss          mem_gb        penalty       step         
0.6582000000  0.9263278842  0.6617000000  0.9148929715  0.6775000000  0.8556740284  0.0108325386  6000.0000000  0.3046475351  0.0003373431  0.1948432922  0.0000326956  600          
[0.87, 0.88, 0.89, 0.89, 0.89, 0.9, 0.91, 0.91, 0.92, 0.92, 0.94]

final accuracies:
0.0    0.1    0.2    0.3    0.4    0.5    0.6    0.7    0.8    0.9    1.0   
0.653  0.662  0.675  0.666  0.666  0.682  0.675  0.680  0.684  0.691  0.686 
[0.62, 0.62, 0.63, 0.63, 0.63, 0.64, 0.65, 0.65, 0.65, 0.66, 0.67]

best accuracies:
0.0    0.1    0.2    0.3    0.4    0.5    0.6    0.7    0.8    0.9    1.0   
0.677  0.684  0.694  0.688  0.695  0.706  0.698  0.713  0.711  0.720  0.712 
Args:
	algorithm: groupdro
	alpha: 0.4
	batch_size: 25000
	data_dir: ..\data
	deterministic: False
	dropout_p: 0.2
	erm_pretrain_iters: 400
	eval_freq: 50
	exp_name: domain_stress
	full_resolution: False
	groupdro_eta: 0.1
	loss_fn: nll
	lr: 0.0001
	lr_cos_sched: True
	lr_factor_reduction: 1
	mlp_hidden_dim: 390
	n_workers: 0
	network: FiLMedMLP
	other_arg: default
	output_dir: ..\results\cmnist_exp
	penalty_weight: 1000
	save_ckpts: True
	seed: 0
	steps: 1000
	test_env_ms: 0.9
	test_envs: 0.1,0.5,0.9
	train_env_ps: (0.01, 0.12, 0.5, 0.99)
	train_env_size_mode: random
	train_env_sizes: 2000,2000,2000,4000
	train_env_sizes_parsed: (2000, 2000, 2000, 4000)
	train_envs: 0.01,0.12,0.5,0.99
	weight_decay: 0
Train environment sample counts: [2000, 2000, 2000, 4000]
train_sandbox.py:189: FutureWarning: You are using `torch.load` with `weights_only=False` (the current default value), which uses the default pickle module implicitly. It is possible to construct malicious pickle data which will execute arbitrary code during unpickling (See https://github.com/pytorch/pytorch/blob/main/SECURITY.md#untrusted-models for more details). In a future release, the default value for `weights_only` will be flipped to `True`. This limits the functions that could be executed during unpickling. Arbitrary objects will no longer be allowed to be loaded via this mode unless they are explicitly allowlisted by the user via `torch.serialization.add_safe_globals`. We recommend you start setting `weights_only=True` for any use case where you don't have full control of the loaded file. Please open an issue on GitHub for any issues related to this experimental feature.
  algorithm.load_state_dict(torch.load(erm_ckpt_pth, map_location=device), strict=False)
ERM-pretrained model loaded: e1479a6b8cecd2430cf45dd1bc0784b7.
0.1_acc       0.1_loss      0.5_acc       0.5_loss      0.9_acc       0.9_loss      avg_step_tim  epoch         loss          mem_gb        step         
0.6596000000  0.8921923637  0.6495000000  0.9157531261  0.6526000000  0.8938212395  0.0078255055  4500.0000000  0.2757274806  0.1638736725  450          
0.1_acc       0.1_loss      0.5_acc       0.5_loss      0.9_acc       0.9_loss      avg_step_tim  epoch         loss          mem_gb        step         
0.6473000000  0.9653163552  0.6482000000  0.9568337798  0.6614000000  0.9020300508  0.0101608963  5000.0000000  0.2608197331  0.1638741493  500          
0.1_acc       0.1_loss      0.5_acc       0.5_loss      0.9_acc       0.9_loss      avg_step_tim  epoch         loss          mem_gb        step         
0.6331000000  1.0354835987  0.6467000000  0.9953148961  0.6714000000  0.9093698859  0.0107536780  5500.0000000  0.2396155447  0.1638741493  550          
0.1_acc       0.1_loss      0.5_acc       0.5_loss      0.9_acc       0.9_loss      avg_step_tim  epoch         loss          mem_gb        step         
0.6324000000  1.0732489824  0.6456000000  1.0315490961  0.6687000000  0.9412169456  0.0098819462  6000.0000000  0.2271275371  0.1638741493  600          
0.1_acc       0.1_loss      0.5_acc       0.5_loss      0.9_acc       0.9_loss      avg_step_tim  epoch         loss          mem_gb        step         
0.6295000000  1.1063585281  0.6440000000  1.0624117851  0.6675000000  0.9706173539  0.0088660871  6500.0000000  0.2125255764  0.1638741493  650          
0.1_acc       0.1_loss      0.5_acc       0.5_loss      0.9_acc       0.9_loss      avg_step_tim  epoch         loss          mem_gb        step         
0.6312000000  1.1315830946  0.6424000000  1.0914388895  0.6656000000  1.0011326075  0.0092149425  7000.0000000  0.1979974508  0.1638741493  700          
0.1_acc       0.1_loss      0.5_acc       0.5_loss      0.9_acc       0.9_loss      avg_step_tim  epoch         loss          mem_gb        step         
0.6344000000  1.1352297068  0.6420000000  1.1105514765  0.6597000000  1.0352224112  0.0082835318  7500.0000000  0.1898069233  0.1638741493  750          
0.1_acc       0.1_loss      0.5_acc       0.5_loss      0.9_acc       0.9_loss      avg_step_tim  epoch         loss          mem_gb        step         
0.6321000000  1.1659536362  0.6423000000  1.1279498339  0.6640000000  1.0400201082  0.0069734758  8000.0000000  0.1840170622  0.1638741493  800          
0.1_acc       0.1_loss      0.5_acc       0.5_loss      0.9_acc       0.9_loss      avg_step_tim  epoch         loss          mem_gb        step         
0.6309000000  1.1786262989  0.6413000000  1.1372543573  0.6641000000  1.0463672876  0.0065894273  8500.0000000  0.1853194088  0.1638741493  850          
0.1_acc       0.1_loss      0.5_acc       0.5_loss      0.9_acc       0.9_loss      avg_step_tim  epoch         loss          mem_gb        step         
0.6309000000  1.1837131977  0.6410000000  1.1428041458  0.6633000000  1.0511864424  0.0064639065  9000.0000000  0.1851729304  0.1638741493  900          
0.1_acc       0.1_loss      0.5_acc       0.5_loss      0.9_acc       0.9_loss      avg_step_tim  epoch         loss          mem_gb        step         
0.6301000000  1.1880472898  0.6422000000  1.1445988417  0.6636000000  1.0506448746  0.0057751608  9500.0000000  0.1783336997  0.1638741493  950          
0.1_acc       0.1_loss      0.5_acc       0.5_loss      0.9_acc       0.9_loss      avg_step_tim  epoch         loss          mem_gb        step         
0.6307000000  1.1868253946  0.6422000000  1.1446179152  0.6633000000  1.0519096851  0.0059339576  10000.000000  0.1781370491  0.1638741493  1000         
[1.09, 1.1, 1.11, 1.12, 1.13, 1.14, 1.15, 1.16, 1.16, 1.18, 1.2]

final accuracies:
0.0    0.1    0.2    0.3    0.4    0.5    0.6    0.7    0.8    0.9    1.0   
0.624  0.637  0.647  0.642  0.645  0.661  0.655  0.660  0.666  0.674  0.671 
[0.95, 0.96, 0.97, 0.98, 0.98, 0.99, 1.0, 1.01, 1.02, 1.03, 1.05]

best accuracies:
0.0    0.1    0.2    0.3    0.4    0.5    0.6    0.7    0.8    0.9    1.0   
0.628  0.641  0.650  0.645  0.649  0.666  0.660  0.665  0.672  0.681  0.677 
Args:
	algorithm: iro
	alpha: 0.4
	batch_size: 25000
	data_dir: ..\data
	deterministic: False
	dropout_p: 0.2
	erm_pretrain_iters: 400
	eval_freq: 50
	exp_name: domain_stress
	full_resolution: False
	groupdro_eta: 1.0
	loss_fn: nll
	lr: 0.0001
	lr_cos_sched: True
	lr_factor_reduction: 1
	mlp_hidden_dim: 390
	n_workers: 0
	network: FiLMedMLP
	other_arg: default
	output_dir: ..\results\cmnist_exp
	penalty_weight: 1000
	save_ckpts: True
	seed: 0
	steps: 600
	test_env_ms: 0.9
	test_envs: 0.1,0.5,0.9
	train_env_ps: (0.01, 0.12, 0.5, 0.99)
	train_env_size_mode: random
	train_env_sizes: 2000,2000,2000,4000
	train_env_sizes_parsed: (2000, 2000, 2000, 4000)
	train_envs: 0.01,0.12,0.5,0.99
	weight_decay: 0
Train environment sample counts: [2000, 2000, 2000, 4000]
train_sandbox.py:189: FutureWarning: You are using `torch.load` with `weights_only=False` (the current default value), which uses the default pickle module implicitly. It is possible to construct malicious pickle data which will execute arbitrary code during unpickling (See https://github.com/pytorch/pytorch/blob/main/SECURITY.md#untrusted-models for more details). In a future release, the default value for `weights_only` will be flipped to `True`. This limits the functions that could be executed during unpickling. Arbitrary objects will no longer be allowed to be loaded via this mode unless they are explicitly allowlisted by the user via `torch.serialization.add_safe_globals`. We recommend you start setting `weights_only=True` for any use case where you don't have full control of the loaded file. Please open an issue on GitHub for any issues related to this experimental feature.
  algorithm.load_state_dict(torch.load(erm_ckpt_pth, map_location=device), strict=False)
ERM-pretrained model loaded: e1479a6b8cecd2430cf45dd1bc0784b7.
0.1_acc       0.1_loss      0.5_acc       0.5_loss      0.9_acc       0.9_loss      avg_step_tim  epoch         loss          mem_gb        step         
0.6493000000  0.6735041738  0.6580000000  0.6543292999  0.6694000000  0.6522420049  0.0604703193  4500.0000000  0.0637039319  1.6982975006  450          
0.1_acc       0.1_loss      0.5_acc       0.5_loss      0.9_acc       0.9_loss      avg_step_tim  epoch         loss          mem_gb        step         
0.6812000000  0.6417466402  0.6726000000  0.6282206774  0.6869000000  0.6168606281  0.0523803496  5000.0000000  0.0575150885  1.6982975006  500          
0.1_acc       0.1_loss      0.5_acc       0.5_loss      0.9_acc       0.9_loss      avg_step_tim  epoch         loss          mem_gb        step         
0.6836000000  0.6306212544  0.6760000000  0.6270704865  0.6917000000  0.6128293872  0.0482464795  5500.0000000  0.0548034795  1.6982975006  550          
0.1_acc       0.1_loss      0.5_acc       0.5_loss      0.9_acc       0.9_loss      avg_step_tim  epoch         loss          mem_gb        step         
0.6839000000  0.6292721629  0.6756000000  0.6272646785  0.6903000000  0.6154061556  0.0441535211  6000.0000000  0.0542888269  1.6982975006  600          
[0.63, 0.63, 0.63, 0.62, 0.62, 0.62, 0.62, 0.62, 0.62, 0.63, 0.63] [0.69, 0.69, 0.69, 0.69, 0.69, 0.68, 0.68, 0.68, 0.68, 0.68, 0.68]

final accuracies:
0.0    0.1    0.2    0.3    0.4    0.5    0.6    0.7    0.8    0.9    1.0   
0.686  0.686  0.694  0.688  0.686  0.691  0.684  0.690  0.694  0.695  0.689 
[0.63, 0.63, 0.63, 0.63, 0.62, 0.62, 0.62, 0.62, 0.63, 0.63, 0.63] [0.69, 0.69, 0.69, 0.69, 0.69, 0.68, 0.68, 0.68, 0.68, 0.68, 0.68]

best accuracies:
0.0    0.1    0.2    0.3    0.4    0.5    0.6    0.7    0.8    0.9    1.0   
0.686  0.686  0.693  0.685  0.685  0.690  0.684  0.690  0.695  0.696  0.691 
Args:
	algorithm: inftask
	alpha: 0.4
	batch_size: 25000
	data_dir: ..\data
	deterministic: False
	dropout_p: 0.2
	erm_pretrain_iters: 400
	eval_freq: 50
	exp_name: domain_stress
	full_resolution: False
	groupdro_eta: 1.0
	loss_fn: nll
	lr: 0.0001
	lr_cos_sched: True
	lr_factor_reduction: 1
	mlp_hidden_dim: 390
	n_workers: 0
	network: FiLMedMLP
	other_arg: default
	output_dir: ..\results\cmnist_exp
	penalty_weight: 1000
	save_ckpts: True
	seed: 0
	steps: 600
	test_env_ms: 0.9
	test_envs: 0.1,0.5,0.9
	train_env_ps: (0.01, 0.12, 0.5, 0.99)
	train_env_size_mode: random
	train_env_sizes: 2000,2000,2000,4000
	train_env_sizes_parsed: (2000, 2000, 2000, 4000)
	train_envs: 0.01,0.12,0.5,0.99
	weight_decay: 0
Train environment sample counts: [2000, 2000, 2000, 4000]
train_sandbox.py:189: FutureWarning: You are using `torch.load` with `weights_only=False` (the current default value), which uses the default pickle module implicitly. It is possible to construct malicious pickle data which will execute arbitrary code during unpickling (See https://github.com/pytorch/pytorch/blob/main/SECURITY.md#untrusted-models for more details). In a future release, the default value for `weights_only` will be flipped to `True`. This limits the functions that could be executed during unpickling. Arbitrary objects will no longer be allowed to be loaded via this mode unless they are explicitly allowlisted by the user via `torch.serialization.add_safe_globals`. We recommend you start setting `weights_only=True` for any use case where you don't have full control of the loaded file. Please open an issue on GitHub for any issues related to this experimental feature.
  algorithm.load_state_dict(torch.load(erm_ckpt_pth, map_location=device), strict=False)
ERM-pretrained model loaded: e1479a6b8cecd2430cf45dd1bc0784b7.
0.1_acc       0.1_loss      0.5_acc       0.5_loss      0.9_acc       0.9_loss      avg_step_tim  epoch         loss          mem_gb        step         
0.6344000000  0.6758994460  0.6564000000  0.6559815407  0.6725000000  0.6510042548  0.0197584316  4500.0000000  0.0818335265  0.6866245270  450          
0.1_acc       0.1_loss      0.5_acc       0.5_loss      0.9_acc       0.9_loss      avg_step_tim  epoch         loss          mem_gb        step         
0.6773000000  0.6495178342  0.6711000000  0.6303515434  0.6865000000  0.6191970706  0.0178686380  5000.0000000  0.0743594617  0.6866245270  500          
0.1_acc       0.1_loss      0.5_acc       0.5_loss      0.9_acc       0.9_loss      avg_step_tim  epoch         loss          mem_gb        step         
0.6836000000  0.6357001662  0.6736000000  0.6272914410  0.6832000000  0.6211939454  0.0163014429  5500.0000000  0.0711057857  0.6866245270  550          
0.1_acc       0.1_loss      0.5_acc       0.5_loss      0.9_acc       0.9_loss      avg_step_tim  epoch         loss          mem_gb        step         
0.6799000000  0.6365185380  0.6738000000  0.6270241737  0.6875000000  0.6157507300  0.0145289087  6000.0000000  0.0704609975  0.6866245270  600          
[0.64, 0.63, 0.63, 0.63, 0.63, 0.63, 0.63, 0.63, 0.63, 0.63, 0.63] [0.69, 0.69, 0.69, 0.69, 0.68, 0.68, 0.68, 0.68, 0.68, 0.68, 0.68]

final accuracies:
0.0    0.1    0.2    0.3    0.4    0.5    0.6    0.7    0.8    0.9    1.0   
0.680  0.684  0.683  0.686  0.689  0.693  0.682  0.696  0.689  0.693  0.685 
[0.64, 0.63, 0.63, 0.63, 0.63, 0.63, 0.63, 0.63, 0.63, 0.63, 0.63] [0.69, 0.69, 0.69, 0.69, 0.68, 0.68, 0.68, 0.68, 0.68, 0.68, 0.68]

best accuracies:
0.0    0.1    0.2    0.3    0.4    0.5    0.6    0.7    0.8    0.9    1.0   
0.680  0.684  0.683  0.686  0.689  0.693  0.682  0.696  0.689  0.693  0.685 
Args:
	algorithm: erm
	alpha: 0.4
	batch_size: 25000
	data_dir: ..\data
	deterministic: False
	dropout_p: 0.2
	erm_pretrain_iters: 0
	eval_freq: 50
	exp_name: domain_stress
	full_resolution: False
	groupdro_eta: 1.0
	loss_fn: nll
	lr: 0.0001
	lr_cos_sched: False
	lr_factor_reduction: 1
	mlp_hidden_dim: 390
	n_workers: 0
	network: FiLMedMLP
	other_arg: default
	output_dir: ..\results\cmnist_exp
	penalty_weight: 1000
	save_ckpts: False
	seed: 0
	steps: 600
	test_env_ms: 0.9
	test_envs: 0.1,0.5,0.9
	train_env_ps: (0.01, 0.12, 0.5, 0.99)
	train_env_size_mode: random
	train_env_sizes: 2000,2000,2000,10000
	train_env_sizes_parsed: (2000, 2000, 2000, 10000)
	train_envs: 0.01,0.12,0.5,0.99
	weight_decay: 0
Train environment sample counts: [2000, 2000, 2000, 10000]
0.1_acc       0.1_loss      0.5_acc       0.5_loss      0.9_acc       0.9_loss      avg_step_tim  epoch         loss          mem_gb        step         
0.1494000000  1.0142234564  0.5314000000  0.7164592147  0.8855000000  0.4298024178  0.1202148437  312.50000000  0.5824829340  0.2716751099  50           
0.1_acc       0.1_loss      0.5_acc       0.5_loss      0.9_acc       0.9_loss      avg_step_tim  epoch         loss          mem_gb        step         
0.3619000000  1.0015774965  0.6092000000  0.6959487796  0.8358000000  0.4006924331  0.0678450823  625.00000000  0.5466899276  0.2716751099  100          
0.1_acc       0.1_loss      0.5_acc       0.5_loss      0.9_acc       0.9_loss      avg_step_tim  epoch         loss          mem_gb        step         
0.4244000000  0.9910432100  0.6300000000  0.6883103848  0.8217000000  0.3940839767  0.0442680343  937.50000000  0.5241086483  0.2716751099  150          
0.1_acc       0.1_loss      0.5_acc       0.5_loss      0.9_acc       0.9_loss      avg_step_tim  epoch         loss          mem_gb        step         
0.4491000000  1.0041272640  0.6356000000  0.6947804689  0.8192000000  0.3913722634  0.0341447997  1250.0000000  0.4983634651  0.2716751099  200          
0.1_acc       0.1_loss      0.5_acc       0.5_loss      0.9_acc       0.9_loss      avg_step_tim  epoch         loss          mem_gb        step         
0.4626000000  1.0241253376  0.6343000000  0.7098042369  0.8148000000  0.3974359035  0.0269050951  1562.5000000  0.4689699709  0.2716751099  250          
0.1_acc       0.1_loss      0.5_acc       0.5_loss      0.9_acc       0.9_loss      avg_step_tim  epoch         loss          mem_gb        step         
0.4642000000  1.0771719217  0.6322000000  0.7425205708  0.8073000000  0.4058366120  0.0227451976  1875.0000000  0.4362784028  0.2716751099  300          
0.1_acc       0.1_loss      0.5_acc       0.5_loss      0.9_acc       0.9_loss      avg_step_tim  epoch         loss          mem_gb        step         
0.4673000000  1.1334592104  0.6339000000  0.7812001705  0.8025000000  0.4245491624  0.0189619705  2187.5000000  0.3984388709  0.2716751099  350          
0.1_acc       0.1_loss      0.5_acc       0.5_loss      0.9_acc       0.9_loss      avg_step_tim  epoch         loss          mem_gb        step         
0.4670000000  1.2053285837  0.6302000000  0.8292713761  0.7996000000  0.4452184439  0.0167154288  2500.0000000  0.3583779931  0.2716751099  400          
0.1_acc       0.1_loss      0.5_acc       0.5_loss      0.9_acc       0.9_loss      avg_step_tim  epoch         loss          mem_gb        step         
0.4809000000  1.2465300560  0.6313000000  0.8689832091  0.7878000000  0.4799818099  0.0150538535  2812.5000000  0.3281665444  0.2716751099  450          
0.1_acc       0.1_loss      0.5_acc       0.5_loss      0.9_acc       0.9_loss      avg_step_tim  epoch         loss          mem_gb        step         
0.4643000000  1.3657618761  0.6268000000  0.9349841475  0.7900000000  0.4927094579  0.0133222485  3125.0000000  0.2946558595  0.2716751099  500          
0.1_acc       0.1_loss      0.5_acc       0.5_loss      0.9_acc       0.9_loss      avg_step_tim  epoch         loss          mem_gb        step         
0.4649000000  1.4412775040  0.6236000000  0.9878315926  0.7864000000  0.5185824037  0.0120667575  3437.5000000  0.2712719738  0.2716751099  550          
0.1_acc       0.1_loss      0.5_acc       0.5_loss      0.9_acc       0.9_loss      avg_step_tim  epoch         loss          mem_gb        step         
0.4603000000  1.5447150469  0.6218000000  1.0505999327  0.7861000000  0.5389328003  0.0108799998  3750.0000000  0.2456218153  0.2716751099  600          
[1.03, 1.09, 1.16, 1.22, 1.28, 1.34, 1.41, 1.47, 1.53, 1.6, 1.67]

final accuracies:
0.0    0.1    0.2    0.3    0.4    0.5    0.6    0.7    0.8    0.9    1.0   
0.421  0.463  0.510  0.543  0.586  0.627  0.659  0.705  0.749  0.796  0.829 
[0.72, 0.76, 0.8, 0.84, 0.87, 0.91, 0.95, 0.99, 1.03, 1.06, 1.1]

best accuracies:
0.0    0.1    0.2    0.3    0.4    0.5    0.6    0.7    0.8    0.9    1.0   
0.058  0.145  0.240  0.340  0.439  0.514  0.605  0.702  0.799  0.893  0.979 
Args:
	algorithm: irm
	alpha: 0.4
	batch_size: 25000
	data_dir: ..\data
	deterministic: False
	dropout_p: 0.2
	erm_pretrain_iters: 400
	eval_freq: 50
	exp_name: domain_stress
	full_resolution: False
	groupdro_eta: 1.0
	loss_fn: nll
	lr: 0.0001
	lr_cos_sched: True
	lr_factor_reduction: 1
	mlp_hidden_dim: 390
	n_workers: 0
	network: FiLMedMLP
	other_arg: default
	output_dir: ..\results\cmnist_exp
	penalty_weight: 1000.0
	save_ckpts: True
	seed: 0
	steps: 600
	test_env_ms: 0.9
	test_envs: 0.1,0.5,0.9
	train_env_ps: (0.01, 0.12, 0.5, 0.99)
	train_env_size_mode: random
	train_env_sizes: 2000,2000,2000,10000
	train_env_sizes_parsed: (2000, 2000, 2000, 10000)
	train_envs: 0.01,0.12,0.5,0.99
	weight_decay: 0
Train environment sample counts: [2000, 2000, 2000, 10000]
0.1_acc       0.1_loss      0.5_acc       0.5_loss      0.9_acc       0.9_loss      avg_step_tim  epoch         loss          mem_gb        step         
0.1494000000  1.0142234564  0.5314000000  0.7164592147  0.8855000000  0.4298024178  0.1132467604  312.50000000  0.5824829340  0.2716751099  50           
0.1_acc       0.1_loss      0.5_acc       0.5_loss      0.9_acc       0.9_loss      avg_step_tim  epoch         loss          mem_gb        step         
0.3619000000  1.0015774965  0.6092000000  0.6959487796  0.8358000000  0.4006924331  0.0656746459  625.00000000  0.5466899276  0.2716751099  100          
0.1_acc       0.1_loss      0.5_acc       0.5_loss      0.9_acc       0.9_loss      avg_step_tim  epoch         loss          mem_gb        step         
0.4244000000  0.9910432100  0.6300000000  0.6883103848  0.8217000000  0.3940839767  0.0439973291  937.50000000  0.5241086483  0.2716751099  150          
0.1_acc       0.1_loss      0.5_acc       0.5_loss      0.9_acc       0.9_loss      avg_step_tim  epoch         loss          mem_gb        step         
0.4491000000  1.0041272640  0.6356000000  0.6947804689  0.8192000000  0.3913722634  0.0328024900  1250.0000000  0.4983634651  0.2716751099  200          
0.1_acc       0.1_loss      0.5_acc       0.5_loss      0.9_acc       0.9_loss      avg_step_tim  epoch         loss          mem_gb        step         
0.4626000000  1.0241253376  0.6343000000  0.7098042369  0.8148000000  0.3974359035  0.0266190577  1562.5000000  0.4689699709  0.2716751099  250          
0.1_acc       0.1_loss      0.5_acc       0.5_loss      0.9_acc       0.9_loss      avg_step_tim  epoch         loss          mem_gb        step         
0.4642000000  1.0771719217  0.6322000000  0.7425205708  0.8073000000  0.4058366120  0.0224255554  1875.0000000  0.4362784028  0.2716751099  300          
0.1_acc       0.1_loss      0.5_acc       0.5_loss      0.9_acc       0.9_loss      avg_step_tim  epoch         loss          mem_gb        step         
0.4673000000  1.1334592104  0.6339000000  0.7812001705  0.8025000000  0.4245491624  0.0193401773  2187.5000000  0.3984388709  0.2716751099  350          
0.1_acc       0.1_loss      0.5_acc       0.5_loss      0.9_acc       0.9_loss      avg_step_tim  epoch         loss          mem_gb        step         
0.4670000000  1.2053285837  0.6302000000  0.8292713761  0.7996000000  0.4452184439  0.0166008860  2500.0000000  0.3583779931  0.2716751099  400          
Saved ERM-pretrained model.
0.1_acc       0.1_loss      0.5_acc       0.5_loss      0.9_acc       0.9_loss      avg_step_tim  epoch         erm_loss      loss          mem_gb        penalty       step         
0.6419000000  0.8264313340  0.6696000000  0.7424211502  0.7153000000  0.6344196200  0.0151266140  2812.5000000  0.4151179194  0.0004417467  0.2716798782  0.0000266287  450          
0.1_acc       0.1_loss      0.5_acc       0.5_loss      0.9_acc       0.9_loss      avg_step_tim  epoch         erm_loss      loss          mem_gb        penalty       step         
0.6355000000  0.8442528844  0.6694000000  0.7452965379  0.7219000000  0.6232237816  0.0136256356  3125.0000000  0.4085599780  0.0004972398  0.2716798782  0.0000886798  500          
0.1_acc       0.1_loss      0.5_acc       0.5_loss      0.9_acc       0.9_loss      avg_step_tim  epoch         erm_loss      loss          mem_gb        penalty       step         
0.6332000000  0.8491088748  0.6690000000  0.7460291982  0.7231000000  0.6199980378  0.0124444836  3437.5000000  0.4183132052  0.0005016717  0.2716798782  0.0000833585  550          
0.1_acc       0.1_loss      0.5_acc       0.5_loss      0.9_acc       0.9_loss      avg_step_tim  epoch         erm_loss      loss          mem_gb        penalty       step         
0.6367000000  0.8427265286  0.6693000000  0.7453681231  0.7208000000  0.6247251034  0.0116821667  3750.0000000  0.4134557843  0.0004203025  0.2716798782  0.0000068467  600          
[0.73, 0.74, 0.75, 0.77, 0.78, 0.79, 0.81, 0.82, 0.83, 0.85, 0.87]

final accuracies:
0.0    0.1    0.2    0.3    0.4    0.5    0.6    0.7    0.8    0.9    1.0   
0.634  0.646  0.661  0.658  0.671  0.688  0.696  0.704  0.715  0.729  0.727 
[0.72, 0.76, 0.8, 0.84, 0.87, 0.91, 0.95, 0.99, 1.03, 1.06, 1.1]

best accuracies:
0.0    0.1    0.2    0.3    0.4    0.5    0.6    0.7    0.8    0.9    1.0   
0.058  0.145  0.240  0.340  0.439  0.514  0.605  0.702  0.799  0.893  0.979 
Args:
	algorithm: groupdro
	alpha: 0.4
	batch_size: 25000
	data_dir: ..\data
	deterministic: False
	dropout_p: 0.2
	erm_pretrain_iters: 400
	eval_freq: 50
	exp_name: domain_stress
	full_resolution: False
	groupdro_eta: 0.1
	loss_fn: nll
	lr: 0.0001
	lr_cos_sched: True
	lr_factor_reduction: 1
	mlp_hidden_dim: 390
	n_workers: 0
	network: FiLMedMLP
	other_arg: default
	output_dir: ..\results\cmnist_exp
	penalty_weight: 1000
	save_ckpts: True
	seed: 0
	steps: 1000
	test_env_ms: 0.9
	test_envs: 0.1,0.5,0.9
	train_env_ps: (0.01, 0.12, 0.5, 0.99)
	train_env_size_mode: random
	train_env_sizes: 2000,2000,2000,10000
	train_env_sizes_parsed: (2000, 2000, 2000, 10000)
	train_envs: 0.01,0.12,0.5,0.99
	weight_decay: 0
Train environment sample counts: [2000, 2000, 2000, 10000]
train_sandbox.py:189: FutureWarning: You are using `torch.load` with `weights_only=False` (the current default value), which uses the default pickle module implicitly. It is possible to construct malicious pickle data which will execute arbitrary code during unpickling (See https://github.com/pytorch/pytorch/blob/main/SECURITY.md#untrusted-models for more details). In a future release, the default value for `weights_only` will be flipped to `True`. This limits the functions that could be executed during unpickling. Arbitrary objects will no longer be allowed to be loaded via this mode unless they are explicitly allowlisted by the user via `torch.serialization.add_safe_globals`. We recommend you start setting `weights_only=True` for any use case where you don't have full control of the loaded file. Please open an issue on GitHub for any issues related to this experimental feature.
  algorithm.load_state_dict(torch.load(erm_ckpt_pth, map_location=device), strict=False)
ERM-pretrained model loaded: 144609a28d931ba7470b74944224eaa1.
0.1_acc       0.1_loss      0.5_acc       0.5_loss      0.9_acc       0.9_loss      avg_step_tim  epoch         loss          mem_gb        step         
0.6465000000  0.7992445827  0.6612000000  0.7465054989  0.6979000000  0.6665874124  0.0128867451  2812.5000000  0.3931111097  0.2298140526  450          
0.1_acc       0.1_loss      0.5_acc       0.5_loss      0.9_acc       0.9_loss      avg_step_tim  epoch         loss          mem_gb        step         
0.6173000000  0.8941845298  0.6583000000  0.7780078650  0.7172000000  0.6356837749  0.0131795735  3125.0000000  0.3790715337  0.2298140526  500          
0.1_acc       0.1_loss      0.5_acc       0.5_loss      0.9_acc       0.9_loss      avg_step_tim  epoch         loss          mem_gb        step         
0.5986000000  0.9619415998  0.6544000000  0.8053016663  0.7270000000  0.6219335794  0.0121248094  3437.5000000  0.3580616117  0.2298140526  550          
0.1_acc       0.1_loss      0.5_acc       0.5_loss      0.9_acc       0.9_loss      avg_step_tim  epoch         loss          mem_gb        step         
0.5920000000  0.9990311265  0.6534000000  0.8266017437  0.7271000000  0.6270775199  0.0111551555  3750.0000000  0.3453400433  0.2298140526  600          
0.1_acc       0.1_loss      0.5_acc       0.5_loss      0.9_acc       0.9_loss      avg_step_tim  epoch         loss          mem_gb        step         
0.5840000000  1.0438150167  0.6509000000  0.8491035104  0.7296000000  0.6268650293  0.0102022189  4062.5000000  0.3366774917  0.2298140526  650          
0.1_acc       0.1_loss      0.5_acc       0.5_loss      0.9_acc       0.9_loss      avg_step_tim  epoch         loss          mem_gb        step         
0.5802000000  1.0708403587  0.6487000000  0.8665702939  0.7307000000  0.6327549815  0.0095725737  4375.0000000  0.3190032244  0.2298140526  700          
0.1_acc       0.1_loss      0.5_acc       0.5_loss      0.9_acc       0.9_loss      avg_step_tim  epoch         loss          mem_gb        step         
0.5735000000  1.1061562300  0.6469000000  0.8835530877  0.7316000000  0.6320291758  0.0090869220  4687.5000000  0.3177964091  0.2298140526  750          
0.1_acc       0.1_loss      0.5_acc       0.5_loss      0.9_acc       0.9_loss      avg_step_tim  epoch         loss          mem_gb        step         
0.5733000000  1.1203322411  0.6458000000  0.8943209052  0.7307000000  0.6381219029  0.0084530607  5000.0000000  0.3111992180  0.2298140526  800          
0.1_acc       0.1_loss      0.5_acc       0.5_loss      0.9_acc       0.9_loss      avg_step_tim  epoch         loss          mem_gb        step         
0.5664000000  1.1475429535  0.6436000000  0.9043937325  0.7355000000  0.6314983368  0.0079803730  5312.5000000  0.3028750420  0.2298140526  850          
0.1_acc       0.1_loss      0.5_acc       0.5_loss      0.9_acc       0.9_loss      avg_step_tim  epoch         loss          mem_gb        step         
0.5668000000  1.1503202915  0.6445000000  0.9075853229  0.7346000000  0.6349824667  0.0074845584  5625.0000000  0.3053373992  0.2298140526  900          
0.1_acc       0.1_loss      0.5_acc       0.5_loss      0.9_acc       0.9_loss      avg_step_tim  epoch         loss          mem_gb        step         
0.5673000000  1.1502038240  0.6446000000  0.9085206985  0.7341000000  0.6367187500  0.0070109950  5937.5000000  0.3012955785  0.2298140526  950          
0.1_acc       0.1_loss      0.5_acc       0.5_loss      0.9_acc       0.9_loss      avg_step_tim  epoch         loss          mem_gb        step         
0.5675000000  1.1507865191  0.6443000000  0.9087509513  0.7345000000  0.6366353631  0.0070258043  6250.0000000  0.2999795079  0.2298140526  1000         
[0.88, 0.91, 0.95, 0.98, 1.01, 1.04, 1.07, 1.1, 1.13, 1.17, 1.21]

final accuracies:
0.0    0.1    0.2    0.3    0.4    0.5    0.6    0.7    0.8    0.9    1.0   
0.551  0.576  0.601  0.610  0.632  0.661  0.671  0.695  0.720  0.740  0.754 
[0.88, 0.91, 0.94, 0.98, 1.01, 1.04, 1.07, 1.1, 1.13, 1.17, 1.21]

best accuracies:
0.0    0.1    0.2    0.3    0.4    0.5    0.6    0.7    0.8    0.9    1.0   
0.550  0.575  0.599  0.610  0.632  0.662  0.672  0.695  0.721  0.742  0.756 
Args:
	algorithm: iro
	alpha: 0.4
	batch_size: 25000
	data_dir: ..\data
	deterministic: False
	dropout_p: 0.2
	erm_pretrain_iters: 400
	eval_freq: 50
	exp_name: domain_stress
	full_resolution: False
	groupdro_eta: 1.0
	loss_fn: nll
	lr: 0.0001
	lr_cos_sched: True
	lr_factor_reduction: 1
	mlp_hidden_dim: 390
	n_workers: 0
	network: FiLMedMLP
	other_arg: default
	output_dir: ..\results\cmnist_exp
	penalty_weight: 1000
	save_ckpts: True
	seed: 0
	steps: 600
	test_env_ms: 0.9
	test_envs: 0.1,0.5,0.9
	train_env_ps: (0.01, 0.12, 0.5, 0.99)
	train_env_size_mode: random
	train_env_sizes: 2000,2000,2000,10000
	train_env_sizes_parsed: (2000, 2000, 2000, 10000)
	train_envs: 0.01,0.12,0.5,0.99
	weight_decay: 0
Train environment sample counts: [2000, 2000, 2000, 10000]
train_sandbox.py:189: FutureWarning: You are using `torch.load` with `weights_only=False` (the current default value), which uses the default pickle module implicitly. It is possible to construct malicious pickle data which will execute arbitrary code during unpickling (See https://github.com/pytorch/pytorch/blob/main/SECURITY.md#untrusted-models for more details). In a future release, the default value for `weights_only` will be flipped to `True`. This limits the functions that could be executed during unpickling. Arbitrary objects will no longer be allowed to be loaded via this mode unless they are explicitly allowlisted by the user via `torch.serialization.add_safe_globals`. We recommend you start setting `weights_only=True` for any use case where you don't have full control of the loaded file. Please open an issue on GitHub for any issues related to this experimental feature.
  algorithm.load_state_dict(torch.load(erm_ckpt_pth, map_location=device), strict=False)
ERM-pretrained model loaded: 144609a28d931ba7470b74944224eaa1.
0.1_acc       0.1_loss      0.5_acc       0.5_loss      0.9_acc       0.9_loss      avg_step_tim  epoch         loss          mem_gb        step         
0.6362000000  0.6766124964  0.6575000000  0.6566385627  0.6902000000  0.6434485912  0.0838150618  2812.5000000  0.6185593009  2.6632003784  450          
0.1_acc       0.1_loss      0.5_acc       0.5_loss      0.9_acc       0.9_loss      avg_step_tim  epoch         loss          mem_gb        step         
0.6692000000  0.6493998170  0.6768000000  0.6272816062  0.7055000000  0.6032849550  0.0752842956  3125.0000000  0.5661363602  2.6632003784  500          
0.1_acc       0.1_loss      0.5_acc       0.5_loss      0.9_acc       0.9_loss      avg_step_tim  epoch         loss          mem_gb        step         
0.6710000000  0.6411458850  0.6810000000  0.6232582927  0.7068000000  0.5954100490  0.0681527957  3437.5000000  0.5414670110  2.6632003784  550          
0.1_acc       0.1_loss      0.5_acc       0.5_loss      0.9_acc       0.9_loss      avg_step_tim  epoch         loss          mem_gb        step         
0.6730000000  0.6388493776  0.6816000000  0.6231124401  0.7070000000  0.5959044695  0.0622653695  3750.0000000  0.5387527347  2.6632003784  600          
[0.63, 0.63, 0.63, 0.63, 0.63, 0.63, 0.63, 0.63, 0.63, 0.64, 0.64] [0.69, 0.69, 0.69, 0.68, 0.68, 0.68, 0.68, 0.68, 0.68, 0.67, 0.67]

final accuracies:
0.0    0.1    0.2    0.3    0.4    0.5    0.6    0.7    0.8    0.9    1.0   
0.675  0.675  0.685  0.685  0.685  0.691  0.687  0.699  0.700  0.706  0.706 
[0.63, 0.63, 0.63, 0.63, 0.63, 0.63, 0.63, 0.63, 0.63, 0.64, 0.64] [0.69, 0.69, 0.69, 0.68, 0.68, 0.68, 0.68, 0.68, 0.68, 0.67, 0.67]

best accuracies:
0.0    0.1    0.2    0.3    0.4    0.5    0.6    0.7    0.8    0.9    1.0   
0.675  0.675  0.685  0.685  0.685  0.691  0.687  0.699  0.700  0.706  0.706 
Args:
	algorithm: inftask
	alpha: 0.4
	batch_size: 25000
	data_dir: ..\data
	deterministic: False
	dropout_p: 0.2
	erm_pretrain_iters: 400
	eval_freq: 50
	exp_name: domain_stress
	full_resolution: False
	groupdro_eta: 1.0
	loss_fn: nll
	lr: 0.0001
	lr_cos_sched: True
	lr_factor_reduction: 1
	mlp_hidden_dim: 390
	n_workers: 0
	network: FiLMedMLP
	other_arg: default
	output_dir: ..\results\cmnist_exp
	penalty_weight: 1000
	save_ckpts: True
	seed: 0
	steps: 600
	test_env_ms: 0.9
	test_envs: 0.1,0.5,0.9
	train_env_ps: (0.01, 0.12, 0.5, 0.99)
	train_env_size_mode: random
	train_env_sizes: 2000,2000,2000,10000
	train_env_sizes_parsed: (2000, 2000, 2000, 10000)
	train_envs: 0.01,0.12,0.5,0.99
	weight_decay: 0
Train environment sample counts: [2000, 2000, 2000, 10000]
train_sandbox.py:189: FutureWarning: You are using `torch.load` with `weights_only=False` (the current default value), which uses the default pickle module implicitly. It is possible to construct malicious pickle data which will execute arbitrary code during unpickling (See https://github.com/pytorch/pytorch/blob/main/SECURITY.md#untrusted-models for more details). In a future release, the default value for `weights_only` will be flipped to `True`. This limits the functions that could be executed during unpickling. Arbitrary objects will no longer be allowed to be loaded via this mode unless they are explicitly allowlisted by the user via `torch.serialization.add_safe_globals`. We recommend you start setting `weights_only=True` for any use case where you don't have full control of the loaded file. Please open an issue on GitHub for any issues related to this experimental feature.
  algorithm.load_state_dict(torch.load(erm_ckpt_pth, map_location=device), strict=False)
ERM-pretrained model loaded: 144609a28d931ba7470b74944224eaa1.
0.1_acc       0.1_loss      0.5_acc       0.5_loss      0.9_acc       0.9_loss      avg_step_tim  epoch         loss          mem_gb        step         
0.6497000000  0.6802527308  0.6561000000  0.6610984206  0.6912000000  0.6508090496  0.0276653014  2812.5000000  0.5650988817  1.0588440895  450          
0.1_acc       0.1_loss      0.5_acc       0.5_loss      0.9_acc       0.9_loss      avg_step_tim  epoch         loss          mem_gb        step         
0.6673000000  0.6563508511  0.6760000000  0.6319464445  0.7061000000  0.6102743149  0.0242304478  3125.0000000  0.5226293802  1.0588440895  500          
0.1_acc       0.1_loss      0.5_acc       0.5_loss      0.9_acc       0.9_loss      avg_step_tim  epoch         loss          mem_gb        step         
0.6750000000  0.6433910728  0.6787000000  0.6252168417  0.7045000000  0.6024575233  0.0223498552  3437.5000000  0.5030567646  1.0588440895  550          
0.1_acc       0.1_loss      0.5_acc       0.5_loss      0.9_acc       0.9_loss      avg_step_tim  epoch         loss          mem_gb        step         
0.6739000000  0.6433405876  0.6790000000  0.6246502995  0.7062000000  0.5995868444  0.0203376567  3750.0000000  0.5000669956  1.0588440895  600          
[0.64, 0.63, 0.63, 0.63, 0.63, 0.63, 0.63, 0.63, 0.64, 0.64, 0.65] [0.69, 0.69, 0.69, 0.68, 0.68, 0.68, 0.68, 0.67, 0.67, 0.67, 0.66]

final accuracies:
0.0    0.1    0.2    0.3    0.4    0.5    0.6    0.7    0.8    0.9    1.0   
0.671  0.677  0.678  0.677  0.688  0.691  0.684  0.703  0.701  0.707  0.704 
[0.64, 0.63, 0.63, 0.63, 0.63, 0.63, 0.63, 0.63, 0.64, 0.64, 0.65] [0.69, 0.69, 0.69, 0.68, 0.68, 0.68, 0.68, 0.67, 0.67, 0.67, 0.66]

best accuracies:
0.0    0.1    0.2    0.3    0.4    0.5    0.6    0.7    0.8    0.9    1.0   
0.671  0.677  0.678  0.677  0.688  0.691  0.684  0.703  0.701  0.707  0.704 
