Args:
	algorithm: erm
	alpha: 0.4
	batch_size: 25000
	data_dir: ..\data
	deterministic: False
	dropout_p: 0.2
	erm_pretrain_iters: 0
	eval_freq: 50
	exp_name: domain_stress
	full_resolution: False
	groupdro_eta: 1.0
	loss_fn: nll
	lr: 0.0001
	lr_cos_sched: False
	lr_factor_reduction: 1
	mlp_hidden_dim: 390
	n_workers: 0
	network: FiLMedMLP
	other_arg: default
	output_dir: ..\results\cmnist_exp
	penalty_weight: 1000
	save_ckpts: False
	seed: 2
	steps: 600
	test_env_ms: 0.9
	test_envs: 0.1,0.5,0.9
	train_env_ps: (0.1, 0.2)
	train_env_size_mode: random
	train_env_sizes: 
	train_env_sizes_parsed: None
	train_envs: 0.1,0.2
	weight_decay: 0
Train environment sample counts: [25000, 25000]
0.1_acc       0.1_loss      0.5_acc       0.5_loss      0.9_acc       0.9_loss      avg_step_tim  epoch         loss          mem_gb        step         
0.8977000000  0.3387885690  0.5090000000  1.0623176098  0.1052000000  1.8110082150  0.3984087563  50.000000000  0.4279981256  0.7063870430  50           
0.1_acc       0.1_loss      0.5_acc       0.5_loss      0.9_acc       0.9_loss      avg_step_tim  epoch         loss          mem_gb        step         
0.8973000000  0.3283306062  0.5095000000  0.9713109136  0.1075000000  1.6326407194  0.1999821734  100.00000000  0.4035819173  0.7063870430  100          
0.1_acc       0.1_loss      0.5_acc       0.5_loss      0.9_acc       0.9_loss      avg_step_tim  epoch         loss          mem_gb        step         
0.8957000000  0.3199995160  0.5098000000  0.9443213344  0.1118000000  1.5875941515  0.1463622173  150.00000000  0.3889893591  0.7063870430  150          
0.1_acc       0.1_loss      0.5_acc       0.5_loss      0.9_acc       0.9_loss      avg_step_tim  epoch         loss          mem_gb        step         
0.8949000000  0.3145602047  0.5120000000  0.9238198996  0.1154000000  1.5509345531  0.1368597806  200.00000000  0.3789901733  0.7063870430  200          
0.1_acc       0.1_loss      0.5_acc       0.5_loss      0.9_acc       0.9_loss      avg_step_tim  epoch         loss          mem_gb        step         
0.8940000000  0.3101817369  0.5143000000  0.9147265553  0.1209000000  1.5349828005  0.1100520792  250.00000000  0.3688232005  0.7063870430  250          
0.1_acc       0.1_loss      0.5_acc       0.5_loss      0.9_acc       0.9_loss      avg_step_tim  epoch         loss          mem_gb        step         
0.8919000000  0.3075743616  0.5155000000  0.9153507352  0.1296000000  1.5364300013  0.0686280529  300.00000000  0.3599220514  0.7063870430  300          
0.1_acc       0.1_loss      0.5_acc       0.5_loss      0.9_acc       0.9_loss      avg_step_tim  epoch         loss          mem_gb        step         
0.8901000000  0.3067751229  0.5184000000  0.9237030149  0.1392000000  1.5516736507  0.0572291572  350.00000000  0.3515745997  0.7063870430  350          
0.1_acc       0.1_loss      0.5_acc       0.5_loss      0.9_acc       0.9_loss      avg_step_tim  epoch         loss          mem_gb        step         
0.8868000000  0.3073101938  0.5238000000  0.9324058294  0.1518000000  1.5670989752  0.0497164160  400.00000000  0.3428142965  0.7063870430  400          
0.1_acc       0.1_loss      0.5_acc       0.5_loss      0.9_acc       0.9_loss      avg_step_tim  epoch         loss          mem_gb        step         
0.8850000000  0.3094987571  0.5308000000  0.9445314407  0.1664000000  1.5872039795  0.0444097720  450.00000000  0.3358908892  0.7063870430  450          
0.1_acc       0.1_loss      0.5_acc       0.5_loss      0.9_acc       0.9_loss      avg_step_tim  epoch         loss          mem_gb        step         
0.8813000000  0.3129405081  0.5379000000  0.9596068263  0.1821000000  1.6124079227  0.0413561845  500.00000000  0.3247132003  0.7063870430  500          
0.1_acc       0.1_loss      0.5_acc       0.5_loss      0.9_acc       0.9_loss      avg_step_tim  epoch         loss          mem_gb        step         
0.8779000000  0.3174662590  0.5417000000  0.9831413031  0.1930000000  1.6521198750  0.0367770550  550.00000000  0.3138086200  0.7063870430  550          
0.1_acc       0.1_loss      0.5_acc       0.5_loss      0.9_acc       0.9_loss      avg_step_tim  epoch         loss          mem_gb        step         
0.8742000000  0.3227210641  0.5440000000  1.0101792812  0.2026000000  1.6972790956  0.0340952790  600.00000000  0.3011294901  0.7063870430  600          
[1.0, 1.09, 1.17, 1.26, 1.35, 1.43, 1.52, 1.6, 1.69, 1.77, 1.85]

final accuracies:
0.0    0.1    0.2    0.3    0.4    0.5    0.6    0.7    0.8    0.9    1.0   
0.962  0.876  0.788  0.709  0.615  0.534  0.451  0.366  0.279  0.203  0.112 
[1.0, 1.09, 1.17, 1.26, 1.35, 1.43, 1.52, 1.6, 1.69, 1.77, 1.85]

best accuracies:
0.0    0.1    0.2    0.3    0.4    0.5    0.6    0.7    0.8    0.9    1.0   
0.962  0.876  0.788  0.709  0.615  0.534  0.451  0.366  0.279  0.203  0.112 
Args:
	algorithm: irm
	alpha: 0.4
	batch_size: 25000
	data_dir: ..\data
	deterministic: False
	dropout_p: 0.2
	erm_pretrain_iters: 400
	eval_freq: 50
	exp_name: domain_stress
	full_resolution: False
	groupdro_eta: 1.0
	loss_fn: nll
	lr: 0.0001
	lr_cos_sched: True
	lr_factor_reduction: 1
	mlp_hidden_dim: 390
	n_workers: 0
	network: FiLMedMLP
	other_arg: default
	output_dir: ..\results\cmnist_exp
	penalty_weight: 1000.0
	save_ckpts: True
	seed: 2
	steps: 600
	test_env_ms: 0.9
	test_envs: 0.1,0.5,0.9
	train_env_ps: (0.1, 0.2)
	train_env_size_mode: random
	train_env_sizes: 
	train_env_sizes_parsed: None
	train_envs: 0.1,0.2
	weight_decay: 0
Train environment sample counts: [25000, 25000]
0.1_acc       0.1_loss      0.5_acc       0.5_loss      0.9_acc       0.9_loss      avg_step_tim  epoch         loss          mem_gb        step         
0.8977000000  0.3387885690  0.5090000000  1.0623176098  0.1052000000  1.8110082150  0.5277061415  50.000000000  0.4279981256  0.7063870430  50           
0.1_acc       0.1_loss      0.5_acc       0.5_loss      0.9_acc       0.9_loss      avg_step_tim  epoch         loss          mem_gb        step         
0.8973000000  0.3283306062  0.5095000000  0.9713109136  0.1075000000  1.6326407194  0.2796798372  100.00000000  0.4035819173  0.7063870430  100          
0.1_acc       0.1_loss      0.5_acc       0.5_loss      0.9_acc       0.9_loss      avg_step_tim  epoch         loss          mem_gb        step         
0.8957000000  0.3199995160  0.5098000000  0.9443213344  0.1118000000  1.5875941515  0.1803711033  150.00000000  0.3889893591  0.7063870430  150          
0.1_acc       0.1_loss      0.5_acc       0.5_loss      0.9_acc       0.9_loss      avg_step_tim  epoch         loss          mem_gb        step         
0.8949000000  0.3145602047  0.5120000000  0.9238198996  0.1154000000  1.5509345531  0.1345762300  200.00000000  0.3789901733  0.7063870430  200          
0.1_acc       0.1_loss      0.5_acc       0.5_loss      0.9_acc       0.9_loss      avg_step_tim  epoch         loss          mem_gb        step         
0.8940000000  0.3101817369  0.5143000000  0.9147265553  0.1209000000  1.5349828005  0.1049070196  250.00000000  0.3688232005  0.7063870430  250          
0.1_acc       0.1_loss      0.5_acc       0.5_loss      0.9_acc       0.9_loss      avg_step_tim  epoch         loss          mem_gb        step         
0.8919000000  0.3075743616  0.5155000000  0.9153507352  0.1296000000  1.5364300013  0.0910592071  300.00000000  0.3599220514  0.7063870430  300          
0.1_acc       0.1_loss      0.5_acc       0.5_loss      0.9_acc       0.9_loss      avg_step_tim  epoch         loss          mem_gb        step         
0.8901000000  0.3067751229  0.5184000000  0.9237030149  0.1392000000  1.5516736507  0.0765432078  350.00000000  0.3515745997  0.7063870430  350          
0.1_acc       0.1_loss      0.5_acc       0.5_loss      0.9_acc       0.9_loss      avg_step_tim  epoch         loss          mem_gb        step         
0.8868000000  0.3073101938  0.5238000000  0.9324058294  0.1518000000  1.5670989752  0.0628630775  400.00000000  0.3428142965  0.7063870430  400          
Saved ERM-pretrained model.
0.1_acc       0.1_loss      0.5_acc       0.5_loss      0.9_acc       0.9_loss      avg_step_tim  epoch         erm_loss      loss          mem_gb        penalty       step         
0.7332000000  0.5364623666  0.7000000000  0.6385155916  0.6685000000  0.7331127524  0.0469943147  450.00000000  0.5192655325  0.0005294253  0.7063899040  0.0000101598  450          
0.1_acc       0.1_loss      0.5_acc       0.5_loss      0.9_acc       0.9_loss      avg_step_tim  epoch         erm_loss      loss          mem_gb        penalty       step         
0.7440000000  0.5138893723  0.6970000000  0.6505136490  0.6500000000  0.7811101675  0.0422360229  500.00000000  0.4917441308  0.0005153497  0.7063899040  0.0000236055  500          
0.1_acc       0.1_loss      0.5_acc       0.5_loss      0.9_acc       0.9_loss      avg_step_tim  epoch         erm_loss      loss          mem_gb        penalty       step         
0.7494000000  0.5039301515  0.6948000000  0.6564551592  0.6421000000  0.8034117818  0.0416703072  550.00000000  0.4862052500  0.0004887455  0.7063899040  0.0000025403  550          
0.1_acc       0.1_loss      0.5_acc       0.5_loss      0.9_acc       0.9_loss      avg_step_tim  epoch         erm_loss      loss          mem_gb        penalty       step         
0.7500000000  0.5031185150  0.6950000000  0.6572209597  0.6413000000  0.8058166504  0.0461257724  600.00000000  0.4856339693  0.0004925338  0.7063899040  0.0000068999  600          
[0.65, 0.67, 0.69, 0.7, 0.72, 0.74, 0.76, 0.77, 0.79, 0.81, 0.82]

final accuracies:
0.0    0.1    0.2    0.3    0.4    0.5    0.6    0.7    0.8    0.9    1.0   
0.755  0.743  0.733  0.723  0.711  0.699  0.684  0.682  0.665  0.651  0.644 
[0.63, 0.64, 0.65, 0.66, 0.68, 0.69, 0.7, 0.71, 0.72, 0.73, 0.74]

best accuracies:
0.0    0.1    0.2    0.3    0.4    0.5    0.6    0.7    0.8    0.9    1.0   
0.734  0.728  0.724  0.719  0.713  0.704  0.696  0.697  0.683  0.674  0.672 
Args:
	algorithm: groupdro
	alpha: 0.4
	batch_size: 25000
	data_dir: ..\data
	deterministic: False
	dropout_p: 0.2
	erm_pretrain_iters: 400
	eval_freq: 50
	exp_name: domain_stress
	full_resolution: False
	groupdro_eta: 0.1
	loss_fn: nll
	lr: 0.0001
	lr_cos_sched: True
	lr_factor_reduction: 1
	mlp_hidden_dim: 390
	n_workers: 0
	network: FiLMedMLP
	other_arg: default
	output_dir: ..\results\cmnist_exp
	penalty_weight: 1000
	save_ckpts: True
	seed: 2
	steps: 1000
	test_env_ms: 0.9
	test_envs: 0.1,0.5,0.9
	train_env_ps: (0.1, 0.2)
	train_env_size_mode: random
	train_env_sizes: 
	train_env_sizes_parsed: None
	train_envs: 0.1,0.2
	weight_decay: 0
Train environment sample counts: [25000, 25000]
train_sandbox.py:189: FutureWarning: You are using `torch.load` with `weights_only=False` (the current default value), which uses the default pickle module implicitly. It is possible to construct malicious pickle data which will execute arbitrary code during unpickling (See https://github.com/pytorch/pytorch/blob/main/SECURITY.md#untrusted-models for more details). In a future release, the default value for `weights_only` will be flipped to `True`. This limits the functions that could be executed during unpickling. Arbitrary objects will no longer be allowed to be loaded via this mode unless they are explicitly allowlisted by the user via `torch.serialization.add_safe_globals`. We recommend you start setting `weights_only=True` for any use case where you don't have full control of the loaded file. Please open an issue on GitHub for any issues related to this experimental feature.
  algorithm.load_state_dict(torch.load(erm_ckpt_pth, map_location=device), strict=False)
ERM-pretrained model loaded: 84a74b8032c4da7c677e909c4620dbb7.
0.1_acc       0.1_loss      0.5_acc       0.5_loss      0.9_acc       0.9_loss      avg_step_tim  epoch         loss          mem_gb        step         
0.8810000000  0.3128014207  0.5392000000  0.9131121039  0.1856000000  1.5199396610  0.0581972620  450.00000000  0.3530367911  0.5669384003  450          
0.1_acc       0.1_loss      0.5_acc       0.5_loss      0.9_acc       0.9_loss      avg_step_tim  epoch         loss          mem_gb        step         
0.8713000000  0.3202655613  0.5541000000  0.9071369767  0.2201000000  1.4987146854  0.0541338272  500.00000000  0.3509899378  0.5669388771  500          
0.1_acc       0.1_loss      0.5_acc       0.5_loss      0.9_acc       0.9_loss      avg_step_tim  epoch         loss          mem_gb        step         
0.8647000000  0.3271434903  0.5612000000  0.9209708571  0.2443000000  1.5174741745  0.0499265073  550.00000000  0.3420059681  0.5669388771  550          
0.1_acc       0.1_loss      0.5_acc       0.5_loss      0.9_acc       0.9_loss      avg_step_tim  epoch         loss          mem_gb        step         
0.8575000000  0.3353998065  0.5678000000  0.9391250014  0.2684000000  1.5420359373  0.0442925080  600.00000000  0.3283795714  0.5669388771  600          
0.1_acc       0.1_loss      0.5_acc       0.5_loss      0.9_acc       0.9_loss      avg_step_tim  epoch         loss          mem_gb        step         
0.8543000000  0.3430449367  0.5719000000  0.9639765620  0.2815000000  1.5807616711  0.0410092977  650.00000000  0.3133871853  0.5669388771  650          
0.1_acc       0.1_loss      0.5_acc       0.5_loss      0.9_acc       0.9_loss      avg_step_tim  epoch         loss          mem_gb        step         
0.8540000000  0.3491073251  0.5743000000  0.9882794619  0.2860000000  1.6228832006  0.0371847616  700.00000000  0.3048076332  0.5669388771  700          
0.1_acc       0.1_loss      0.5_acc       0.5_loss      0.9_acc       0.9_loss      avg_step_tim  epoch         loss          mem_gb        step         
0.8523000000  0.3538559079  0.5757000000  1.0046517849  0.2904000000  1.6478232145  0.0358617446  750.00000000  0.2928667367  0.5669388771  750          
0.1_acc       0.1_loss      0.5_acc       0.5_loss      0.9_acc       0.9_loss      avg_step_tim  epoch         loss          mem_gb        step         
0.8519000000  0.3563352525  0.5741000000  1.0213204622  0.2892000000  1.6771757603  0.0334274679  800.00000000  0.2864616513  0.5669388771  800          
0.1_acc       0.1_loss      0.5_acc       0.5_loss      0.9_acc       0.9_loss      avg_step_tim  epoch         loss          mem_gb        step         
0.8512000000  0.3582690954  0.5738000000  1.0306882858  0.2889000000  1.6934831142  0.0318277020  850.00000000  0.2843318284  0.5669388771  850          
0.1_acc       0.1_loss      0.5_acc       0.5_loss      0.9_acc       0.9_loss      avg_step_tim  epoch         loss          mem_gb        step         
0.8516000000  0.3589636683  0.5738000000  1.0355887413  0.2886000000  1.7020386457  0.0298141170  900.00000000  0.2851013243  0.5669388771  900          
0.1_acc       0.1_loss      0.5_acc       0.5_loss      0.9_acc       0.9_loss      avg_step_tim  epoch         loss          mem_gb        step         
0.8521000000  0.3584929109  0.5728000000  1.0405640602  0.2858000000  1.7126011848  0.0279280898  950.00000000  0.2829838097  0.5669388771  950          
0.1_acc       0.1_loss      0.5_acc       0.5_loss      0.9_acc       0.9_loss      avg_step_tim  epoch         loss          mem_gb        step         
0.8521000000  0.3584231734  0.5724000000  1.0414702892  0.2850000000  1.7146562338  0.0262478356  1000.0000000  0.2840159237  0.5669388771  1000         
[1.03, 1.12, 1.2, 1.28, 1.37, 1.45, 1.54, 1.62, 1.71, 1.79, 1.87]

final accuracies:
0.0    0.1    0.2    0.3    0.4    0.5    0.6    0.7    0.8    0.9    1.0   
0.927  0.856  0.778  0.715  0.636  0.564  0.495  0.425  0.353  0.282  0.209 
[1.0, 1.08, 1.16, 1.24, 1.32, 1.4, 1.48, 1.56, 1.64, 1.72, 1.8]

best accuracies:
0.0    0.1    0.2    0.3    0.4    0.5    0.6    0.7    0.8    0.9    1.0   
0.925  0.855  0.777  0.716  0.637  0.566  0.496  0.428  0.356  0.286  0.214 
Args:
	algorithm: iro
	alpha: 0.4
	batch_size: 25000
	data_dir: ..\data
	deterministic: False
	dropout_p: 0.2
	erm_pretrain_iters: 400
	eval_freq: 50
	exp_name: domain_stress
	full_resolution: False
	groupdro_eta: 1.0
	loss_fn: nll
	lr: 0.0001
	lr_cos_sched: True
	lr_factor_reduction: 1
	mlp_hidden_dim: 390
	n_workers: 0
	network: FiLMedMLP
	other_arg: default
	output_dir: ..\results\cmnist_exp
	penalty_weight: 1000
	save_ckpts: True
	seed: 2
	steps: 600
	test_env_ms: 0.9
	test_envs: 0.1,0.5,0.9
	train_env_ps: (0.1, 0.2)
	train_env_size_mode: random
	train_env_sizes: 
	train_env_sizes_parsed: None
	train_envs: 0.1,0.2
	weight_decay: 0
Train environment sample counts: [25000, 25000]
train_sandbox.py:189: FutureWarning: You are using `torch.load` with `weights_only=False` (the current default value), which uses the default pickle module implicitly. It is possible to construct malicious pickle data which will execute arbitrary code during unpickling (See https://github.com/pytorch/pytorch/blob/main/SECURITY.md#untrusted-models for more details). In a future release, the default value for `weights_only` will be flipped to `True`. This limits the functions that could be executed during unpickling. Arbitrary objects will no longer be allowed to be loaded via this mode unless they are explicitly allowlisted by the user via `torch.serialization.add_safe_globals`. We recommend you start setting `weights_only=True` for any use case where you don't have full control of the loaded file. Please open an issue on GitHub for any issues related to this experimental feature.
  algorithm.load_state_dict(torch.load(erm_ckpt_pth, map_location=device), strict=False)
ERM-pretrained model loaded: 84a74b8032c4da7c677e909c4620dbb7.
0.1_acc       0.1_loss      0.5_acc       0.5_loss      0.9_acc       0.9_loss      avg_step_tim  epoch         loss          mem_gb        step         
0.8977000000  0.4924526215  0.5090000000  0.8728139400  0.1052000000  1.3978646994  0.7991341872  450.00000000  0.1558685899  8.3696632385  450          
0.1_acc       0.1_loss      0.5_acc       0.5_loss      0.9_acc       0.9_loss      avg_step_tim  epoch         loss          mem_gb        step         
0.8977000000  0.3959225416  0.5090000000  0.9009938240  0.1053000000  1.4780138731  0.6922696414  500.00000000  0.1446264237  8.3696632385  500          
0.1_acc       0.1_loss      0.5_acc       0.5_loss      0.9_acc       0.9_loss      avg_step_tim  epoch         loss          mem_gb        step         
0.8977000000  0.3822111785  0.5110000000  0.8561691046  0.1126000000  1.3841092587  0.6306212906  550.00000000  0.1414152533  8.3696632385  550          
0.1_acc       0.1_loss      0.5_acc       0.5_loss      0.9_acc       0.9_loss      avg_step_tim  epoch         loss          mem_gb        step         
0.8976000000  0.3800095618  0.5112000000  0.8512579799  0.1139000000  1.3739210367  0.5786122417  600.00000000  0.1406946629  8.3696632385  600          
[0.79, 0.86, 0.94, 1.01, 1.07, 1.15, 1.23, 1.3, 1.37, 1.44, 1.52] [0.5, 0.45, 0.4, 0.35, 0.3, 0.25, 0.2, 0.15, 0.11, 0.06, 0.01]

final accuracies:
0.0    0.1    0.2    0.3    0.4    0.5    0.6    0.7    0.8    0.9    1.0   
1.000  0.899  0.792  0.705  0.600  0.498  0.400  0.300  0.206  0.112  0.009 
[0.79, 0.86, 0.94, 1.01, 1.07, 1.15, 1.23, 1.3, 1.37, 1.44, 1.52] [0.5, 0.45, 0.4, 0.35, 0.3, 0.25, 0.2, 0.15, 0.11, 0.06, 0.01]

best accuracies:
0.0    0.1    0.2    0.3    0.4    0.5    0.6    0.7    0.8    0.9    1.0   
1.000  0.899  0.792  0.705  0.600  0.498  0.400  0.300  0.206  0.112  0.009 
Args:
	algorithm: inftask
	alpha: 0.4
	batch_size: 25000
	data_dir: ..\data
	deterministic: False
	dropout_p: 0.2
	erm_pretrain_iters: 400
	eval_freq: 50
	exp_name: domain_stress
	full_resolution: False
	groupdro_eta: 1.0
	loss_fn: nll
	lr: 0.0001
	lr_cos_sched: True
	lr_factor_reduction: 1
	mlp_hidden_dim: 390
	n_workers: 0
	network: FiLMedMLP
	other_arg: default
	output_dir: ..\results\cmnist_exp
	penalty_weight: 1000
	save_ckpts: True
	seed: 2
	steps: 600
	test_env_ms: 0.9
	test_envs: 0.1,0.5,0.9
	train_env_ps: (0.1, 0.2)
	train_env_size_mode: random
	train_env_sizes: 
	train_env_sizes_parsed: None
	train_envs: 0.1,0.2
	weight_decay: 0
Train environment sample counts: [25000, 25000]
train_sandbox.py:189: FutureWarning: You are using `torch.load` with `weights_only=False` (the current default value), which uses the default pickle module implicitly. It is possible to construct malicious pickle data which will execute arbitrary code during unpickling (See https://github.com/pytorch/pytorch/blob/main/SECURITY.md#untrusted-models for more details). In a future release, the default value for `weights_only` will be flipped to `True`. This limits the functions that could be executed during unpickling. Arbitrary objects will no longer be allowed to be loaded via this mode unless they are explicitly allowlisted by the user via `torch.serialization.add_safe_globals`. We recommend you start setting `weights_only=True` for any use case where you don't have full control of the loaded file. Please open an issue on GitHub for any issues related to this experimental feature.
  algorithm.load_state_dict(torch.load(erm_ckpt_pth, map_location=device), strict=False)
ERM-pretrained model loaded: 84a74b8032c4da7c677e909c4620dbb7.
0.1_acc       0.1_loss      0.5_acc       0.5_loss      0.9_acc       0.9_loss      avg_step_tim  epoch         loss          mem_gb        step         
0.8977000000  0.5006973147  0.5090000000  0.8608585596  0.1052000000  1.3687788248  0.0940171756  450.00000000  0.1686586887  3.2021455765  450          
0.1_acc       0.1_loss      0.5_acc       0.5_loss      0.9_acc       0.9_loss      avg_step_tim  epoch         loss          mem_gb        step         
0.8977000000  0.4036361575  0.5090000000  0.8944312334  0.1053000000  1.4631829262  0.0867452073  500.00000000  0.1563286632  3.2021455765  500          
0.1_acc       0.1_loss      0.5_acc       0.5_loss      0.9_acc       0.9_loss      avg_step_tim  epoch         loss          mem_gb        step         
0.8977000000  0.3853314817  0.5107000000  0.8555305600  0.1119000000  1.3817974329  0.0797633930  550.00000000  0.1521303803  3.2021455765  550          
0.1_acc       0.1_loss      0.5_acc       0.5_loss      0.9_acc       0.9_loss      avg_step_tim  epoch         loss          mem_gb        step         
0.8977000000  0.3835079074  0.5114000000  0.8501611948  0.1136000000  1.3705122471  0.0721902823  600.00000000  0.1509058177  3.2021455765  600          
[0.79, 0.86, 0.94, 1.01, 1.08, 1.16, 1.23, 1.31, 1.37, 1.43, 1.51] [0.5, 0.45, 0.4, 0.35, 0.3, 0.25, 0.2, 0.15, 0.11, 0.06, 0.01]

final accuracies:
0.0    0.1    0.2    0.3    0.4    0.5    0.6    0.7    0.8    0.9    1.0   
0.999  0.901  0.795  0.706  0.599  0.501  0.401  0.302  0.206  0.111  0.008 
[0.79, 0.86, 0.94, 1.01, 1.08, 1.16, 1.23, 1.31, 1.37, 1.43, 1.51] [0.5, 0.45, 0.4, 0.35, 0.3, 0.25, 0.2, 0.15, 0.11, 0.06, 0.01]

best accuracies:
0.0    0.1    0.2    0.3    0.4    0.5    0.6    0.7    0.8    0.9    1.0   
0.999  0.901  0.795  0.706  0.599  0.501  0.401  0.302  0.206  0.111  0.008 
Args:
	algorithm: erm
	alpha: 0.4
	batch_size: 25000
	data_dir: ..\data
	deterministic: False
	dropout_p: 0.2
	erm_pretrain_iters: 0
	eval_freq: 50
	exp_name: domain_stress
	full_resolution: False
	groupdro_eta: 1.0
	loss_fn: nll
	lr: 0.0001
	lr_cos_sched: False
	lr_factor_reduction: 1
	mlp_hidden_dim: 390
	n_workers: 0
	network: FiLMedMLP
	other_arg: default
	output_dir: ..\results\cmnist_exp
	penalty_weight: 1000
	save_ckpts: False
	seed: 2
	steps: 600
	test_env_ms: 0.9
	test_envs: 0.1,0.5,0.9
	train_env_ps: (0.01, 0.12, 0.5, 0.99)
	train_env_size_mode: random
	train_env_sizes: 
	train_env_sizes_parsed: None
	train_envs: 0.01,0.12,0.5,0.99
	weight_decay: 0
Train environment sample counts: [12500, 12500, 12500, 12500]
0.1_acc       0.1_loss      0.5_acc       0.5_loss      0.9_acc       0.9_loss      avg_step_tim  epoch         loss          mem_gb        step         
0.7687000000  0.5085442066  0.6389000000  0.6515585780  0.5047000000  0.7983530760  0.4861157274  100.00000000  0.6215662360  0.7039837837  50           
0.1_acc       0.1_loss      0.5_acc       0.5_loss      0.9_acc       0.9_loss      avg_step_tim  epoch         loss          mem_gb        step         
0.7668000000  0.4940312505  0.6843000000  0.6248477101  0.5878000000  0.7615118623  0.2553265309  200.00000000  0.5943437219  0.7039837837  100          
0.1_acc       0.1_loss      0.5_acc       0.5_loss      0.9_acc       0.9_loss      avg_step_tim  epoch         loss          mem_gb        step         
0.7637000000  0.4856472611  0.6999000000  0.6154194474  0.6281000000  0.7512906194  0.1705307182  300.00000000  0.5774723887  0.7039837837  150          
0.1_acc       0.1_loss      0.5_acc       0.5_loss      0.9_acc       0.9_loss      avg_step_tim  epoch         loss          mem_gb        step         
0.7619000000  0.4833409488  0.7031000000  0.6130192280  0.6444000000  0.7480790615  0.1279381669  400.00000000  0.5631031990  0.7039837837  200          
0.1_acc       0.1_loss      0.5_acc       0.5_loss      0.9_acc       0.9_loss      avg_step_tim  epoch         loss          mem_gb        step         
0.7601000000  0.4829361141  0.7047000000  0.6144418716  0.6519000000  0.7497255802  0.1098603363  500.00000000  0.5515035987  0.7039837837  250          
0.1_acc       0.1_loss      0.5_acc       0.5_loss      0.9_acc       0.9_loss      avg_step_tim  epoch         loss          mem_gb        step         
0.7579000000  0.4852808416  0.7057000000  0.6182700992  0.6507000000  0.7539676428  0.0871261470  600.00000000  0.5372359753  0.7039837837  300          
0.1_acc       0.1_loss      0.5_acc       0.5_loss      0.9_acc       0.9_loss      avg_step_tim  epoch         loss          mem_gb        step         
0.7565000000  0.4911882579  0.7053000000  0.6249977350  0.6482000000  0.7604799867  0.0729925374  700.00000000  0.5219634771  0.7039837837  350          
0.1_acc       0.1_loss      0.5_acc       0.5_loss      0.9_acc       0.9_loss      avg_step_tim  epoch         loss          mem_gb        step         
0.7538000000  0.4971306622  0.7005000000  0.6345474124  0.6408000000  0.7727971673  0.0649911433  800.00000000  0.5064098835  0.7039837837  400          
0.1_acc       0.1_loss      0.5_acc       0.5_loss      0.9_acc       0.9_loss      avg_step_tim  epoch         loss          mem_gb        step         
0.7512000000  0.5069651604  0.6964000000  0.6456853151  0.6336000000  0.7843461037  0.0583449056  900.00000000  0.4870229065  0.7039837837  450          
0.1_acc       0.1_loss      0.5_acc       0.5_loss      0.9_acc       0.9_loss      avg_step_tim  epoch         loss          mem_gb        step         
0.7488000000  0.5159451962  0.6915000000  0.6593207121  0.6260000000  0.8004316688  0.0530108628  1000.0000000  0.4681262076  0.7039837837  500          
0.1_acc       0.1_loss      0.5_acc       0.5_loss      0.9_acc       0.9_loss      avg_step_tim  epoch         loss          mem_gb        step         
0.7493000000  0.5247238278  0.6856000000  0.6749283075  0.6154000000  0.8213185072  0.0466885723  1100.0000000  0.4508876503  0.7039837837  550          
0.1_acc       0.1_loss      0.5_acc       0.5_loss      0.9_acc       0.9_loss      avg_step_tim  epoch         loss          mem_gb        step         
0.7472000000  0.5345748663  0.6784000000  0.6917392612  0.6084000000  0.8435204625  0.0435212394  1200.0000000  0.4312763810  0.7039837837  600          
[0.69, 0.71, 0.72, 0.74, 0.77, 0.78, 0.8, 0.82, 0.84, 0.87, 0.89]

final accuracies:
0.0    0.1    0.2    0.3    0.4    0.5    0.6    0.7    0.8    0.9    1.0   
0.767  0.748  0.738  0.719  0.692  0.687  0.664  0.650  0.633  0.610  0.592 
[0.61, 0.63, 0.65, 0.66, 0.68, 0.7, 0.71, 0.73, 0.75, 0.77, 0.78]

best accuracies:
0.0    0.1    0.2    0.3    0.4    0.5    0.6    0.7    0.8    0.9    1.0   
0.772  0.756  0.753  0.740  0.712  0.710  0.697  0.689  0.677  0.654  0.644 
Args:
	algorithm: irm
	alpha: 0.4
	batch_size: 25000
	data_dir: ..\data
	deterministic: False
	dropout_p: 0.2
	erm_pretrain_iters: 400
	eval_freq: 50
	exp_name: domain_stress
	full_resolution: False
	groupdro_eta: 1.0
	loss_fn: nll
	lr: 0.0001
	lr_cos_sched: True
	lr_factor_reduction: 1
	mlp_hidden_dim: 390
	n_workers: 0
	network: FiLMedMLP
	other_arg: default
	output_dir: ..\results\cmnist_exp
	penalty_weight: 1000.0
	save_ckpts: True
	seed: 2
	steps: 600
	test_env_ms: 0.9
	test_envs: 0.1,0.5,0.9
	train_env_ps: (0.01, 0.12, 0.5, 0.99)
	train_env_size_mode: random
	train_env_sizes: 
	train_env_sizes_parsed: None
	train_envs: 0.01,0.12,0.5,0.99
	weight_decay: 0
Train environment sample counts: [12500, 12500, 12500, 12500]
0.1_acc       0.1_loss      0.5_acc       0.5_loss      0.9_acc       0.9_loss      avg_step_tim  epoch         loss          mem_gb        step         
0.7687000000  0.5085442066  0.6389000000  0.6515585780  0.5047000000  0.7983530760  0.4894470787  100.00000000  0.6215662360  0.7039837837  50           
0.1_acc       0.1_loss      0.5_acc       0.5_loss      0.9_acc       0.9_loss      avg_step_tim  epoch         loss          mem_gb        step         
0.7668000000  0.4940312505  0.6843000000  0.6248477101  0.5878000000  0.7615118623  0.2674365115  200.00000000  0.5943437219  0.7039837837  100          
0.1_acc       0.1_loss      0.5_acc       0.5_loss      0.9_acc       0.9_loss      avg_step_tim  epoch         loss          mem_gb        step         
0.7637000000  0.4856472611  0.6999000000  0.6154194474  0.6281000000  0.7512906194  0.1790498511  300.00000000  0.5774723887  0.7039837837  150          
0.1_acc       0.1_loss      0.5_acc       0.5_loss      0.9_acc       0.9_loss      avg_step_tim  epoch         loss          mem_gb        step         
0.7619000000  0.4833409488  0.7031000000  0.6130192280  0.6444000000  0.7480790615  0.2021498168  400.00000000  0.5631031990  0.7039837837  200          
0.1_acc       0.1_loss      0.5_acc       0.5_loss      0.9_acc       0.9_loss      avg_step_tim  epoch         loss          mem_gb        step         
0.7601000000  0.4829361141  0.7047000000  0.6144418716  0.6519000000  0.7497255802  0.1351948891  500.00000000  0.5515035987  0.7039837837  250          
0.1_acc       0.1_loss      0.5_acc       0.5_loss      0.9_acc       0.9_loss      avg_step_tim  epoch         loss          mem_gb        step         
0.7579000000  0.4852808416  0.7057000000  0.6182700992  0.6507000000  0.7539676428  0.0874200614  600.00000000  0.5372359753  0.7039837837  300          
0.1_acc       0.1_loss      0.5_acc       0.5_loss      0.9_acc       0.9_loss      avg_step_tim  epoch         loss          mem_gb        step         
0.7565000000  0.4911882579  0.7053000000  0.6249977350  0.6482000000  0.7604799867  0.0754165002  700.00000000  0.5219634771  0.7039837837  350          
0.1_acc       0.1_loss      0.5_acc       0.5_loss      0.9_acc       0.9_loss      avg_step_tim  epoch         loss          mem_gb        step         
0.7538000000  0.4971306622  0.7005000000  0.6345474124  0.6408000000  0.7727971673  0.0729950452  800.00000000  0.5064098835  0.7039837837  400          
Saved ERM-pretrained model.
0.1_acc       0.1_loss      0.5_acc       0.5_loss      0.9_acc       0.9_loss      avg_step_tim  epoch         erm_loss      loss          mem_gb        penalty       step         
0.7168000000  0.5995331407  0.7134000000  0.6193184257  0.7093000000  0.6367349625  0.0608283647  900.00000000  0.5183120370  0.0005412971  0.7039885521  0.0000229851  450          
0.1_acc       0.1_loss      0.5_acc       0.5_loss      0.9_acc       0.9_loss      avg_step_tim  epoch         erm_loss      loss          mem_gb        penalty       step         
0.7175000000  0.5972638726  0.7130000000  0.6197326779  0.7079000000  0.6398950219  0.0514255457  1000.0000000  0.5181728601  0.0005326566  0.7039885521  0.0000144837  500          
0.1_acc       0.1_loss      0.5_acc       0.5_loss      0.9_acc       0.9_loss      avg_step_tim  epoch         erm_loss      loss          mem_gb        penalty       step         
0.7173000000  0.5981934667  0.7131000000  0.6196204424  0.7082000000  0.6387432218  0.0471002661  1100.0000000  0.5199167728  0.0005284591  0.7039885521  0.0000085424  550          
0.1_acc       0.1_loss      0.5_acc       0.5_loss      0.9_acc       0.9_loss      avg_step_tim  epoch         erm_loss      loss          mem_gb        penalty       step         
0.7177000000  0.5966618657  0.7129000000  0.6196524501  0.7078000000  0.6403765678  0.0422120396  1200.0000000  0.5189896822  0.0005378328  0.7039885521  0.0000188431  600          
[0.61, 0.62, 0.62, 0.62, 0.63, 0.63, 0.63, 0.63, 0.64, 0.64, 0.65]

final accuracies:
0.0    0.1    0.2    0.3    0.4    0.5    0.6    0.7    0.8    0.9    1.0   
0.718  0.718  0.728  0.722  0.712  0.717  0.716  0.721  0.715  0.710  0.708 
[0.61, 0.62, 0.62, 0.62, 0.62, 0.63, 0.63, 0.63, 0.63, 0.64, 0.64]

best accuracies:
0.0    0.1    0.2    0.3    0.4    0.5    0.6    0.7    0.8    0.9    1.0   
0.717  0.716  0.727  0.722  0.713  0.718  0.716  0.723  0.716  0.711  0.710 
Args:
	algorithm: groupdro
	alpha: 0.4
	batch_size: 25000
	data_dir: ..\data
	deterministic: False
	dropout_p: 0.2
	erm_pretrain_iters: 400
	eval_freq: 50
	exp_name: domain_stress
	full_resolution: False
	groupdro_eta: 0.1
	loss_fn: nll
	lr: 0.0001
	lr_cos_sched: True
	lr_factor_reduction: 1
	mlp_hidden_dim: 390
	n_workers: 0
	network: FiLMedMLP
	other_arg: default
	output_dir: ..\results\cmnist_exp
	penalty_weight: 1000
	save_ckpts: True
	seed: 2
	steps: 1000
	test_env_ms: 0.9
	test_envs: 0.1,0.5,0.9
	train_env_ps: (0.01, 0.12, 0.5, 0.99)
	train_env_size_mode: random
	train_env_sizes: 
	train_env_sizes_parsed: None
	train_envs: 0.01,0.12,0.5,0.99
	weight_decay: 0
Train environment sample counts: [12500, 12500, 12500, 12500]
train_sandbox.py:189: FutureWarning: You are using `torch.load` with `weights_only=False` (the current default value), which uses the default pickle module implicitly. It is possible to construct malicious pickle data which will execute arbitrary code during unpickling (See https://github.com/pytorch/pytorch/blob/main/SECURITY.md#untrusted-models for more details). In a future release, the default value for `weights_only` will be flipped to `True`. This limits the functions that could be executed during unpickling. Arbitrary objects will no longer be allowed to be loaded via this mode unless they are explicitly allowlisted by the user via `torch.serialization.add_safe_globals`. We recommend you start setting `weights_only=True` for any use case where you don't have full control of the loaded file. Please open an issue on GitHub for any issues related to this experimental feature.
  algorithm.load_state_dict(torch.load(erm_ckpt_pth, map_location=device), strict=False)
ERM-pretrained model loaded: e667c694e1a2b1ae58520168ee2e4bf4.
0.1_acc       0.1_loss      0.5_acc       0.5_loss      0.9_acc       0.9_loss      avg_step_tim  epoch         loss          mem_gb        step         
0.7213000000  0.5908759832  0.7064000000  0.6261502504  0.6928000000  0.6598726511  0.0538739761  900.00000000  0.5040309429  0.5219612122  450          
0.1_acc       0.1_loss      0.5_acc       0.5_loss      0.9_acc       0.9_loss      avg_step_tim  epoch         loss          mem_gb        step         
0.7168000000  0.6017038226  0.7014000000  0.6357164979  0.6893000000  0.6654091477  0.0518577228  1000.0000000  0.4911227226  0.5219616890  500          
0.1_acc       0.1_loss      0.5_acc       0.5_loss      0.9_acc       0.9_loss      avg_step_tim  epoch         loss          mem_gb        step         
0.7139000000  0.6064555645  0.6978000000  0.6450381875  0.6848000000  0.6782225966  0.0461043627  1100.0000000  0.4769227505  0.5219616890  550          
0.1_acc       0.1_loss      0.5_acc       0.5_loss      0.9_acc       0.9_loss      avg_step_tim  epoch         loss          mem_gb        step         
0.7140000000  0.6082420945  0.6950000000  0.6543998122  0.6781000000  0.6947658062  0.0425335888  1200.0000000  0.4690507054  0.5219616890  600          
0.1_acc       0.1_loss      0.5_acc       0.5_loss      0.9_acc       0.9_loss      avg_step_tim  epoch         loss          mem_gb        step         
0.7120000000  0.6117659211  0.6911000000  0.6623424888  0.6744000000  0.7059352398  0.0394517811  1300.0000000  0.4561873078  0.5219616890  650          
0.1_acc       0.1_loss      0.5_acc       0.5_loss      0.9_acc       0.9_loss      avg_step_tim  epoch         loss          mem_gb        step         
0.7120000000  0.6150993109  0.6904000000  0.6705797315  0.6684000000  0.7184241414  0.0385277864  1400.0000000  0.4449470043  0.5219616890  700          
0.1_acc       0.1_loss      0.5_acc       0.5_loss      0.9_acc       0.9_loss      avg_step_tim  epoch         loss          mem_gb        step         
0.7116000000  0.6156835556  0.6872000000  0.6767319441  0.6634000000  0.7296666503  0.0345873232  1500.0000000  0.4399168193  0.5219616890  750          
0.1_acc       0.1_loss      0.5_acc       0.5_loss      0.9_acc       0.9_loss      avg_step_tim  epoch         loss          mem_gb        step         
0.7109000000  0.6180945039  0.6857000000  0.6807271242  0.6615000000  0.7344539762  0.0331052378  1600.0000000  0.4348588884  0.5219616890  800          
0.1_acc       0.1_loss      0.5_acc       0.5_loss      0.9_acc       0.9_loss      avg_step_tim  epoch         loss          mem_gb        step         
0.7096000000  0.6199455857  0.6849000000  0.6835213900  0.6599000000  0.7378267646  0.0309590446  1700.0000000  0.4327879846  0.5219616890  850          
0.1_acc       0.1_loss      0.5_acc       0.5_loss      0.9_acc       0.9_loss      avg_step_tim  epoch         loss          mem_gb        step         
0.7103000000  0.6192518473  0.6839000000  0.6851770878  0.6575000000  0.7416940928  0.0294043003  1800.0000000  0.4314798713  0.5219616890  900          
0.1_acc       0.1_loss      0.5_acc       0.5_loss      0.9_acc       0.9_loss      avg_step_tim  epoch         loss          mem_gb        step         
0.7102000000  0.6207449436  0.6837000000  0.6859903932  0.6589000000  0.7415979505  0.0267651796  1900.0000000  0.4282350540  0.5219616890  950          
0.1_acc       0.1_loss      0.5_acc       0.5_loss      0.9_acc       0.9_loss      avg_step_tim  epoch         loss          mem_gb        step         
0.7104000000  0.6204879880  0.6837000000  0.6860494614  0.6586000000  0.7419660687  0.0264777310  2000.0000000  0.4278043509  0.5219616890  1000         
[0.68, 0.68, 0.69, 0.7, 0.71, 0.72, 0.72, 0.73, 0.74, 0.75, 0.76]

final accuracies:
0.0    0.1    0.2    0.3    0.4    0.5    0.6    0.7    0.8    0.9    1.0   
0.719  0.713  0.717  0.705  0.688  0.689  0.682  0.677  0.670  0.660  0.652 
[0.62, 0.63, 0.63, 0.63, 0.64, 0.64, 0.65, 0.65, 0.66, 0.67, 0.67]

best accuracies:
0.0    0.1    0.2    0.3    0.4    0.5    0.6    0.7    0.8    0.9    1.0   
0.723  0.721  0.728  0.720  0.708  0.712  0.709  0.708  0.704  0.695  0.691 
Args:
	algorithm: iro
	alpha: 0.4
	batch_size: 25000
	data_dir: ..\data
	deterministic: False
	dropout_p: 0.2
	erm_pretrain_iters: 400
	eval_freq: 50
	exp_name: domain_stress
	full_resolution: False
	groupdro_eta: 1.0
	loss_fn: nll
	lr: 0.0001
	lr_cos_sched: True
	lr_factor_reduction: 1
	mlp_hidden_dim: 390
	n_workers: 0
	network: FiLMedMLP
	other_arg: default
	output_dir: ..\results\cmnist_exp
	penalty_weight: 1000
	save_ckpts: True
	seed: 2
	steps: 600
	test_env_ms: 0.9
	test_envs: 0.1,0.5,0.9
	train_env_ps: (0.01, 0.12, 0.5, 0.99)
	train_env_size_mode: random
	train_env_sizes: 
	train_env_sizes_parsed: None
	train_envs: 0.01,0.12,0.5,0.99
	weight_decay: 0
Train environment sample counts: [12500, 12500, 12500, 12500]
train_sandbox.py:189: FutureWarning: You are using `torch.load` with `weights_only=False` (the current default value), which uses the default pickle module implicitly. It is possible to construct malicious pickle data which will execute arbitrary code during unpickling (See https://github.com/pytorch/pytorch/blob/main/SECURITY.md#untrusted-models for more details). In a future release, the default value for `weights_only` will be flipped to `True`. This limits the functions that could be executed during unpickling. Arbitrary objects will no longer be allowed to be loaded via this mode unless they are explicitly allowlisted by the user via `torch.serialization.add_safe_globals`. We recommend you start setting `weights_only=True` for any use case where you don't have full control of the loaded file. Please open an issue on GitHub for any issues related to this experimental feature.
  algorithm.load_state_dict(torch.load(erm_ckpt_pth, map_location=device), strict=False)
ERM-pretrained model loaded: e667c694e1a2b1ae58520168ee2e4bf4.
0.1_acc       0.1_loss      0.5_acc       0.5_loss      0.9_acc       0.9_loss      avg_step_tim  epoch         loss          mem_gb        step         
0.5889000000  0.6851617694  0.6220000000  0.6800131798  0.6152000000  0.6803333163  0.9583369827  900.00000000  0.0155603876  8.1608018875  450          
0.1_acc       0.1_loss      0.5_acc       0.5_loss      0.9_acc       0.9_loss      avg_step_tim  epoch         loss          mem_gb        step         
0.6216000000  0.6765302420  0.6642000000  0.6627505422  0.6640000000  0.6633382440  0.8357488561  1000.0000000  0.0151284812  8.1608018875  500          
0.1_acc       0.1_loss      0.5_acc       0.5_loss      0.9_acc       0.9_loss      avg_step_tim  epoch         loss          mem_gb        step         
0.6504000000  0.6675820351  0.6752000000  0.6508440971  0.6713000000  0.6521539092  0.7622481936  1100.0000000  0.0149019863  8.1608018875  550          
0.1_acc       0.1_loss      0.5_acc       0.5_loss      0.9_acc       0.9_loss      avg_step_tim  epoch         loss          mem_gb        step         
0.6510000000  0.6664736867  0.6752000000  0.6489943266  0.6717000000  0.6504511833  0.6999946062  1200.0000000  0.0147958826  8.1608018875  600          
[0.67, 0.66, 0.66, 0.66, 0.66, 0.66, 0.66, 0.65, 0.65, 0.65, 0.65] [0.65, 0.66, 0.67, 0.67, 0.67, 0.68, 0.68, 0.68, 0.68, 0.67, 0.67]

final accuracies:
0.0    0.1    0.2    0.3    0.4    0.5    0.6    0.7    0.8    0.9    1.0   
0.660  0.652  0.663  0.688  0.679  0.677  0.674  0.678  0.681  0.672  0.671 
[0.67, 0.66, 0.66, 0.66, 0.66, 0.66, 0.66, 0.65, 0.65, 0.65, 0.65] [0.65, 0.66, 0.67, 0.67, 0.67, 0.68, 0.68, 0.68, 0.68, 0.67, 0.67]

best accuracies:
0.0    0.1    0.2    0.3    0.4    0.5    0.6    0.7    0.8    0.9    1.0   
0.660  0.652  0.663  0.688  0.679  0.677  0.674  0.678  0.681  0.672  0.671 
Args:
	algorithm: inftask
	alpha: 0.4
	batch_size: 25000
	data_dir: ..\data
	deterministic: False
	dropout_p: 0.2
	erm_pretrain_iters: 400
	eval_freq: 50
	exp_name: domain_stress
	full_resolution: False
	groupdro_eta: 1.0
	loss_fn: nll
	lr: 0.0001
	lr_cos_sched: True
	lr_factor_reduction: 1
	mlp_hidden_dim: 390
	n_workers: 0
	network: FiLMedMLP
	other_arg: default
	output_dir: ..\results\cmnist_exp
	penalty_weight: 1000
	save_ckpts: True
	seed: 2
	steps: 600
	test_env_ms: 0.9
	test_envs: 0.1,0.5,0.9
	train_env_ps: (0.01, 0.12, 0.5, 0.99)
	train_env_size_mode: random
	train_env_sizes: 
	train_env_sizes_parsed: None
	train_envs: 0.01,0.12,0.5,0.99
	weight_decay: 0
Train environment sample counts: [12500, 12500, 12500, 12500]
train_sandbox.py:189: FutureWarning: You are using `torch.load` with `weights_only=False` (the current default value), which uses the default pickle module implicitly. It is possible to construct malicious pickle data which will execute arbitrary code during unpickling (See https://github.com/pytorch/pytorch/blob/main/SECURITY.md#untrusted-models for more details). In a future release, the default value for `weights_only` will be flipped to `True`. This limits the functions that could be executed during unpickling. Arbitrary objects will no longer be allowed to be loaded via this mode unless they are explicitly allowlisted by the user via `torch.serialization.add_safe_globals`. We recommend you start setting `weights_only=True` for any use case where you don't have full control of the loaded file. Please open an issue on GitHub for any issues related to this experimental feature.
  algorithm.load_state_dict(torch.load(erm_ckpt_pth, map_location=device), strict=False)
ERM-pretrained model loaded: e667c694e1a2b1ae58520168ee2e4bf4.
0.1_acc       0.1_loss      0.5_acc       0.5_loss      0.9_acc       0.9_loss      avg_step_tim  epoch         loss          mem_gb        step         
0.6139000000  0.6859261990  0.5836000000  0.6826391220  0.6030000000  0.6837847233  0.1057970911  900.00000000  0.0157347266  3.0852007866  450          
0.1_acc       0.1_loss      0.5_acc       0.5_loss      0.9_acc       0.9_loss      avg_step_tim  epoch         loss          mem_gb        step         
0.6025000000  0.6787561178  0.6616000000  0.6651476622  0.6624000000  0.6654397845  0.0875710802  1000.0000000  0.0153894173  3.0852007866  500          
0.1_acc       0.1_loss      0.5_acc       0.5_loss      0.9_acc       0.9_loss      avg_step_tim  epoch         loss          mem_gb        step         
0.6463000000  0.6690593362  0.6665000000  0.6550737023  0.6611000000  0.6560229063  0.0802719593  1100.0000000  0.0151021341  3.0852007866  550          
0.1_acc       0.1_loss      0.5_acc       0.5_loss      0.9_acc       0.9_loss      avg_step_tim  epoch         loss          mem_gb        step         
0.6457000000  0.6681769490  0.6676000000  0.6534013748  0.6620000000  0.6541284919  0.0729542768  1200.0000000  0.0149855986  3.0852007866  600          
[0.67, 0.67, 0.67, 0.66, 0.66, 0.66, 0.66, 0.66, 0.66, 0.65, 0.65] [0.64, 0.66, 0.67, 0.67, 0.67, 0.67, 0.68, 0.67, 0.67, 0.67, 0.66]

final accuracies:
0.0    0.1    0.2    0.3    0.4    0.5    0.6    0.7    0.8    0.9    1.0   
0.653  0.653  0.646  0.674  0.672  0.673  0.674  0.674  0.665  0.663  0.668 
[0.68, 0.68, 0.68, 0.68, 0.67, 0.67, 0.67, 0.67, 0.67, 0.67, 0.67] [0.61, 0.64, 0.65, 0.65, 0.65, 0.67, 0.67, 0.68, 0.67, 0.67, 0.66]

best accuracies:
0.0    0.1    0.2    0.3    0.4    0.5    0.6    0.7    0.8    0.9    1.0   
0.611  0.610  0.611  0.662  0.663  0.663  0.669  0.670  0.663  0.664  0.668 
Args:
	algorithm: erm
	alpha: 0.4
	batch_size: 25000
	data_dir: ..\data
	deterministic: False
	dropout_p: 0.2
	erm_pretrain_iters: 0
	eval_freq: 50
	exp_name: domain_stress
	full_resolution: False
	groupdro_eta: 1.0
	loss_fn: nll
	lr: 0.0001
	lr_cos_sched: False
	lr_factor_reduction: 1
	mlp_hidden_dim: 390
	n_workers: 0
	network: FiLMedMLP
	other_arg: default
	output_dir: ..\results\cmnist_exp
	penalty_weight: 1000
	save_ckpts: False
	seed: 2
	steps: 600
	test_env_ms: 0.9
	test_envs: 0.1,0.5,0.9
	train_env_ps: (0.01, 0.12, 0.0, 0.0, 0.14, 0.5, 0.7, 0.99)
	train_env_size_mode: random
	train_env_sizes: 
	train_env_sizes_parsed: None
	train_envs: 0.01,0.12,0.0,0.0,0.14,0.5,0.7,0.99
	weight_decay: 0
Train environment sample counts: [6250, 6250, 6250, 6250, 6250, 6250, 6250, 6250]
0.1_acc       0.1_loss      0.5_acc       0.5_loss      0.9_acc       0.9_loss      avg_step_tim  epoch         loss          mem_gb        step         
0.8803000000  0.4326882660  0.5269000000  0.7166561484  0.1602000000  1.0091413260  0.4816988945  200.00000000  0.5846768022  0.7039837837  50           
0.1_acc       0.1_loss      0.5_acc       0.5_loss      0.9_acc       0.9_loss      avg_step_tim  epoch         loss          mem_gb        step         
0.8254000000  0.4111143351  0.6012000000  0.6929200292  0.3738000000  0.9836316109  0.2548420000  400.00000000  0.5554831624  0.7039837837  100          
0.1_acc       0.1_loss      0.5_acc       0.5_loss      0.9_acc       0.9_loss      avg_step_tim  epoch         loss          mem_gb        step         
0.8143000000  0.4033906758  0.6331000000  0.6761565208  0.4435000000  0.9595494866  0.1668635623  600.00000000  0.5394203663  0.7039837837  150          
0.1_acc       0.1_loss      0.5_acc       0.5_loss      0.9_acc       0.9_loss      avg_step_tim  epoch         loss          mem_gb        step         
0.8067000000  0.3986892700  0.6525000000  0.6693019271  0.4837000000  0.9512103200  0.1267471206  800.00000000  0.5254426599  0.7039837837  200          
0.1_acc       0.1_loss      0.5_acc       0.5_loss      0.9_acc       0.9_loss      avg_step_tim  epoch         loss          mem_gb        step         
0.7989000000  0.3975743651  0.6594000000  0.6677342653  0.5075000000  0.9491785169  0.1032220964  1000.0000000  0.5135922432  0.7039837837  250          
0.1_acc       0.1_loss      0.5_acc       0.5_loss      0.9_acc       0.9_loss      avg_step_tim  epoch         loss          mem_gb        step         
0.7984000000  0.3965560496  0.6596000000  0.6722099185  0.5102000000  0.9583435059  0.0821411880  1200.0000000  0.5019443035  0.7039837837  300          
0.1_acc       0.1_loss      0.5_acc       0.5_loss      0.9_acc       0.9_loss      avg_step_tim  epoch         loss          mem_gb        step         
0.7966000000  0.3998633921  0.6628000000  0.6774957776  0.5144000000  0.9640679359  0.0717965732  1400.0000000  0.4881572425  0.7039837837  350          
0.1_acc       0.1_loss      0.5_acc       0.5_loss      0.9_acc       0.9_loss      avg_step_tim  epoch         loss          mem_gb        step         
0.7959000000  0.4033027291  0.6597000000  0.6866173744  0.5085000000  0.9783234000  0.0619065779  1600.0000000  0.4769162238  0.7039837837  400          
0.1_acc       0.1_loss      0.5_acc       0.5_loss      0.9_acc       0.9_loss      avg_step_tim  epoch         loss          mem_gb        step         
0.7967000000  0.4075013697  0.6582000000  0.6997162104  0.5023000000  0.9989864826  0.0579910480  1800.0000000  0.4614280462  0.7039837837  450          
0.1_acc       0.1_loss      0.5_acc       0.5_loss      0.9_acc       0.9_loss      avg_step_tim  epoch         loss          mem_gb        step         
0.7960000000  0.4147368968  0.6570000000  0.7138332725  0.4993000000  1.0193190575  0.0510847421  2000.0000000  0.4432534277  0.7039837837  500          
0.1_acc       0.1_loss      0.5_acc       0.5_loss      0.9_acc       0.9_loss      avg_step_tim  epoch         loss          mem_gb        step         
0.7938000000  0.4234160185  0.6542000000  0.7283255458  0.4981000000  1.0379590988  0.0448584882  2200.0000000  0.4284712374  0.7039837837  550          
0.1_acc       0.1_loss      0.5_acc       0.5_loss      0.9_acc       0.9_loss      avg_step_tim  epoch         loss          mem_gb        step         
0.7924000000  0.4336169362  0.6519000000  0.7462294698  0.4989000000  1.0620757341  0.0417660654  2400.0000000  0.4091588855  0.7039837837  600          
[0.74, 0.78, 0.82, 0.86, 0.9, 0.94, 0.98, 1.02, 1.06, 1.1, 1.13]

final accuracies:
0.0    0.1    0.2    0.3    0.4    0.5    0.6    0.7    0.8    0.9    1.0   
0.829  0.792  0.757  0.728  0.680  0.653  0.615  0.583  0.537  0.507  0.467 
[0.68, 0.71, 0.75, 0.78, 0.82, 0.85, 0.89, 0.93, 0.96, 1.0, 1.03]

best accuracies:
0.0    0.1    0.2    0.3    0.4    0.5    0.6    0.7    0.8    0.9    1.0   
0.833  0.793  0.760  0.732  0.687  0.664  0.628  0.597  0.554  0.518  0.486 
Args:
	algorithm: irm
	alpha: 0.4
	batch_size: 25000
	data_dir: ..\data
	deterministic: False
	dropout_p: 0.2
	erm_pretrain_iters: 400
	eval_freq: 50
	exp_name: domain_stress
	full_resolution: False
	groupdro_eta: 1.0
	loss_fn: nll
	lr: 0.0001
	lr_cos_sched: True
	lr_factor_reduction: 1
	mlp_hidden_dim: 390
	n_workers: 0
	network: FiLMedMLP
	other_arg: default
	output_dir: ..\results\cmnist_exp
	penalty_weight: 1000.0
	save_ckpts: True
	seed: 2
	steps: 600
	test_env_ms: 0.9
	test_envs: 0.1,0.5,0.9
	train_env_ps: (0.01, 0.12, 0.0, 0.0, 0.14, 0.5, 0.7, 0.99)
	train_env_size_mode: random
	train_env_sizes: 
	train_env_sizes_parsed: None
	train_envs: 0.01,0.12,0.0,0.0,0.14,0.5,0.7,0.99
	weight_decay: 0
Train environment sample counts: [6250, 6250, 6250, 6250, 6250, 6250, 6250, 6250]
0.1_acc       0.1_loss      0.5_acc       0.5_loss      0.9_acc       0.9_loss      avg_step_tim  epoch         loss          mem_gb        step         
0.8803000000  0.4326882660  0.5269000000  0.7166561484  0.1602000000  1.0091413260  0.4572816372  200.00000000  0.5846768022  0.7039837837  50           
0.1_acc       0.1_loss      0.5_acc       0.5_loss      0.9_acc       0.9_loss      avg_step_tim  epoch         loss          mem_gb        step         
0.8254000000  0.4111143351  0.6012000000  0.6929200292  0.3738000000  0.9836316109  0.2465631437  400.00000000  0.5554831624  0.7039837837  100          
0.1_acc       0.1_loss      0.5_acc       0.5_loss      0.9_acc       0.9_loss      avg_step_tim  epoch         loss          mem_gb        step         
0.8143000000  0.4033906758  0.6331000000  0.6761565208  0.4435000000  0.9595494866  0.1642992560  600.00000000  0.5394203663  0.7039837837  150          
0.1_acc       0.1_loss      0.5_acc       0.5_loss      0.9_acc       0.9_loss      avg_step_tim  epoch         loss          mem_gb        step         
0.8067000000  0.3986892700  0.6525000000  0.6693019271  0.4837000000  0.9512103200  0.1224084008  800.00000000  0.5254426599  0.7039837837  200          
0.1_acc       0.1_loss      0.5_acc       0.5_loss      0.9_acc       0.9_loss      avg_step_tim  epoch         loss          mem_gb        step         
0.7989000000  0.3975743651  0.6594000000  0.6677342653  0.5075000000  0.9491785169  0.1001221571  1000.0000000  0.5135922432  0.7039837837  250          
0.1_acc       0.1_loss      0.5_acc       0.5_loss      0.9_acc       0.9_loss      avg_step_tim  epoch         loss          mem_gb        step         
0.7984000000  0.3965560496  0.6596000000  0.6722099185  0.5102000000  0.9583435059  0.0853994457  1200.0000000  0.5019443035  0.7039837837  300          
0.1_acc       0.1_loss      0.5_acc       0.5_loss      0.9_acc       0.9_loss      avg_step_tim  epoch         loss          mem_gb        step         
0.7966000000  0.3998633921  0.6628000000  0.6774957776  0.5144000000  0.9640679359  0.0711679942  1400.0000000  0.4881572425  0.7039837837  350          
0.1_acc       0.1_loss      0.5_acc       0.5_loss      0.9_acc       0.9_loss      avg_step_tim  epoch         loss          mem_gb        step         
0.7959000000  0.4033027291  0.6597000000  0.6866173744  0.5085000000  0.9783234000  0.0619568652  1600.0000000  0.4769162238  0.7039837837  400          
Saved ERM-pretrained model.
0.1_acc       0.1_loss      0.5_acc       0.5_loss      0.9_acc       0.9_loss      avg_step_tim  epoch         erm_loss      loss          mem_gb        penalty       step         
0.7160000000  0.5932672620  0.7110000000  0.6157054305  0.7080000000  0.6380209327  0.0562238253  1800.0000000  0.5377908945  0.0005781088  0.7039923668  0.0000403179  450          
0.1_acc       0.1_loss      0.5_acc       0.5_loss      0.9_acc       0.9_loss      avg_step_tim  epoch         erm_loss      loss          mem_gb        penalty       step         
0.7191000000  0.5882780552  0.7120000000  0.6163274646  0.7067000000  0.6445023417  0.0505675554  2000.0000000  0.5331062675  0.0005596603  0.7039923668  0.0000265541  500          
0.1_acc       0.1_loss      0.5_acc       0.5_loss      0.9_acc       0.9_loss      avg_step_tim  epoch         erm_loss      loss          mem_gb        penalty       step         
0.7201000000  0.5862275958  0.7112000000  0.6162917018  0.7055000000  0.6465352178  0.0449973609  2200.0000000  0.5348122716  0.0005628165  0.7039923668  0.0000280043  550          
0.1_acc       0.1_loss      0.5_acc       0.5_loss      0.9_acc       0.9_loss      avg_step_tim  epoch         erm_loss      loss          mem_gb        penalty       step         
0.7193000000  0.5871332884  0.7118000000  0.6164367199  0.7062000000  0.6458765268  0.0431118516  2400.0000000  0.5323603749  0.0005717463  0.7039923668  0.0000393859  600          
[0.61, 0.61, 0.62, 0.62, 0.62, 0.63, 0.63, 0.63, 0.64, 0.64, 0.64]

final accuracies:
0.0    0.1    0.2    0.3    0.4    0.5    0.6    0.7    0.8    0.9    1.0   
0.717  0.712  0.712  0.718  0.716  0.721  0.713  0.718  0.712  0.712  0.715 
[0.61, 0.61, 0.61, 0.62, 0.62, 0.62, 0.62, 0.63, 0.63, 0.63, 0.64]

best accuracies:
0.0    0.1    0.2    0.3    0.4    0.5    0.6    0.7    0.8    0.9    1.0   
0.714  0.709  0.711  0.716  0.716  0.721  0.715  0.720  0.714  0.715  0.719 
Args:
	algorithm: groupdro
	alpha: 0.4
	batch_size: 25000
	data_dir: ..\data
	deterministic: False
	dropout_p: 0.2
	erm_pretrain_iters: 400
	eval_freq: 50
	exp_name: domain_stress
	full_resolution: False
	groupdro_eta: 0.1
	loss_fn: nll
	lr: 0.0001
	lr_cos_sched: True
	lr_factor_reduction: 1
	mlp_hidden_dim: 390
	n_workers: 0
	network: FiLMedMLP
	other_arg: default
	output_dir: ..\results\cmnist_exp
	penalty_weight: 1000
	save_ckpts: True
	seed: 2
	steps: 1000
	test_env_ms: 0.9
	test_envs: 0.1,0.5,0.9
	train_env_ps: (0.01, 0.12, 0.0, 0.0, 0.14, 0.5, 0.7, 0.99)
	train_env_size_mode: random
	train_env_sizes: 
	train_env_sizes_parsed: None
	train_envs: 0.01,0.12,0.0,0.0,0.14,0.5,0.7,0.99
	weight_decay: 0
Train environment sample counts: [6250, 6250, 6250, 6250, 6250, 6250, 6250, 6250]
train_sandbox.py:189: FutureWarning: You are using `torch.load` with `weights_only=False` (the current default value), which uses the default pickle module implicitly. It is possible to construct malicious pickle data which will execute arbitrary code during unpickling (See https://github.com/pytorch/pytorch/blob/main/SECURITY.md#untrusted-models for more details). In a future release, the default value for `weights_only` will be flipped to `True`. This limits the functions that could be executed during unpickling. Arbitrary objects will no longer be allowed to be loaded via this mode unless they are explicitly allowlisted by the user via `torch.serialization.add_safe_globals`. We recommend you start setting `weights_only=True` for any use case where you don't have full control of the loaded file. Please open an issue on GitHub for any issues related to this experimental feature.
  algorithm.load_state_dict(torch.load(erm_ckpt_pth, map_location=device), strict=False)
ERM-pretrained model loaded: 7b54dad79b8b590c69976d7cdfb6b98f.
0.1_acc       0.1_loss      0.5_acc       0.5_loss      0.9_acc       0.9_loss      avg_step_tim  epoch         loss          mem_gb        step         
0.7356000000  0.5598958731  0.7094000000  0.6226502657  0.6840000000  0.6879563928  0.0527532604  1800.0000000  0.5194781423  0.5045022964  450          
0.1_acc       0.1_loss      0.5_acc       0.5_loss      0.9_acc       0.9_loss      avg_step_tim  epoch         loss          mem_gb        step         
0.7305000000  0.5767312050  0.7057000000  0.6313053966  0.6829000000  0.6887274384  0.0488145943  2000.0000000  0.5035796165  0.5045027733  500          
0.1_acc       0.1_loss      0.5_acc       0.5_loss      0.9_acc       0.9_loss      avg_step_tim  epoch         loss          mem_gb        step         
0.7306000000  0.5795507431  0.7002000000  0.6413139701  0.6735000000  0.7060547471  0.0452083809  2200.0000000  0.4893539548  0.5045027733  550          
0.1_acc       0.1_loss      0.5_acc       0.5_loss      0.9_acc       0.9_loss      avg_step_tim  epoch         loss          mem_gb        step         
0.7308000000  0.5801318288  0.6966000000  0.6523591876  0.6642000000  0.7272741795  0.0409749301  2400.0000000  0.4749280810  0.5045027733  600          
0.1_acc       0.1_loss      0.5_acc       0.5_loss      0.9_acc       0.9_loss      avg_step_tim  epoch         loss          mem_gb        step         
0.7328000000  0.5757488012  0.6920000000  0.6628193259  0.6523000000  0.7526510358  0.0382463866  2600.0000000  0.4638672173  0.5045027733  650          
0.1_acc       0.1_loss      0.5_acc       0.5_loss      0.9_acc       0.9_loss      avg_step_tim  epoch         loss          mem_gb        step         
0.7343000000  0.5729836822  0.6898000000  0.6727214456  0.6438000000  0.7747089863  0.0357062265  2800.0000000  0.4520475864  0.5045027733  700          
0.1_acc       0.1_loss      0.5_acc       0.5_loss      0.9_acc       0.9_loss      avg_step_tim  epoch         loss          mem_gb        step         
0.7340000000  0.5741947889  0.6868000000  0.6795819402  0.6402000000  0.7866725326  0.0336244504  3000.0000000  0.4436714053  0.5045027733  750          
0.1_acc       0.1_loss      0.5_acc       0.5_loss      0.9_acc       0.9_loss      avg_step_tim  epoch         loss          mem_gb        step         
0.7350000000  0.5747794509  0.6846000000  0.6848874092  0.6361000000  0.7959425449  0.0311648977  3200.0000000  0.4404362440  0.5045027733  800          
0.1_acc       0.1_loss      0.5_acc       0.5_loss      0.9_acc       0.9_loss      avg_step_tim  epoch         loss          mem_gb        step         
0.7340000000  0.5747551322  0.6845000000  0.6884714365  0.6342000000  0.8022660017  0.0296189499  3400.0000000  0.4360413551  0.5045027733  850          
0.1_acc       0.1_loss      0.5_acc       0.5_loss      0.9_acc       0.9_loss      avg_step_tim  epoch         loss          mem_gb        step         
0.7337000000  0.5744121671  0.6829000000  0.6904101968  0.6333000000  0.8064079881  0.0276520016  3600.0000000  0.4340677261  0.5045027733  900          
0.1_acc       0.1_loss      0.5_acc       0.5_loss      0.9_acc       0.9_loss      avg_step_tim  epoch         loss          mem_gb        step         
0.7338000000  0.5736154318  0.6830000000  0.6914513707  0.6327000000  0.8092026114  0.0263813292  3800.0000000  0.4329693317  0.5045027733  950          
0.1_acc       0.1_loss      0.5_acc       0.5_loss      0.9_acc       0.9_loss      avg_step_tim  epoch         loss          mem_gb        step         
0.7339000000  0.5740275979  0.6832000000  0.6914319396  0.6329000000  0.8087506294  0.0251204269  4000.0000000  0.4286910295  0.5045027733  1000         
[0.68, 0.7, 0.71, 0.72, 0.74, 0.75, 0.77, 0.79, 0.8, 0.82, 0.83]

final accuracies:
0.0    0.1    0.2    0.3    0.4    0.5    0.6    0.7    0.8    0.9    1.0   
0.747  0.733  0.719  0.711  0.700  0.696  0.677  0.666  0.646  0.639  0.627 
[0.62, 0.63, 0.63, 0.64, 0.65, 0.66, 0.66, 0.67, 0.68, 0.69, 0.69]

best accuracies:
0.0    0.1    0.2    0.3    0.4    0.5    0.6    0.7    0.8    0.9    1.0   
0.739  0.728  0.723  0.725  0.717  0.720  0.706  0.704  0.694  0.691  0.686 
Args:
	algorithm: iro
	alpha: 0.4
	batch_size: 25000
	data_dir: ..\data
	deterministic: False
	dropout_p: 0.2
	erm_pretrain_iters: 400
	eval_freq: 50
	exp_name: domain_stress
	full_resolution: False
	groupdro_eta: 1.0
	loss_fn: nll
	lr: 0.0001
	lr_cos_sched: True
	lr_factor_reduction: 1
	mlp_hidden_dim: 390
	n_workers: 0
	network: FiLMedMLP
	other_arg: default
	output_dir: ..\results\cmnist_exp
	penalty_weight: 1000
	save_ckpts: True
	seed: 2
	steps: 600
	test_env_ms: 0.9
	test_envs: 0.1,0.5,0.9
	train_env_ps: (0.01, 0.12, 0.0, 0.0, 0.14, 0.5, 0.7, 0.99)
	train_env_size_mode: random
	train_env_sizes: 
	train_env_sizes_parsed: None
	train_envs: 0.01,0.12,0.0,0.0,0.14,0.5,0.7,0.99
	weight_decay: 0
Train environment sample counts: [6250, 6250, 6250, 6250, 6250, 6250, 6250, 6250]
train_sandbox.py:189: FutureWarning: You are using `torch.load` with `weights_only=False` (the current default value), which uses the default pickle module implicitly. It is possible to construct malicious pickle data which will execute arbitrary code during unpickling (See https://github.com/pytorch/pytorch/blob/main/SECURITY.md#untrusted-models for more details). In a future release, the default value for `weights_only` will be flipped to `True`. This limits the functions that could be executed during unpickling. Arbitrary objects will no longer be allowed to be loaded via this mode unless they are explicitly allowlisted by the user via `torch.serialization.add_safe_globals`. We recommend you start setting `weights_only=True` for any use case where you don't have full control of the loaded file. Please open an issue on GitHub for any issues related to this experimental feature.
  algorithm.load_state_dict(torch.load(erm_ckpt_pth, map_location=device), strict=False)
ERM-pretrained model loaded: 7b54dad79b8b590c69976d7cdfb6b98f.
0.1_acc       0.1_loss      0.5_acc       0.5_loss      0.9_acc       0.9_loss      avg_step_tim  epoch         loss          mem_gb        step         
0.7872000000  0.6414564252  0.6800000000  0.6543034911  0.6720000000  0.6557616591  0.9090096251  1800.0000000  0.1457436979  8.1433196068  450          
0.1_acc       0.1_loss      0.5_acc       0.5_loss      0.9_acc       0.9_loss      avg_step_tim  epoch         loss          mem_gb        step         
0.7748000000  0.5812433362  0.6883000000  0.6248233318  0.6854000000  0.6289452314  0.7996453595  2000.0000000  0.1380140632  8.1433196068  500          
0.1_acc       0.1_loss      0.5_acc       0.5_loss      0.9_acc       0.9_loss      avg_step_tim  epoch         loss          mem_gb        step         
0.7723000000  0.5553761721  0.6923000000  0.6177706718  0.6872000000  0.6228944063  0.7274551301  2200.0000000  0.1339504868  8.1433196068  550          
0.1_acc       0.1_loss      0.5_acc       0.5_loss      0.9_acc       0.9_loss      avg_step_tim  epoch         loss          mem_gb        step         
0.7726000000  0.5518456101  0.6932000000  0.6170474291  0.6882000000  0.6210049391  0.6652256767  2400.0000000  0.1339463145  8.1433196068  600          
[0.63, 0.64, 0.64, 0.64, 0.64, 0.63, 0.62, 0.62, 0.62, 0.62, 0.62] [0.67, 0.67, 0.67, 0.67, 0.67, 0.68, 0.69, 0.69, 0.69, 0.69, 0.7]

final accuracies:
0.0    0.1    0.2    0.3    0.4    0.5    0.6    0.7    0.8    0.9    1.0   
0.802  0.775  0.751  0.693  0.693  0.696  0.702  0.702  0.697  0.696  0.692 
[0.63, 0.64, 0.64, 0.64, 0.64, 0.63, 0.62, 0.62, 0.62, 0.62, 0.62] [0.67, 0.67, 0.67, 0.67, 0.67, 0.68, 0.69, 0.69, 0.69, 0.69, 0.7]

best accuracies:
0.0    0.1    0.2    0.3    0.4    0.5    0.6    0.7    0.8    0.9    1.0   
0.802  0.775  0.751  0.693  0.693  0.696  0.702  0.702  0.697  0.696  0.692 
Args:
	algorithm: inftask
	alpha: 0.4
	batch_size: 25000
	data_dir: ..\data
	deterministic: False
	dropout_p: 0.2
	erm_pretrain_iters: 400
	eval_freq: 50
	exp_name: domain_stress
	full_resolution: False
	groupdro_eta: 1.0
	loss_fn: nll
	lr: 0.0001
	lr_cos_sched: True
	lr_factor_reduction: 1
	mlp_hidden_dim: 390
	n_workers: 0
	network: FiLMedMLP
	other_arg: default
	output_dir: ..\results\cmnist_exp
	penalty_weight: 1000
	save_ckpts: True
	seed: 2
	steps: 600
	test_env_ms: 0.9
	test_envs: 0.1,0.5,0.9
	train_env_ps: (0.01, 0.12, 0.0, 0.0, 0.14, 0.5, 0.7, 0.99)
	train_env_size_mode: random
	train_env_sizes: 
	train_env_sizes_parsed: None
	train_envs: 0.01,0.12,0.0,0.0,0.14,0.5,0.7,0.99
	weight_decay: 0
Train environment sample counts: [6250, 6250, 6250, 6250, 6250, 6250, 6250, 6250]
train_sandbox.py:189: FutureWarning: You are using `torch.load` with `weights_only=False` (the current default value), which uses the default pickle module implicitly. It is possible to construct malicious pickle data which will execute arbitrary code during unpickling (See https://github.com/pytorch/pytorch/blob/main/SECURITY.md#untrusted-models for more details). In a future release, the default value for `weights_only` will be flipped to `True`. This limits the functions that could be executed during unpickling. Arbitrary objects will no longer be allowed to be loaded via this mode unless they are explicitly allowlisted by the user via `torch.serialization.add_safe_globals`. We recommend you start setting `weights_only=True` for any use case where you don't have full control of the loaded file. Please open an issue on GitHub for any issues related to this experimental feature.
  algorithm.load_state_dict(torch.load(erm_ckpt_pth, map_location=device), strict=False)
ERM-pretrained model loaded: 7b54dad79b8b590c69976d7cdfb6b98f.
0.1_acc       0.1_loss      0.5_acc       0.5_loss      0.9_acc       0.9_loss      avg_step_tim  epoch         loss          mem_gb        step         
0.7759000000  0.6500455737  0.6727000000  0.6587567925  0.6654000000  0.6590053439  0.0838514513  1800.0000000  0.1558839679  3.0582060814  450          
0.1_acc       0.1_loss      0.5_acc       0.5_loss      0.9_acc       0.9_loss      avg_step_tim  epoch         loss          mem_gb        step         
0.7696000000  0.5983352661  0.6876000000  0.6276363134  0.6742000000  0.6398796439  0.0737423100  2000.0000000  0.1475385875  3.0582060814  500          
0.1_acc       0.1_loss      0.5_acc       0.5_loss      0.9_acc       0.9_loss      avg_step_tim  epoch         loss          mem_gb        step         
0.7671000000  0.5721638799  0.6911000000  0.6200474501  0.6879000000  0.6228564978  0.0689601811  2200.0000000  0.1436995119  3.0582060814  550          
0.1_acc       0.1_loss      0.5_acc       0.5_loss      0.9_acc       0.9_loss      avg_step_tim  epoch         loss          mem_gb        step         
0.7676000000  0.5684615374  0.6916000000  0.6191165447  0.6891000000  0.6226298809  0.0611985568  2400.0000000  0.1437702924  3.0582060814  600          
[0.64, 0.64, 0.64, 0.64, 0.64, 0.64, 0.63, 0.62, 0.62, 0.62, 0.62] [0.68, 0.67, 0.67, 0.67, 0.67, 0.68, 0.69, 0.69, 0.69, 0.69, 0.69]

final accuracies:
0.0    0.1    0.2    0.3    0.4    0.5    0.6    0.7    0.8    0.9    1.0   
0.798  0.771  0.748  0.697  0.694  0.697  0.700  0.701  0.696  0.693  0.697 
[0.64, 0.64, 0.64, 0.64, 0.64, 0.64, 0.63, 0.62, 0.62, 0.62, 0.62] [0.68, 0.67, 0.67, 0.67, 0.67, 0.68, 0.69, 0.69, 0.69, 0.69, 0.69]

best accuracies:
0.0    0.1    0.2    0.3    0.4    0.5    0.6    0.7    0.8    0.9    1.0   
0.798  0.771  0.748  0.697  0.694  0.697  0.700  0.701  0.696  0.693  0.697 
Args:
	algorithm: erm
	alpha: 0.4
	batch_size: 25000
	data_dir: ..\data
	deterministic: False
	dropout_p: 0.2
	erm_pretrain_iters: 0
	eval_freq: 50
	exp_name: domain_stress
	full_resolution: False
	groupdro_eta: 1.0
	loss_fn: nll
	lr: 0.0001
	lr_cos_sched: False
	lr_factor_reduction: 1
	mlp_hidden_dim: 390
	n_workers: 0
	network: FiLMedMLP
	other_arg: default
	output_dir: ..\results\cmnist_exp
	penalty_weight: 1000
	save_ckpts: False
	seed: 2
	steps: 600
	test_env_ms: 0.9
	test_envs: 0.1,0.5,0.9
	train_env_ps: (0.01, 0.12, 0.5, 0.99)
	train_env_size_mode: random
	train_env_sizes: 2000,2000,2000,2000
	train_env_sizes_parsed: (2000, 2000, 2000, 2000)
	train_envs: 0.01,0.12,0.5,0.99
	weight_decay: 0
Train environment sample counts: [2000, 2000, 2000, 2000]
0.1_acc       0.1_loss      0.5_acc       0.5_loss      0.9_acc       0.9_loss      avg_step_tim  epoch         loss          mem_gb        step         
0.7844000000  0.5202153325  0.6139000000  0.6595268250  0.4485000000  0.7994384170  0.0534908152  625.00000000  0.6270637512  0.1690945625  50           
0.1_acc       0.1_loss      0.5_acc       0.5_loss      0.9_acc       0.9_loss      avg_step_tim  epoch         loss          mem_gb        step         
0.7615000000  0.5043650270  0.6649000000  0.6357433200  0.5713000000  0.7667853236  0.0256227636  1250.0000000  0.5810419917  0.1690945625  100          
0.1_acc       0.1_loss      0.5_acc       0.5_loss      0.9_acc       0.9_loss      avg_step_tim  epoch         loss          mem_gb        step         
0.7624000000  0.5035874844  0.6796000000  0.6371318698  0.6041000000  0.7670150995  0.0184154765  1875.0000000  0.5325990319  0.1690945625  150          
0.1_acc       0.1_loss      0.5_acc       0.5_loss      0.9_acc       0.9_loss      avg_step_tim  epoch         loss          mem_gb        step         
0.7588000000  0.5154368281  0.6781000000  0.6583697796  0.6093000000  0.7964906096  0.0154180026  2500.0000000  0.4800010324  0.1690945625  200          
0.1_acc       0.1_loss      0.5_acc       0.5_loss      0.9_acc       0.9_loss      avg_step_tim  epoch         loss          mem_gb        step         
0.7521000000  0.5424795151  0.6723000000  0.6999806166  0.5946000000  0.8541241288  0.0125183773  3125.0000000  0.4183420539  0.1690945625  250          
0.1_acc       0.1_loss      0.5_acc       0.5_loss      0.9_acc       0.9_loss      avg_step_tim  epoch         loss          mem_gb        step         
0.7408000000  0.5796365738  0.6624000000  0.7589451075  0.5836000000  0.9382772446  0.0103946694  3750.0000000  0.3635662198  0.1690945625  300          
0.1_acc       0.1_loss      0.5_acc       0.5_loss      0.9_acc       0.9_loss      avg_step_tim  epoch         loss          mem_gb        step         
0.7236000000  0.6470272541  0.6579000000  0.8136364818  0.5952000000  0.9875701070  0.0090269266  4375.0000000  0.3065050840  0.1690945625  350          
0.1_acc       0.1_loss      0.5_acc       0.5_loss      0.9_acc       0.9_loss      avg_step_tim  epoch         loss          mem_gb        step         
0.7288000000  0.6667351127  0.6532000000  0.8970542550  0.5729000000  1.1373111010  0.0076444924  5000.0000000  0.2636712193  0.1690945625  400          
0.1_acc       0.1_loss      0.5_acc       0.5_loss      0.9_acc       0.9_loss      avg_step_tim  epoch         loss          mem_gb        step         
0.7199000000  0.7280325890  0.6519000000  0.9648339748  0.5757000000  1.2177010775  0.0070867051  5625.0000000  0.2282730788  0.1690945625  450          
0.1_acc       0.1_loss      0.5_acc       0.5_loss      0.9_acc       0.9_loss      avg_step_tim  epoch         loss          mem_gb        step         
0.7184000000  0.7839296460  0.6495000000  1.0363798141  0.5786000000  1.3082422018  0.0062289467  6250.0000000  0.1938502938  0.1690945625  500          
0.1_acc       0.1_loss      0.5_acc       0.5_loss      0.9_acc       0.9_loss      avg_step_tim  epoch         loss          mem_gb        step         
0.7210000000  0.8151469231  0.6486000000  1.1096915007  0.5692000000  1.4291393757  0.0056190556  6875.0000000  0.1603058577  0.1690945625  550          
0.1_acc       0.1_loss      0.5_acc       0.5_loss      0.9_acc       0.9_loss      avg_step_tim  epoch         loss          mem_gb        step         
0.7204000000  0.8675439358  0.6484000000  1.1739265919  0.5667000000  1.5136071444  0.0051967120  7500.0000000  0.1547287107  0.1690945625  600          
[1.18, 1.21, 1.25, 1.29, 1.33, 1.37, 1.4, 1.43, 1.47, 1.49, 1.5]

final accuracies:
0.0    0.1    0.2    0.3    0.4    0.5    0.6    0.7    0.8    0.9    1.0   
0.731  0.718  0.707  0.681  0.663  0.636  0.620  0.605  0.588  0.565  0.561 
[0.66, 0.67, 0.69, 0.71, 0.73, 0.74, 0.76, 0.78, 0.79, 0.8, 0.81]

best accuracies:
0.0    0.1    0.2    0.3    0.4    0.5    0.6    0.7    0.8    0.9    1.0   
0.761  0.753  0.740  0.716  0.703  0.678  0.667  0.643  0.627  0.606  0.602 
Args:
	algorithm: irm
	alpha: 0.4
	batch_size: 25000
	data_dir: ..\data
	deterministic: False
	dropout_p: 0.2
	erm_pretrain_iters: 400
	eval_freq: 50
	exp_name: domain_stress
	full_resolution: False
	groupdro_eta: 1.0
	loss_fn: nll
	lr: 0.0001
	lr_cos_sched: True
	lr_factor_reduction: 1
	mlp_hidden_dim: 390
	n_workers: 0
	network: FiLMedMLP
	other_arg: default
	output_dir: ..\results\cmnist_exp
	penalty_weight: 1000.0
	save_ckpts: True
	seed: 2
	steps: 600
	test_env_ms: 0.9
	test_envs: 0.1,0.5,0.9
	train_env_ps: (0.01, 0.12, 0.5, 0.99)
	train_env_size_mode: random
	train_env_sizes: 2000,2000,2000,2000
	train_env_sizes_parsed: (2000, 2000, 2000, 2000)
	train_envs: 0.01,0.12,0.5,0.99
	weight_decay: 0
Train environment sample counts: [2000, 2000, 2000, 2000]
0.1_acc       0.1_loss      0.5_acc       0.5_loss      0.9_acc       0.9_loss      avg_step_tim  epoch         loss          mem_gb        step         
0.7844000000  0.5202153325  0.6139000000  0.6595268250  0.4485000000  0.7994384170  0.0566268826  625.00000000  0.6270637512  0.1690945625  50           
0.1_acc       0.1_loss      0.5_acc       0.5_loss      0.9_acc       0.9_loss      avg_step_tim  epoch         loss          mem_gb        step         
0.7615000000  0.5043650270  0.6649000000  0.6357433200  0.5713000000  0.7667853236  0.0256168509  1250.0000000  0.5810419917  0.1690945625  100          
0.1_acc       0.1_loss      0.5_acc       0.5_loss      0.9_acc       0.9_loss      avg_step_tim  epoch         loss          mem_gb        step         
0.7624000000  0.5035874844  0.6796000000  0.6371318698  0.6041000000  0.7670150995  0.0194419336  1875.0000000  0.5325990319  0.1690945625  150          
0.1_acc       0.1_loss      0.5_acc       0.5_loss      0.9_acc       0.9_loss      avg_step_tim  epoch         loss          mem_gb        step         
0.7588000000  0.5154368281  0.6781000000  0.6583697796  0.6093000000  0.7964906096  0.0159293699  2500.0000000  0.4800010324  0.1690945625  200          
0.1_acc       0.1_loss      0.5_acc       0.5_loss      0.9_acc       0.9_loss      avg_step_tim  epoch         loss          mem_gb        step         
0.7521000000  0.5424795151  0.6723000000  0.6999806166  0.5946000000  0.8541241288  0.0124716473  3125.0000000  0.4183420539  0.1690945625  250          
0.1_acc       0.1_loss      0.5_acc       0.5_loss      0.9_acc       0.9_loss      avg_step_tim  epoch         loss          mem_gb        step         
0.7408000000  0.5796365738  0.6624000000  0.7589451075  0.5836000000  0.9382772446  0.0101978254  3750.0000000  0.3635662198  0.1690945625  300          
0.1_acc       0.1_loss      0.5_acc       0.5_loss      0.9_acc       0.9_loss      avg_step_tim  epoch         loss          mem_gb        step         
0.7236000000  0.6470272541  0.6579000000  0.8136364818  0.5952000000  0.9875701070  0.0087885005  4375.0000000  0.3065050840  0.1690945625  350          
0.1_acc       0.1_loss      0.5_acc       0.5_loss      0.9_acc       0.9_loss      avg_step_tim  epoch         loss          mem_gb        step         
0.7288000000  0.6667351127  0.6532000000  0.8970542550  0.5729000000  1.1373111010  0.0076246804  5000.0000000  0.2636712193  0.1690945625  400          
Saved ERM-pretrained model.
0.1_acc       0.1_loss      0.5_acc       0.5_loss      0.9_acc       0.9_loss      avg_step_tim  epoch         erm_loss      loss          mem_gb        penalty       step         
0.7073000000  0.7803615928  0.6650000000  0.9310029745  0.6197000000  1.0917354822  0.0075329998  5625.0000000  0.2776994407  0.0003017951  0.1690993309  0.0000240957  450          
0.1_acc       0.1_loss      0.5_acc       0.5_loss      0.9_acc       0.9_loss      avg_step_tim  epoch         erm_loss      loss          mem_gb        penalty       step         
0.7004000000  0.7993440032  0.6666000000  0.9311334491  0.6259000000  1.0726799965  0.0068102117  6250.0000000  0.2738287151  0.0004357194  0.1690993309  0.0001618907  500          
0.1_acc       0.1_loss      0.5_acc       0.5_loss      0.9_acc       0.9_loss      avg_step_tim  epoch         erm_loss      loss          mem_gb        penalty       step         
0.7115000000  0.7646706700  0.6624000000  0.9446081519  0.6073000000  1.1368439198  0.0061710696  6875.0000000  0.2627110779  0.0003742801  0.1690993309  0.0001115690  550          
0.1_acc       0.1_loss      0.5_acc       0.5_loss      0.9_acc       0.9_loss      avg_step_tim  epoch         erm_loss      loss          mem_gb        penalty       step         
0.7062000000  0.7815011740  0.6655000000  0.9366074204  0.6171000000  1.1026676893  0.0057402750  7500.0000000  0.2837509215  0.0004440224  0.1690993309  0.0001602715  600          
[0.94, 0.96, 0.97, 0.99, 1.01, 1.03, 1.04, 1.06, 1.07, 1.08, 1.09]

final accuracies:
0.0    0.1    0.2    0.3    0.4    0.5    0.6    0.7    0.8    0.9    1.0   
0.708  0.704  0.699  0.683  0.679  0.658  0.655  0.645  0.630  0.625  0.626 
[0.94, 0.95, 0.96, 0.98, 0.99, 1.01, 1.02, 1.03, 1.04, 1.05, 1.06]

best accuracies:
0.0    0.1    0.2    0.3    0.4    0.5    0.6    0.7    0.8    0.9    1.0   
0.700  0.697  0.696  0.682  0.678  0.659  0.658  0.650  0.638  0.633  0.635 
Args:
	algorithm: groupdro
	alpha: 0.4
	batch_size: 25000
	data_dir: ..\data
	deterministic: False
	dropout_p: 0.2
	erm_pretrain_iters: 400
	eval_freq: 50
	exp_name: domain_stress
	full_resolution: False
	groupdro_eta: 0.1
	loss_fn: nll
	lr: 0.0001
	lr_cos_sched: True
	lr_factor_reduction: 1
	mlp_hidden_dim: 390
	n_workers: 0
	network: FiLMedMLP
	other_arg: default
	output_dir: ..\results\cmnist_exp
	penalty_weight: 1000
	save_ckpts: True
	seed: 2
	steps: 1000
	test_env_ms: 0.9
	test_envs: 0.1,0.5,0.9
	train_env_ps: (0.01, 0.12, 0.5, 0.99)
	train_env_size_mode: random
	train_env_sizes: 2000,2000,2000,2000
	train_env_sizes_parsed: (2000, 2000, 2000, 2000)
	train_envs: 0.01,0.12,0.5,0.99
	weight_decay: 0
Train environment sample counts: [2000, 2000, 2000, 2000]
train_sandbox.py:189: FutureWarning: You are using `torch.load` with `weights_only=False` (the current default value), which uses the default pickle module implicitly. It is possible to construct malicious pickle data which will execute arbitrary code during unpickling (See https://github.com/pytorch/pytorch/blob/main/SECURITY.md#untrusted-models for more details). In a future release, the default value for `weights_only` will be flipped to `True`. This limits the functions that could be executed during unpickling. Arbitrary objects will no longer be allowed to be loaded via this mode unless they are explicitly allowlisted by the user via `torch.serialization.add_safe_globals`. We recommend you start setting `weights_only=True` for any use case where you don't have full control of the loaded file. Please open an issue on GitHub for any issues related to this experimental feature.
  algorithm.load_state_dict(torch.load(erm_ckpt_pth, map_location=device), strict=False)
ERM-pretrained model loaded: 25125c577371c2eccac6776cb9bbbb8c.
0.1_acc       0.1_loss      0.5_acc       0.5_loss      0.9_acc       0.9_loss      avg_step_tim  epoch         loss          mem_gb        step         
0.7148000000  0.7440776229  0.6542000000  0.9483193159  0.5897000000  1.1660468578  0.0060672972  5625.0000000  0.2442443222  0.1395421028  450          
0.1_acc       0.1_loss      0.5_acc       0.5_loss      0.9_acc       0.9_loss      avg_step_tim  epoch         loss          mem_gb        step         
0.7022000000  0.8182648420  0.6535000000  0.9930230379  0.6008000000  1.1820808649  0.0051675396  6250.0000000  0.2126313895  0.1395425797  500          
0.1_acc       0.1_loss      0.5_acc       0.5_loss      0.9_acc       0.9_loss      avg_step_tim  epoch         loss          mem_gb        step         
0.7009000000  0.8572094440  0.6537000000  1.0358581543  0.6006000000  1.2327364683  0.0051258482  6875.0000000  0.2050963044  0.1395425797  550          
0.1_acc       0.1_loss      0.5_acc       0.5_loss      0.9_acc       0.9_loss      avg_step_tim  epoch         loss          mem_gb        step         
0.7030000000  0.8827322125  0.6545000000  1.0811941624  0.5985000000  1.3010805845  0.0052103412  7500.0000000  0.1797028333  0.1395425797  600          
0.1_acc       0.1_loss      0.5_acc       0.5_loss      0.9_acc       0.9_loss      avg_step_tim  epoch         loss          mem_gb        step         
0.7003000000  0.9130820036  0.6533000000  1.1176121235  0.5990000000  1.3455847502  0.0047663366  8125.0000000  0.1631831825  0.1395425797  650          
0.1_acc       0.1_loss      0.5_acc       0.5_loss      0.9_acc       0.9_loss      avg_step_tim  epoch         loss          mem_gb        step         
0.7051000000  0.9208597541  0.6519000000  1.1499193907  0.5932000000  1.4048041105  0.0045110788  8750.0000000  0.1517304927  0.1395425797  700          
0.1_acc       0.1_loss      0.5_acc       0.5_loss      0.9_acc       0.9_loss      avg_step_tim  epoch         loss          mem_gb        step         
0.7049000000  0.9425976276  0.6506000000  1.1762738228  0.5919000000  1.4342589378  0.0042062248  9375.0000000  0.1458230913  0.1395425797  750          
0.1_acc       0.1_loss      0.5_acc       0.5_loss      0.9_acc       0.9_loss      avg_step_tim  epoch         loss          mem_gb        step         
0.7026000000  0.9567423463  0.6514000000  1.1934114695  0.5931000000  1.4578890800  0.0038765827  10000.000000  0.1433967650  0.1395425797  800          
0.1_acc       0.1_loss      0.5_acc       0.5_loss      0.9_acc       0.9_loss      avg_step_tim  epoch         loss          mem_gb        step         
0.7038000000  0.9625743628  0.6511000000  1.2044386864  0.5931000000  1.4730266333  0.0036146935  10625.000000  0.1355696917  0.1395425797  850          
0.1_acc       0.1_loss      0.5_acc       0.5_loss      0.9_acc       0.9_loss      avg_step_tim  epoch         loss          mem_gb        step         
0.7033000000  0.9688932300  0.6513000000  1.2099801302  0.5930000000  1.4791017771  0.0034961923  11250.000000  0.1359479278  0.1395425797  900          
0.1_acc       0.1_loss      0.5_acc       0.5_loss      0.9_acc       0.9_loss      avg_step_tim  epoch         loss          mem_gb        step         
0.7043000000  0.9658590555  0.6502000000  1.2141376734  0.5912000000  1.4905653000  0.0032494113  11875.000000  0.1456183046  0.1395425797  950          
0.1_acc       0.1_loss      0.5_acc       0.5_loss      0.9_acc       0.9_loss      avg_step_tim  epoch         loss          mem_gb        step         
0.7045000000  0.9660164714  0.6502000000  1.2146568298  0.5912000000  1.4916169643  0.0030628483  12500.000000  0.1411549151  0.1395425797  1000         
[1.21, 1.24, 1.27, 1.3, 1.33, 1.36, 1.39, 1.41, 1.44, 1.46, 1.46]

final accuracies:
0.0    0.1    0.2    0.3    0.4    0.5    0.6    0.7    0.8    0.9    1.0   
0.711  0.702  0.694  0.675  0.662  0.640  0.629  0.619  0.605  0.590  0.590 
[0.99, 1.01, 1.03, 1.05, 1.07, 1.1, 1.11, 1.13, 1.15, 1.16, 1.16]

best accuracies:
0.0    0.1    0.2    0.3    0.4    0.5    0.6    0.7    0.8    0.9    1.0   
0.708  0.700  0.691  0.676  0.667  0.646  0.636  0.627  0.615  0.604  0.604 
Args:
	algorithm: iro
	alpha: 0.4
	batch_size: 25000
	data_dir: ..\data
	deterministic: False
	dropout_p: 0.2
	erm_pretrain_iters: 400
	eval_freq: 50
	exp_name: domain_stress
	full_resolution: False
	groupdro_eta: 1.0
	loss_fn: nll
	lr: 0.0001
	lr_cos_sched: True
	lr_factor_reduction: 1
	mlp_hidden_dim: 390
	n_workers: 0
	network: FiLMedMLP
	other_arg: default
	output_dir: ..\results\cmnist_exp
	penalty_weight: 1000
	save_ckpts: True
	seed: 2
	steps: 600
	test_env_ms: 0.9
	test_envs: 0.1,0.5,0.9
	train_env_ps: (0.01, 0.12, 0.5, 0.99)
	train_env_size_mode: random
	train_env_sizes: 2000,2000,2000,2000
	train_env_sizes_parsed: (2000, 2000, 2000, 2000)
	train_envs: 0.01,0.12,0.5,0.99
	weight_decay: 0
Train environment sample counts: [2000, 2000, 2000, 2000]
train_sandbox.py:189: FutureWarning: You are using `torch.load` with `weights_only=False` (the current default value), which uses the default pickle module implicitly. It is possible to construct malicious pickle data which will execute arbitrary code during unpickling (See https://github.com/pytorch/pytorch/blob/main/SECURITY.md#untrusted-models for more details). In a future release, the default value for `weights_only` will be flipped to `True`. This limits the functions that could be executed during unpickling. Arbitrary objects will no longer be allowed to be loaded via this mode unless they are explicitly allowlisted by the user via `torch.serialization.add_safe_globals`. We recommend you start setting `weights_only=True` for any use case where you don't have full control of the loaded file. Please open an issue on GitHub for any issues related to this experimental feature.
  algorithm.load_state_dict(torch.load(erm_ckpt_pth, map_location=device), strict=False)
ERM-pretrained model loaded: 25125c577371c2eccac6776cb9bbbb8c.
0.1_acc       0.1_loss      0.5_acc       0.5_loss      0.9_acc       0.9_loss      avg_step_tim  epoch         loss          mem_gb        step         
0.6904000000  0.6584156752  0.6455000000  0.6496450305  0.6058000000  0.6623703241  0.0465543365  5625.0000000  0.1000452936  1.3667187691  450          
0.1_acc       0.1_loss      0.5_acc       0.5_loss      0.9_acc       0.9_loss      avg_step_tim  epoch         loss          mem_gb        step         
0.6998000000  0.6269955635  0.6735000000  0.6263685822  0.6451000000  0.6452813148  0.0408519750  6250.0000000  0.0905593112  1.3667187691  500          
0.1_acc       0.1_loss      0.5_acc       0.5_loss      0.9_acc       0.9_loss      avg_step_tim  epoch         loss          mem_gb        step         
0.7039000000  0.6143053770  0.6797000000  0.6224864125  0.6505000000  0.6477821469  0.0372747057  6875.0000000  0.0859998018  1.3667187691  550          
0.1_acc       0.1_loss      0.5_acc       0.5_loss      0.9_acc       0.9_loss      avg_step_tim  epoch         loss          mem_gb        step         
0.7030000000  0.6148803830  0.6813000000  0.6222404838  0.6529000000  0.6454650164  0.0336877867  7500.0000000  0.0849031284  1.3667187691  600          
[0.63, 0.63, 0.63, 0.64, 0.64, 0.64, 0.64, 0.64, 0.64, 0.65, 0.65] [0.67, 0.67, 0.66, 0.66, 0.65, 0.65, 0.65, 0.65, 0.65, 0.66, 0.66]

final accuracies:
0.0    0.1    0.2    0.3    0.4    0.5    0.6    0.7    0.8    0.9    1.0   
0.708  0.701  0.697  0.689  0.685  0.676  0.676  0.664  0.661  0.657  0.655 
[0.63, 0.63, 0.63, 0.64, 0.64, 0.64, 0.64, 0.64, 0.64, 0.65, 0.65] [0.67, 0.67, 0.66, 0.66, 0.65, 0.65, 0.65, 0.65, 0.65, 0.66, 0.66]

best accuracies:
0.0    0.1    0.2    0.3    0.4    0.5    0.6    0.7    0.8    0.9    1.0   
0.708  0.701  0.697  0.689  0.685  0.676  0.676  0.664  0.661  0.657  0.655 
Args:
	algorithm: inftask
	alpha: 0.4
	batch_size: 25000
	data_dir: ..\data
	deterministic: False
	dropout_p: 0.2
	erm_pretrain_iters: 400
	eval_freq: 50
	exp_name: domain_stress
	full_resolution: False
	groupdro_eta: 1.0
	loss_fn: nll
	lr: 0.0001
	lr_cos_sched: True
	lr_factor_reduction: 1
	mlp_hidden_dim: 390
	n_workers: 0
	network: FiLMedMLP
	other_arg: default
	output_dir: ..\results\cmnist_exp
	penalty_weight: 1000
	save_ckpts: True
	seed: 2
	steps: 600
	test_env_ms: 0.9
	test_envs: 0.1,0.5,0.9
	train_env_ps: (0.01, 0.12, 0.5, 0.99)
	train_env_size_mode: random
	train_env_sizes: 2000,2000,2000,2000
	train_env_sizes_parsed: (2000, 2000, 2000, 2000)
	train_envs: 0.01,0.12,0.5,0.99
	weight_decay: 0
Train environment sample counts: [2000, 2000, 2000, 2000]
train_sandbox.py:189: FutureWarning: You are using `torch.load` with `weights_only=False` (the current default value), which uses the default pickle module implicitly. It is possible to construct malicious pickle data which will execute arbitrary code during unpickling (See https://github.com/pytorch/pytorch/blob/main/SECURITY.md#untrusted-models for more details). In a future release, the default value for `weights_only` will be flipped to `True`. This limits the functions that could be executed during unpickling. Arbitrary objects will no longer be allowed to be loaded via this mode unless they are explicitly allowlisted by the user via `torch.serialization.add_safe_globals`. We recommend you start setting `weights_only=True` for any use case where you don't have full control of the loaded file. Please open an issue on GitHub for any issues related to this experimental feature.
  algorithm.load_state_dict(torch.load(erm_ckpt_pth, map_location=device), strict=False)
ERM-pretrained model loaded: 25125c577371c2eccac6776cb9bbbb8c.
0.1_acc       0.1_loss      0.5_acc       0.5_loss      0.9_acc       0.9_loss      avg_step_tim  epoch         loss          mem_gb        step         
0.7212000000  0.6575691104  0.6354000000  0.6569723487  0.5829000000  0.6719810963  0.0148228661  5625.0000000  0.1636289060  0.5484056473  450          
0.1_acc       0.1_loss      0.5_acc       0.5_loss      0.9_acc       0.9_loss      avg_step_tim  epoch         loss          mem_gb        step         
0.7051000000  0.6310811043  0.6711000000  0.6299697161  0.6384000000  0.6489484310  0.0127557621  6250.0000000  0.1490551680  0.5484056473  500          
0.1_acc       0.1_loss      0.5_acc       0.5_loss      0.9_acc       0.9_loss      avg_step_tim  epoch         loss          mem_gb        step         
0.6970000000  0.6238824129  0.6768000000  0.6239529252  0.6483000000  0.6440608501  0.0111385090  6875.0000000  0.1405187249  0.5484056473  550          
0.1_acc       0.1_loss      0.5_acc       0.5_loss      0.9_acc       0.9_loss      avg_step_tim  epoch         loss          mem_gb        step         
0.6995000000  0.6200963855  0.6776000000  0.6235625744  0.6461000000  0.6468436122  0.0108664815  7500.0000000  0.1393288821  0.5484056473  600          
[0.64, 0.64, 0.64, 0.64, 0.64, 0.64, 0.64, 0.64, 0.64, 0.65, 0.65] [0.67, 0.66, 0.66, 0.65, 0.65, 0.65, 0.65, 0.64, 0.64, 0.65, 0.65]

final accuracies:
0.0    0.1    0.2    0.3    0.4    0.5    0.6    0.7    0.8    0.9    1.0   
0.705  0.704  0.698  0.690  0.681  0.680  0.663  0.659  0.660  0.648  0.650 
[0.64, 0.64, 0.64, 0.64, 0.64, 0.64, 0.64, 0.64, 0.64, 0.64, 0.65] [0.67, 0.66, 0.66, 0.65, 0.65, 0.65, 0.65, 0.65, 0.65, 0.65, 0.65]

best accuracies:
0.0    0.1    0.2    0.3    0.4    0.5    0.6    0.7    0.8    0.9    1.0   
0.701  0.699  0.695  0.690  0.679  0.678  0.663  0.660  0.661  0.651  0.652 
Args:
	algorithm: erm
	alpha: 0.4
	batch_size: 25000
	data_dir: ..\data
	deterministic: False
	dropout_p: 0.2
	erm_pretrain_iters: 0
	eval_freq: 50
	exp_name: domain_stress
	full_resolution: False
	groupdro_eta: 1.0
	loss_fn: nll
	lr: 0.0001
	lr_cos_sched: False
	lr_factor_reduction: 1
	mlp_hidden_dim: 390
	n_workers: 0
	network: FiLMedMLP
	other_arg: default
	output_dir: ..\results\cmnist_exp
	penalty_weight: 1000
	save_ckpts: False
	seed: 2
	steps: 600
	test_env_ms: 0.9
	test_envs: 0.1,0.5,0.9
	train_env_ps: (0.01, 0.12, 0.5, 0.99)
	train_env_size_mode: random
	train_env_sizes: 4000,4000,4000,4000
	train_env_sizes_parsed: (4000, 4000, 4000, 4000)
	train_envs: 0.01,0.12,0.5,0.99
	weight_decay: 0
Train environment sample counts: [4000, 4000, 4000, 4000]
0.1_acc       0.1_loss      0.5_acc       0.5_loss      0.9_acc       0.9_loss      avg_step_tim  epoch         loss          mem_gb        step         
0.7825000000  0.5155118108  0.6211000000  0.6564962268  0.4649000000  0.7978968620  0.1106016970  312.50000000  0.6272612214  0.2717189789  50           
0.1_acc       0.1_loss      0.5_acc       0.5_loss      0.9_acc       0.9_loss      avg_step_tim  epoch         loss          mem_gb        step         
0.7690000000  0.4941901863  0.6744000000  0.6291777492  0.5804000000  0.7641875148  0.0610334396  625.00000000  0.5878527761  0.2717189789  100          
0.1_acc       0.1_loss      0.5_acc       0.5_loss      0.9_acc       0.9_loss      avg_step_tim  epoch         loss          mem_gb        step         
0.7669000000  0.4890540838  0.6869000000  0.6246139407  0.6169000000  0.7575425506  0.0439740610  937.50000000  0.5554769635  0.2717189789  150          
0.1_acc       0.1_loss      0.5_acc       0.5_loss      0.9_acc       0.9_loss      avg_step_tim  epoch         loss          mem_gb        step         
0.7645000000  0.4924278557  0.6946000000  0.6312150955  0.6312000000  0.7660144567  0.0326161921  1250.0000000  0.5279468298  0.2717189789  200          
0.1_acc       0.1_loss      0.5_acc       0.5_loss      0.9_acc       0.9_loss      avg_step_tim  epoch         loss          mem_gb        step         
0.7619000000  0.5017217398  0.6927000000  0.6465440392  0.6296000000  0.7879256606  0.0262008743  1562.5000000  0.4937061369  0.2717189789  250          
0.1_acc       0.1_loss      0.5_acc       0.5_loss      0.9_acc       0.9_loss      avg_step_tim  epoch         loss          mem_gb        step         
0.7557000000  0.5217748880  0.6871000000  0.6702952981  0.6231000000  0.8184928298  0.0217132084  1875.0000000  0.4562492967  0.2717189789  300          
0.1_acc       0.1_loss      0.5_acc       0.5_loss      0.9_acc       0.9_loss      avg_step_tim  epoch         loss          mem_gb        step         
0.7536000000  0.5326746106  0.6779000000  0.7065148950  0.6041000000  0.8840095401  0.0189079979  2187.5000000  0.4143914282  0.2717189789  350          
0.1_acc       0.1_loss      0.5_acc       0.5_loss      0.9_acc       0.9_loss      avg_step_tim  epoch         loss          mem_gb        step         
0.7416000000  0.5723944306  0.6735000000  0.7381501794  0.6047000000  0.9103834629  0.0167535675  2500.0000000  0.3780798614  0.2717189789  400          
0.1_acc       0.1_loss      0.5_acc       0.5_loss      0.9_acc       0.9_loss      avg_step_tim  epoch         loss          mem_gb        step         
0.7389000000  0.5919095278  0.6669000000  0.7799610496  0.5924000000  0.9750109315  0.0147594304  2812.5000000  0.3458684385  0.2717189789  450          
0.1_acc       0.1_loss      0.5_acc       0.5_loss      0.9_acc       0.9_loss      avg_step_tim  epoch         loss          mem_gb        step         
0.7361000000  0.6184112430  0.6643000000  0.8229976296  0.5865000000  1.0347859859  0.0130609865  3125.0000000  0.3150031865  0.2717189789  500          
0.1_acc       0.1_loss      0.5_acc       0.5_loss      0.9_acc       0.9_loss      avg_step_tim  epoch         loss          mem_gb        step         
0.7273000000  0.6593440175  0.6616000000  0.8586028814  0.5898000000  1.0657322407  0.0117889703  3437.5000000  0.2867998779  0.2717189789  550          
0.1_acc       0.1_loss      0.5_acc       0.5_loss      0.9_acc       0.9_loss      avg_step_tim  epoch         loss          mem_gb        step         
0.7294000000  0.6769976616  0.6579000000  0.9043978453  0.5783000000  1.1400930882  0.0109905716  3750.0000000  0.2544864118  0.2717189789  600          
[0.9, 0.92, 0.95, 0.97, 1.0, 1.03, 1.06, 1.08, 1.11, 1.12, 1.14]

final accuracies:
0.0    0.1    0.2    0.3    0.4    0.5    0.6    0.7    0.8    0.9    1.0   
0.732  0.728  0.707  0.694  0.679  0.654  0.635  0.623  0.603  0.584  0.581 
[0.63, 0.65, 0.66, 0.68, 0.7, 0.71, 0.73, 0.74, 0.76, 0.77, 0.78]

best accuracies:
0.0    0.1    0.2    0.3    0.4    0.5    0.6    0.7    0.8    0.9    1.0   
0.762  0.760  0.744  0.728  0.717  0.692  0.682  0.664  0.649  0.630  0.624 
Args:
	algorithm: irm
	alpha: 0.4
	batch_size: 25000
	data_dir: ..\data
	deterministic: False
	dropout_p: 0.2
	erm_pretrain_iters: 400
	eval_freq: 50
	exp_name: domain_stress
	full_resolution: False
	groupdro_eta: 1.0
	loss_fn: nll
	lr: 0.0001
	lr_cos_sched: True
	lr_factor_reduction: 1
	mlp_hidden_dim: 390
	n_workers: 0
	network: FiLMedMLP
	other_arg: default
	output_dir: ..\results\cmnist_exp
	penalty_weight: 1000.0
	save_ckpts: True
	seed: 2
	steps: 600
	test_env_ms: 0.9
	test_envs: 0.1,0.5,0.9
	train_env_ps: (0.01, 0.12, 0.5, 0.99)
	train_env_size_mode: random
	train_env_sizes: 4000,4000,4000,4000
	train_env_sizes_parsed: (4000, 4000, 4000, 4000)
	train_envs: 0.01,0.12,0.5,0.99
	weight_decay: 0
Train environment sample counts: [4000, 4000, 4000, 4000]
0.1_acc       0.1_loss      0.5_acc       0.5_loss      0.9_acc       0.9_loss      avg_step_tim  epoch         loss          mem_gb        step         
0.7825000000  0.5155118108  0.6211000000  0.6564962268  0.4649000000  0.7978968620  0.1094262362  312.50000000  0.6272612214  0.2717189789  50           
0.1_acc       0.1_loss      0.5_acc       0.5_loss      0.9_acc       0.9_loss      avg_step_tim  epoch         loss          mem_gb        step         
0.7690000000  0.4941901863  0.6744000000  0.6291777492  0.5804000000  0.7641875148  0.0619864082  625.00000000  0.5878527761  0.2717189789  100          
0.1_acc       0.1_loss      0.5_acc       0.5_loss      0.9_acc       0.9_loss      avg_step_tim  epoch         loss          mem_gb        step         
0.7669000000  0.4890540838  0.6869000000  0.6246139407  0.6169000000  0.7575425506  0.0437741899  937.50000000  0.5554769635  0.2717189789  150          
0.1_acc       0.1_loss      0.5_acc       0.5_loss      0.9_acc       0.9_loss      avg_step_tim  epoch         loss          mem_gb        step         
0.7645000000  0.4924278557  0.6946000000  0.6312150955  0.6312000000  0.7660144567  0.0322416890  1250.0000000  0.5279468298  0.2717189789  200          
0.1_acc       0.1_loss      0.5_acc       0.5_loss      0.9_acc       0.9_loss      avg_step_tim  epoch         loss          mem_gb        step         
0.7619000000  0.5017217398  0.6927000000  0.6465440392  0.6296000000  0.7879256606  0.0259879055  1562.5000000  0.4937061369  0.2717189789  250          
0.1_acc       0.1_loss      0.5_acc       0.5_loss      0.9_acc       0.9_loss      avg_step_tim  epoch         loss          mem_gb        step         
0.7557000000  0.5217748880  0.6871000000  0.6702952981  0.6231000000  0.8184928298  0.0221709530  1875.0000000  0.4562492967  0.2717189789  300          
0.1_acc       0.1_loss      0.5_acc       0.5_loss      0.9_acc       0.9_loss      avg_step_tim  epoch         loss          mem_gb        step         
0.7536000000  0.5326746106  0.6779000000  0.7065148950  0.6041000000  0.8840095401  0.0187931796  2187.5000000  0.4143914282  0.2717189789  350          
0.1_acc       0.1_loss      0.5_acc       0.5_loss      0.9_acc       0.9_loss      avg_step_tim  epoch         loss          mem_gb        step         
0.7416000000  0.5723944306  0.6735000000  0.7381501794  0.6047000000  0.9103834629  0.0163677299  2500.0000000  0.3780798614  0.2717189789  400          
Saved ERM-pretrained model.
0.1_acc       0.1_loss      0.5_acc       0.5_loss      0.9_acc       0.9_loss      avg_step_tim  epoch         erm_loss      loss          mem_gb        penalty       step         
0.7200000000  0.6443068981  0.6881000000  0.7420368195  0.6515000000  0.8444706798  0.0152666563  2812.5000000  0.3860699832  0.0005630677  0.2717237473  0.0001769977  450          
0.1_acc       0.1_loss      0.5_acc       0.5_loss      0.9_acc       0.9_loss      avg_step_tim  epoch         erm_loss      loss          mem_gb        penalty       step         
0.7121000000  0.6664626598  0.6882000000  0.7383614779  0.6623000000  0.8137438893  0.0133343711  3125.0000000  0.3920800686  0.0004105853  0.2717237473  0.0000185052  500          
0.1_acc       0.1_loss      0.5_acc       0.5_loss      0.9_acc       0.9_loss      avg_step_tim  epoch         erm_loss      loss          mem_gb        penalty       step         
0.7160000000  0.6575227976  0.6890000000  0.7410931587  0.6571000000  0.8284834623  0.0120506568  3437.5000000  0.3907539248  0.0004083230  0.2717237473  0.0000175691  550          
0.1_acc       0.1_loss      0.5_acc       0.5_loss      0.9_acc       0.9_loss      avg_step_tim  epoch         erm_loss      loss          mem_gb        penalty       step         
0.7158000000  0.6569346786  0.6886000000  0.7402108908  0.6568000000  0.8272766471  0.0112372267  3750.0000000  0.3838181198  0.0004788726  0.2717237473  0.0000950544  600          
[0.74, 0.75, 0.76, 0.77, 0.78, 0.79, 0.79, 0.8, 0.81, 0.81, 0.81]

final accuracies:
0.0    0.1    0.2    0.3    0.4    0.5    0.6    0.7    0.8    0.9    1.0   
0.703  0.709  0.705  0.701  0.698  0.683  0.682  0.673  0.667  0.663  0.670 
[0.74, 0.75, 0.75, 0.76, 0.77, 0.78, 0.78, 0.79, 0.8, 0.8, 0.8]

best accuracies:
0.0    0.1    0.2    0.3    0.4    0.5    0.6    0.7    0.8    0.9    1.0   
0.698  0.705  0.702  0.700  0.698  0.683  0.683  0.676  0.671  0.669  0.676 
Args:
	algorithm: groupdro
	alpha: 0.4
	batch_size: 25000
	data_dir: ..\data
	deterministic: False
	dropout_p: 0.2
	erm_pretrain_iters: 400
	eval_freq: 50
	exp_name: domain_stress
	full_resolution: False
	groupdro_eta: 0.1
	loss_fn: nll
	lr: 0.0001
	lr_cos_sched: True
	lr_factor_reduction: 1
	mlp_hidden_dim: 390
	n_workers: 0
	network: FiLMedMLP
	other_arg: default
	output_dir: ..\results\cmnist_exp
	penalty_weight: 1000
	save_ckpts: True
	seed: 2
	steps: 1000
	test_env_ms: 0.9
	test_envs: 0.1,0.5,0.9
	train_env_ps: (0.01, 0.12, 0.5, 0.99)
	train_env_size_mode: random
	train_env_sizes: 4000,4000,4000,4000
	train_env_sizes_parsed: (4000, 4000, 4000, 4000)
	train_envs: 0.01,0.12,0.5,0.99
	weight_decay: 0
Train environment sample counts: [4000, 4000, 4000, 4000]
train_sandbox.py:189: FutureWarning: You are using `torch.load` with `weights_only=False` (the current default value), which uses the default pickle module implicitly. It is possible to construct malicious pickle data which will execute arbitrary code during unpickling (See https://github.com/pytorch/pytorch/blob/main/SECURITY.md#untrusted-models for more details). In a future release, the default value for `weights_only` will be flipped to `True`. This limits the functions that could be executed during unpickling. Arbitrary objects will no longer be allowed to be loaded via this mode unless they are explicitly allowlisted by the user via `torch.serialization.add_safe_globals`. We recommend you start setting `weights_only=True` for any use case where you don't have full control of the loaded file. Please open an issue on GitHub for any issues related to this experimental feature.
  algorithm.load_state_dict(torch.load(erm_ckpt_pth, map_location=device), strict=False)
ERM-pretrained model loaded: a7d46c54a58f35c6ec5c158b4d8309b1.
0.1_acc       0.1_loss      0.5_acc       0.5_loss      0.9_acc       0.9_loss      avg_step_tim  epoch         loss          mem_gb        step         
0.7145000000  0.6410417557  0.6760000000  0.7372023463  0.6371000000  0.8368245959  0.0123535962  2812.5000000  0.3763198853  0.2166242599  450          
0.1_acc       0.1_loss      0.5_acc       0.5_loss      0.9_acc       0.9_loss      avg_step_tim  epoch         loss          mem_gb        step         
0.7050000000  0.6745357513  0.6741000000  0.7545245886  0.6447000000  0.8392611146  0.0125729918  3125.0000000  0.3570072055  0.2166247368  500          
0.1_acc       0.1_loss      0.5_acc       0.5_loss      0.9_acc       0.9_loss      avg_step_tim  epoch         loss          mem_gb        step         
0.7070000000  0.6809692979  0.6716000000  0.7763386369  0.6346000000  0.8776288629  0.0120373266  3437.5000000  0.3368049860  0.2166247368  550          
0.1_acc       0.1_loss      0.5_acc       0.5_loss      0.9_acc       0.9_loss      avg_step_tim  epoch         loss          mem_gb        step         
0.7093000000  0.6864991784  0.6710000000  0.8008233905  0.6273000000  0.9205626845  0.0107255530  3750.0000000  0.3239157796  0.2166247368  600          
0.1_acc       0.1_loss      0.5_acc       0.5_loss      0.9_acc       0.9_loss      avg_step_tim  epoch         loss          mem_gb        step         
0.7125000000  0.6949647069  0.6683000000  0.8231078982  0.6214000000  0.9586156011  0.0100325452  4062.5000000  0.3073811531  0.2166247368  650          
0.1_acc       0.1_loss      0.5_acc       0.5_loss      0.9_acc       0.9_loss      avg_step_tim  epoch         loss          mem_gb        step         
0.7106000000  0.7033587098  0.6661000000  0.8389871120  0.6182000000  0.9816351533  0.0094755864  4375.0000000  0.2965428829  0.2166247368  700          
0.1_acc       0.1_loss      0.5_acc       0.5_loss      0.9_acc       0.9_loss      avg_step_tim  epoch         loss          mem_gb        step         
0.7074000000  0.7185063362  0.6655000000  0.8523027301  0.6198000000  0.9933169484  0.0087270778  4687.5000000  0.2948406637  0.2166247368  750          
0.1_acc       0.1_loss      0.5_acc       0.5_loss      0.9_acc       0.9_loss      avg_step_tim  epoch         loss          mem_gb        step         
0.7097000000  0.7169281840  0.6643000000  0.8625587821  0.6146000000  1.0156908035  0.0081550595  5000.0000000  0.2833365202  0.2166247368  800          
0.1_acc       0.1_loss      0.5_acc       0.5_loss      0.9_acc       0.9_loss      avg_step_tim  epoch         loss          mem_gb        step         
0.7077000000  0.7268505692  0.6644000000  0.8688215613  0.6159000000  1.0182880163  0.0076440904  5312.5000000  0.2780582309  0.2166247368  850          
0.1_acc       0.1_loss      0.5_acc       0.5_loss      0.9_acc       0.9_loss      avg_step_tim  epoch         loss          mem_gb        step         
0.7101000000  0.7235374451  0.6633000000  0.8743460774  0.6125000000  1.0334050655  0.0072982279  5625.0000000  0.2776127160  0.2166247368  900          
0.1_acc       0.1_loss      0.5_acc       0.5_loss      0.9_acc       0.9_loss      avg_step_tim  epoch         loss          mem_gb        step         
0.7095000000  0.7259393334  0.6628000000  0.8749523163  0.6132000000  1.0323985815  0.0068715708  5937.5000000  0.2749688923  0.2166247368  950          
0.1_acc       0.1_loss      0.5_acc       0.5_loss      0.9_acc       0.9_loss      avg_step_tim  epoch         loss          mem_gb        step         
0.7087000000  0.7272968292  0.6627000000  0.8748806715  0.6139000000  1.0308374166  0.0064913034  6250.0000000  0.2779937983  0.2166247368  1000         
[0.87, 0.88, 0.9, 0.92, 0.94, 0.96, 0.97, 0.98, 1.0, 1.01, 1.01]

final accuracies:
0.0    0.1    0.2    0.3    0.4    0.5    0.6    0.7    0.8    0.9    1.0   
0.704  0.707  0.695  0.687  0.681  0.660  0.651  0.645  0.632  0.621  0.627 
[0.76, 0.76, 0.77, 0.78, 0.79, 0.8, 0.8, 0.81, 0.82, 0.82, 0.82]

best accuracies:
0.0    0.1    0.2    0.3    0.4    0.5    0.6    0.7    0.8    0.9    1.0   
0.695  0.702  0.694  0.692  0.688  0.671  0.670  0.662  0.655  0.650  0.657 
Args:
	algorithm: iro
	alpha: 0.4
	batch_size: 25000
	data_dir: ..\data
	deterministic: False
	dropout_p: 0.2
	erm_pretrain_iters: 400
	eval_freq: 50
	exp_name: domain_stress
	full_resolution: False
	groupdro_eta: 1.0
	loss_fn: nll
	lr: 0.0001
	lr_cos_sched: True
	lr_factor_reduction: 1
	mlp_hidden_dim: 390
	n_workers: 0
	network: FiLMedMLP
	other_arg: default
	output_dir: ..\results\cmnist_exp
	penalty_weight: 1000
	save_ckpts: True
	seed: 2
	steps: 600
	test_env_ms: 0.9
	test_envs: 0.1,0.5,0.9
	train_env_ps: (0.01, 0.12, 0.5, 0.99)
	train_env_size_mode: random
	train_env_sizes: 4000,4000,4000,4000
	train_env_sizes_parsed: (4000, 4000, 4000, 4000)
	train_envs: 0.01,0.12,0.5,0.99
	weight_decay: 0
Train environment sample counts: [4000, 4000, 4000, 4000]
train_sandbox.py:189: FutureWarning: You are using `torch.load` with `weights_only=False` (the current default value), which uses the default pickle module implicitly. It is possible to construct malicious pickle data which will execute arbitrary code during unpickling (See https://github.com/pytorch/pytorch/blob/main/SECURITY.md#untrusted-models for more details). In a future release, the default value for `weights_only` will be flipped to `True`. This limits the functions that could be executed during unpickling. Arbitrary objects will no longer be allowed to be loaded via this mode unless they are explicitly allowlisted by the user via `torch.serialization.add_safe_globals`. We recommend you start setting `weights_only=True` for any use case where you don't have full control of the loaded file. Please open an issue on GitHub for any issues related to this experimental feature.
  algorithm.load_state_dict(torch.load(erm_ckpt_pth, map_location=device), strict=False)
ERM-pretrained model loaded: a7d46c54a58f35c6ec5c158b4d8309b1.
0.1_acc       0.1_loss      0.5_acc       0.5_loss      0.9_acc       0.9_loss      avg_step_tim  epoch         loss          mem_gb        step         
0.6835000000  0.6635420322  0.6442000000  0.6525818706  0.6132000000  0.6607608199  0.0833845737  2812.5000000  0.1248176992  2.6915106773  450          
0.1_acc       0.1_loss      0.5_acc       0.5_loss      0.9_acc       0.9_loss      avg_step_tim  epoch         loss          mem_gb        step         
0.6988000000  0.6279835105  0.6745000000  0.6261767149  0.6593000000  0.6374706626  0.0741699939  3125.0000000  0.1152198315  2.6915106773  500          
0.1_acc       0.1_loss      0.5_acc       0.5_loss      0.9_acc       0.9_loss      avg_step_tim  epoch         loss          mem_gb        step         
0.7041000000  0.6170402765  0.6853000000  0.6187044978  0.6692000000  0.6321734190  0.0678358971  3437.5000000  0.1114884689  2.6915106773  550          
0.1_acc       0.1_loss      0.5_acc       0.5_loss      0.9_acc       0.9_loss      avg_step_tim  epoch         loss          mem_gb        step         
0.7063000000  0.6147425175  0.6860000000  0.6177663207  0.6689000000  0.6332988143  0.0624577808  3750.0000000  0.1103733927  2.6915106773  600          
[0.63, 0.63, 0.63, 0.63, 0.63, 0.63, 0.63, 0.63, 0.63, 0.63, 0.64] [0.69, 0.69, 0.68, 0.68, 0.67, 0.67, 0.67, 0.67, 0.67, 0.67, 0.67]

final accuracies:
0.0    0.1    0.2    0.3    0.4    0.5    0.6    0.7    0.8    0.9    1.0   
0.706  0.702  0.703  0.693  0.693  0.686  0.686  0.674  0.672  0.669  0.670 
[0.63, 0.63, 0.63, 0.63, 0.63, 0.63, 0.63, 0.63, 0.63, 0.63, 0.63] [0.69, 0.68, 0.68, 0.67, 0.67, 0.67, 0.67, 0.67, 0.67, 0.67, 0.67]

best accuracies:
0.0    0.1    0.2    0.3    0.4    0.5    0.6    0.7    0.8    0.9    1.0   
0.705  0.701  0.700  0.692  0.692  0.685  0.684  0.673  0.670  0.668  0.669 
Args:
	algorithm: inftask
	alpha: 0.4
	batch_size: 25000
	data_dir: ..\data
	deterministic: False
	dropout_p: 0.2
	erm_pretrain_iters: 400
	eval_freq: 50
	exp_name: domain_stress
	full_resolution: False
	groupdro_eta: 1.0
	loss_fn: nll
	lr: 0.0001
	lr_cos_sched: True
	lr_factor_reduction: 1
	mlp_hidden_dim: 390
	n_workers: 0
	network: FiLMedMLP
	other_arg: default
	output_dir: ..\results\cmnist_exp
	penalty_weight: 1000
	save_ckpts: True
	seed: 2
	steps: 600
	test_env_ms: 0.9
	test_envs: 0.1,0.5,0.9
	train_env_ps: (0.01, 0.12, 0.5, 0.99)
	train_env_size_mode: random
	train_env_sizes: 4000,4000,4000,4000
	train_env_sizes_parsed: (4000, 4000, 4000, 4000)
	train_envs: 0.01,0.12,0.5,0.99
	weight_decay: 0
Train environment sample counts: [4000, 4000, 4000, 4000]
train_sandbox.py:189: FutureWarning: You are using `torch.load` with `weights_only=False` (the current default value), which uses the default pickle module implicitly. It is possible to construct malicious pickle data which will execute arbitrary code during unpickling (See https://github.com/pytorch/pytorch/blob/main/SECURITY.md#untrusted-models for more details). In a future release, the default value for `weights_only` will be flipped to `True`. This limits the functions that could be executed during unpickling. Arbitrary objects will no longer be allowed to be loaded via this mode unless they are explicitly allowlisted by the user via `torch.serialization.add_safe_globals`. We recommend you start setting `weights_only=True` for any use case where you don't have full control of the loaded file. Please open an issue on GitHub for any issues related to this experimental feature.
  algorithm.load_state_dict(torch.load(erm_ckpt_pth, map_location=device), strict=False)
ERM-pretrained model loaded: a7d46c54a58f35c6ec5c158b4d8309b1.
0.1_acc       0.1_loss      0.5_acc       0.5_loss      0.9_acc       0.9_loss      avg_step_tim  epoch         loss          mem_gb        step         
0.6979000000  0.6626228690  0.6385000000  0.6568011642  0.5903000000  0.6702930331  0.0273081181  2812.5000000  0.1196519807  1.0639986992  450          
0.1_acc       0.1_loss      0.5_acc       0.5_loss      0.9_acc       0.9_loss      avg_step_tim  epoch         loss          mem_gb        step         
0.7028000000  0.6330741048  0.6720000000  0.6305974126  0.6479000000  0.6435654163  0.0239826388  3125.0000000  0.1112210527  1.0639986992  500          
0.1_acc       0.1_loss      0.5_acc       0.5_loss      0.9_acc       0.9_loss      avg_step_tim  epoch         loss          mem_gb        step         
0.7025000000  0.6227033734  0.6779000000  0.6228392124  0.6629000000  0.6351526976  0.0221555588  3437.5000000  0.1076063365  1.0639986992  550          
0.1_acc       0.1_loss      0.5_acc       0.5_loss      0.9_acc       0.9_loss      avg_step_tim  epoch         loss          mem_gb        step         
0.7026000000  0.6212186813  0.6803000000  0.6217073798  0.6656000000  0.6344369054  0.0205828853  3750.0000000  0.1068449616  1.0639986992  600          
[0.63, 0.63, 0.63, 0.63, 0.63, 0.63, 0.63, 0.63, 0.64, 0.64, 0.64] [0.68, 0.68, 0.68, 0.67, 0.67, 0.67, 0.67, 0.66, 0.66, 0.66, 0.66]

final accuracies:
0.0    0.1    0.2    0.3    0.4    0.5    0.6    0.7    0.8    0.9    1.0   
0.698  0.704  0.703  0.692  0.686  0.682  0.672  0.671  0.669  0.662  0.661 
[0.63, 0.63, 0.63, 0.63, 0.63, 0.63, 0.63, 0.63, 0.64, 0.64, 0.64] [0.68, 0.68, 0.68, 0.67, 0.67, 0.67, 0.67, 0.66, 0.66, 0.66, 0.66]

best accuracies:
0.0    0.1    0.2    0.3    0.4    0.5    0.6    0.7    0.8    0.9    1.0   
0.698  0.704  0.703  0.692  0.686  0.682  0.672  0.671  0.669  0.662  0.661 
Args:
	algorithm: erm
	alpha: 0.4
	batch_size: 25000
	data_dir: ..\data
	deterministic: False
	dropout_p: 0.2
	erm_pretrain_iters: 0
	eval_freq: 50
	exp_name: domain_stress
	full_resolution: False
	groupdro_eta: 1.0
	loss_fn: nll
	lr: 0.0001
	lr_cos_sched: False
	lr_factor_reduction: 1
	mlp_hidden_dim: 390
	n_workers: 0
	network: FiLMedMLP
	other_arg: default
	output_dir: ..\results\cmnist_exp
	penalty_weight: 1000
	save_ckpts: False
	seed: 2
	steps: 600
	test_env_ms: 0.9
	test_envs: 0.1,0.5,0.9
	train_env_ps: (0.01, 0.12, 0.5, 0.99)
	train_env_size_mode: random
	train_env_sizes: 8000,8000,8000,8000
	train_env_sizes_parsed: (8000, 8000, 8000, 8000)
	train_envs: 0.01,0.12,0.5,0.99
	weight_decay: 0
Train environment sample counts: [8000, 8000, 8000, 8000]
0.1_acc       0.1_loss      0.5_acc       0.5_loss      0.9_acc       0.9_loss      avg_step_tim  epoch         loss          mem_gb        step         
0.7840000000  0.5091100335  0.6235000000  0.6571553349  0.4670000000  0.8050286770  0.2426458263  156.25000000  0.6268764734  0.4771904945  50           
0.1_acc       0.1_loss      0.5_acc       0.5_loss      0.9_acc       0.9_loss      avg_step_tim  epoch         loss          mem_gb        step         
0.7719000000  0.4909547865  0.6784000000  0.6262872815  0.5863000000  0.7612852454  0.1325030518  312.50000000  0.5954909921  0.4771904945  100          
0.1_acc       0.1_loss      0.5_acc       0.5_loss      0.9_acc       0.9_loss      avg_step_tim  epoch         loss          mem_gb        step         
0.7700000000  0.4832681119  0.6948000000  0.6173164845  0.6301000000  0.7496991754  0.0879364347  468.75000000  0.5746219754  0.4771904945  150          
0.1_acc       0.1_loss      0.5_acc       0.5_loss      0.9_acc       0.9_loss      avg_step_tim  epoch         loss          mem_gb        step         
0.7683000000  0.4821440876  0.7016000000  0.6159525514  0.6464000000  0.7482443452  0.0664956999  625.00000000  0.5563366413  0.4771904945  200          
0.1_acc       0.1_loss      0.5_acc       0.5_loss      0.9_acc       0.9_loss      avg_step_tim  epoch         loss          mem_gb        step         
0.7659000000  0.4849379659  0.7039000000  0.6186291575  0.6516000000  0.7528119683  0.0529347191  781.25000000  0.5389828086  0.4771904945  250          
0.1_acc       0.1_loss      0.5_acc       0.5_loss      0.9_acc       0.9_loss      avg_step_tim  epoch         loss          mem_gb        step         
0.7656000000  0.4896459877  0.7026000000  0.6265841722  0.6436000000  0.7676748037  0.0443664074  937.50000000  0.5175333619  0.4771904945  300          
0.1_acc       0.1_loss      0.5_acc       0.5_loss      0.9_acc       0.9_loss      avg_step_tim  epoch         loss          mem_gb        step         
0.7635000000  0.4996146262  0.6986000000  0.6386956573  0.6354000000  0.7850106955  0.0375994791  1093.7500000  0.4948408306  0.4771904945  350          
0.1_acc       0.1_loss      0.5_acc       0.5_loss      0.9_acc       0.9_loss      avg_step_tim  epoch         loss          mem_gb        step         
0.7580000000  0.5135446191  0.6951000000  0.6535576582  0.6260000000  0.8037390709  0.0328973645  1250.0000000  0.4706675112  0.4771904945  400          
0.1_acc       0.1_loss      0.5_acc       0.5_loss      0.9_acc       0.9_loss      avg_step_tim  epoch         loss          mem_gb        step         
0.7552000000  0.5278626680  0.6920000000  0.6719721556  0.6206000000  0.8293472528  0.0294137801  1406.2500000  0.4429796338  0.4771904945  450          
0.1_acc       0.1_loss      0.5_acc       0.5_loss      0.9_acc       0.9_loss      avg_step_tim  epoch         loss          mem_gb        step         
0.7514000000  0.5400068164  0.6857000000  0.6925303340  0.6118000000  0.8609945774  0.0264086609  1562.5000000  0.4187152684  0.4771904945  500          
0.1_acc       0.1_loss      0.5_acc       0.5_loss      0.9_acc       0.9_loss      avg_step_tim  epoch         loss          mem_gb        step         
0.7467000000  0.5561903119  0.6799000000  0.7151700854  0.6050000000  0.8910360932  0.0238011893  1718.7500000  0.3960770965  0.4771904945  550          
0.1_acc       0.1_loss      0.5_acc       0.5_loss      0.9_acc       0.9_loss      avg_step_tim  epoch         loss          mem_gb        step         
0.7406000000  0.5825905800  0.6755000000  0.7362558246  0.6057000000  0.9071434140  0.0218093328  1875.0000000  0.3763697743  0.4771904945  600          
[0.74, 0.75, 0.77, 0.79, 0.81, 0.83, 0.85, 0.87, 0.88, 0.9, 0.91]

final accuracies:
0.0    0.1    0.2    0.3    0.4    0.5    0.6    0.7    0.8    0.9    1.0   
0.745  0.746  0.727  0.706  0.695  0.672  0.659  0.635  0.626  0.611  0.602 
[0.62, 0.63, 0.65, 0.67, 0.68, 0.7, 0.72, 0.73, 0.75, 0.76, 0.77]

best accuracies:
0.0    0.1    0.2    0.3    0.4    0.5    0.6    0.7    0.8    0.9    1.0   
0.761  0.762  0.750  0.735  0.723  0.700  0.695  0.681  0.665  0.651  0.649 
Args:
	algorithm: irm
	alpha: 0.4
	batch_size: 25000
	data_dir: ..\data
	deterministic: False
	dropout_p: 0.2
	erm_pretrain_iters: 400
	eval_freq: 50
	exp_name: domain_stress
	full_resolution: False
	groupdro_eta: 1.0
	loss_fn: nll
	lr: 0.0001
	lr_cos_sched: True
	lr_factor_reduction: 1
	mlp_hidden_dim: 390
	n_workers: 0
	network: FiLMedMLP
	other_arg: default
	output_dir: ..\results\cmnist_exp
	penalty_weight: 1000.0
	save_ckpts: True
	seed: 2
	steps: 600
	test_env_ms: 0.9
	test_envs: 0.1,0.5,0.9
	train_env_ps: (0.01, 0.12, 0.5, 0.99)
	train_env_size_mode: random
	train_env_sizes: 8000,8000,8000,8000
	train_env_sizes_parsed: (8000, 8000, 8000, 8000)
	train_envs: 0.01,0.12,0.5,0.99
	weight_decay: 0
Train environment sample counts: [8000, 8000, 8000, 8000]
0.1_acc       0.1_loss      0.5_acc       0.5_loss      0.9_acc       0.9_loss      avg_step_tim  epoch         loss          mem_gb        step         
0.7840000000  0.5091100335  0.6235000000  0.6571553349  0.4670000000  0.8050286770  0.2413351202  156.25000000  0.6268764734  0.4771904945  50           
0.1_acc       0.1_loss      0.5_acc       0.5_loss      0.9_acc       0.9_loss      avg_step_tim  epoch         loss          mem_gb        step         
0.7719000000  0.4909547865  0.6784000000  0.6262872815  0.5863000000  0.7612852454  0.1326824689  312.50000000  0.5954909921  0.4771904945  100          
0.1_acc       0.1_loss      0.5_acc       0.5_loss      0.9_acc       0.9_loss      avg_step_tim  epoch         loss          mem_gb        step         
0.7700000000  0.4832681119  0.6948000000  0.6173164845  0.6301000000  0.7496991754  0.0874584675  468.75000000  0.5746219754  0.4771904945  150          
0.1_acc       0.1_loss      0.5_acc       0.5_loss      0.9_acc       0.9_loss      avg_step_tim  epoch         loss          mem_gb        step         
0.7683000000  0.4821440876  0.7016000000  0.6159525514  0.6464000000  0.7482443452  0.0662632036  625.00000000  0.5563366413  0.4771904945  200          
0.1_acc       0.1_loss      0.5_acc       0.5_loss      0.9_acc       0.9_loss      avg_step_tim  epoch         loss          mem_gb        step         
0.7659000000  0.4849379659  0.7039000000  0.6186291575  0.6516000000  0.7528119683  0.0535123959  781.25000000  0.5389828086  0.4771904945  250          
0.1_acc       0.1_loss      0.5_acc       0.5_loss      0.9_acc       0.9_loss      avg_step_tim  epoch         loss          mem_gb        step         
0.7656000000  0.4896459877  0.7026000000  0.6265841722  0.6436000000  0.7676748037  0.0440807136  937.50000000  0.5175333619  0.4771904945  300          
0.1_acc       0.1_loss      0.5_acc       0.5_loss      0.9_acc       0.9_loss      avg_step_tim  epoch         loss          mem_gb        step         
0.7635000000  0.4996146262  0.6986000000  0.6386956573  0.6354000000  0.7850106955  0.0376849754  1093.7500000  0.4948408306  0.4771904945  350          
0.1_acc       0.1_loss      0.5_acc       0.5_loss      0.9_acc       0.9_loss      avg_step_tim  epoch         loss          mem_gb        step         
0.7580000000  0.5135446191  0.6951000000  0.6535576582  0.6260000000  0.8037390709  0.0325663728  1250.0000000  0.4706675112  0.4771904945  400          
Saved ERM-pretrained model.
0.1_acc       0.1_loss      0.5_acc       0.5_loss      0.9_acc       0.9_loss      avg_step_tim  epoch         erm_loss      loss          mem_gb        penalty       step         
0.7192000000  0.6149514318  0.7072000000  0.6419340968  0.6977000000  0.6762539148  0.0298045879  1406.2500000  0.4829599261  0.0005103707  0.4771952629  0.0000274108  450          
0.1_acc       0.1_loss      0.5_acc       0.5_loss      0.9_acc       0.9_loss      avg_step_tim  epoch         erm_loss      loss          mem_gb        penalty       step         
0.7170000000  0.6194884777  0.7100000000  0.6394055486  0.7036000000  0.6658355594  0.0265961518  1562.5000000  0.4840509295  0.0005391286  0.4771952629  0.0000550777  500          
0.1_acc       0.1_loss      0.5_acc       0.5_loss      0.9_acc       0.9_loss      avg_step_tim  epoch         erm_loss      loss          mem_gb        penalty       step         
0.7181000000  0.6147158146  0.7101000000  0.6391311884  0.7019000000  0.6701355577  0.0241984875  1718.7500000  0.4836713374  0.0004907566  0.4771952629  0.0000070853  550          
0.1_acc       0.1_loss      0.5_acc       0.5_loss      0.9_acc       0.9_loss      avg_step_tim  epoch         erm_loss      loss          mem_gb        penalty       step         
0.7189000000  0.6132510304  0.7100000000  0.6396004558  0.7014000000  0.6725640297  0.0220509573  1875.0000000  0.4859849215  0.0005052863  0.4771952629  0.0000193013  600          
[0.64, 0.65, 0.65, 0.65, 0.66, 0.66, 0.66, 0.66, 0.66, 0.67, 0.67]

final accuracies:
0.0    0.1    0.2    0.3    0.4    0.5    0.6    0.7    0.8    0.9    1.0   
0.710  0.724  0.724  0.714  0.711  0.704  0.707  0.700  0.697  0.693  0.705 
[0.64, 0.65, 0.65, 0.65, 0.65, 0.66, 0.66, 0.66, 0.66, 0.66, 0.66]

best accuracies:
0.0    0.1    0.2    0.3    0.4    0.5    0.6    0.7    0.8    0.9    1.0   
0.707  0.722  0.721  0.713  0.711  0.703  0.708  0.701  0.699  0.695  0.707 
Args:
	algorithm: groupdro
	alpha: 0.4
	batch_size: 25000
	data_dir: ..\data
	deterministic: False
	dropout_p: 0.2
	erm_pretrain_iters: 400
	eval_freq: 50
	exp_name: domain_stress
	full_resolution: False
	groupdro_eta: 0.1
	loss_fn: nll
	lr: 0.0001
	lr_cos_sched: True
	lr_factor_reduction: 1
	mlp_hidden_dim: 390
	n_workers: 0
	network: FiLMedMLP
	other_arg: default
	output_dir: ..\results\cmnist_exp
	penalty_weight: 1000
	save_ckpts: True
	seed: 2
	steps: 1000
	test_env_ms: 0.9
	test_envs: 0.1,0.5,0.9
	train_env_ps: (0.01, 0.12, 0.5, 0.99)
	train_env_size_mode: random
	train_env_sizes: 8000,8000,8000,8000
	train_env_sizes_parsed: (8000, 8000, 8000, 8000)
	train_envs: 0.01,0.12,0.5,0.99
	weight_decay: 0
Train environment sample counts: [8000, 8000, 8000, 8000]
train_sandbox.py:189: FutureWarning: You are using `torch.load` with `weights_only=False` (the current default value), which uses the default pickle module implicitly. It is possible to construct malicious pickle data which will execute arbitrary code during unpickling (See https://github.com/pytorch/pytorch/blob/main/SECURITY.md#untrusted-models for more details). In a future release, the default value for `weights_only` will be flipped to `True`. This limits the functions that could be executed during unpickling. Arbitrary objects will no longer be allowed to be loaded via this mode unless they are explicitly allowlisted by the user via `torch.serialization.add_safe_globals`. We recommend you start setting `weights_only=True` for any use case where you don't have full control of the loaded file. Please open an issue on GitHub for any issues related to this experimental feature.
  algorithm.load_state_dict(torch.load(erm_ckpt_pth, map_location=device), strict=False)
ERM-pretrained model loaded: 748e02ebcd519cf6b7a0132913c16b8a.
0.1_acc       0.1_loss      0.5_acc       0.5_loss      0.9_acc       0.9_loss      avg_step_tim  epoch         loss          mem_gb        step         
0.7223000000  0.6035229564  0.7013000000  0.6474040151  0.6806000000  0.7001487017  0.0262364414  1406.2500000  0.4693420529  0.3594012260  450          
0.1_acc       0.1_loss      0.5_acc       0.5_loss      0.9_acc       0.9_loss      avg_step_tim  epoch         loss          mem_gb        step         
0.7148000000  0.6224102378  0.6957000000  0.6599133611  0.6777000000  0.7086009383  0.0262165070  1562.5000000  0.4524285495  0.3594017029  500          
0.1_acc       0.1_loss      0.5_acc       0.5_loss      0.9_acc       0.9_loss      avg_step_tim  epoch         loss          mem_gb        step         
0.7124000000  0.6290220022  0.6928000000  0.6708923578  0.6702000000  0.7262100577  0.0238140340  1718.7500000  0.4357798696  0.3594017029  550          
0.1_acc       0.1_loss      0.5_acc       0.5_loss      0.9_acc       0.9_loss      avg_step_tim  epoch         loss          mem_gb        step         
0.7128000000  0.6337893605  0.6885000000  0.6837266684  0.6643000000  0.7475870848  0.0216147212  1875.0000000  0.4236103594  0.3594017029  600          
0.1_acc       0.1_loss      0.5_acc       0.5_loss      0.9_acc       0.9_loss      avg_step_tim  epoch         loss          mem_gb        step         
0.7123000000  0.6380711198  0.6855000000  0.6973711848  0.6572000000  0.7714049220  0.0199061673  2031.2500000  0.4107170105  0.3594017029  650          
0.1_acc       0.1_loss      0.5_acc       0.5_loss      0.9_acc       0.9_loss      avg_step_tim  epoch         loss          mem_gb        step         
0.7132000000  0.6436354518  0.6841000000  0.7069081664  0.6546000000  0.7854176760  0.0188753717  2187.5000000  0.3971260488  0.3594017029  700          
0.1_acc       0.1_loss      0.5_acc       0.5_loss      0.9_acc       0.9_loss      avg_step_tim  epoch         loss          mem_gb        step         
0.7129000000  0.6455444694  0.6820000000  0.7154434323  0.6503000000  0.8009336591  0.0173878037  2343.7500000  0.3879356384  0.3594017029  750          
0.1_acc       0.1_loss      0.5_acc       0.5_loss      0.9_acc       0.9_loss      avg_step_tim  epoch         loss          mem_gb        step         
0.7137000000  0.6463566422  0.6805000000  0.7220991850  0.6471000000  0.8138478398  0.0168953368  2500.0000000  0.3809614480  0.3594017029  800          
0.1_acc       0.1_loss      0.5_acc       0.5_loss      0.9_acc       0.9_loss      avg_step_tim  epoch         loss          mem_gb        step         
0.7134000000  0.6481736302  0.6794000000  0.7262898684  0.6459000000  0.8203911781  0.0156243436  2656.2500000  0.3826943338  0.3594017029  850          
0.1_acc       0.1_loss      0.5_acc       0.5_loss      0.9_acc       0.9_loss      avg_step_tim  epoch         loss          mem_gb        step         
0.7125000000  0.6507627964  0.6791000000  0.7284224629  0.6463000000  0.8221424818  0.0148184578  2812.5000000  0.3703389764  0.3594017029  900          
0.1_acc       0.1_loss      0.5_acc       0.5_loss      0.9_acc       0.9_loss      avg_step_tim  epoch         loss          mem_gb        step         
0.7131000000  0.6507282257  0.6790000000  0.7293895483  0.6449000000  0.8243087530  0.0140221325  2968.7500000  0.3747322559  0.3594017029  950          
0.1_acc       0.1_loss      0.5_acc       0.5_loss      0.9_acc       0.9_loss      avg_step_tim  epoch         loss          mem_gb        step         
0.7126000000  0.6513116360  0.6794000000  0.7295095325  0.6455000000  0.8239669800  0.0132198291  3125.0000000  0.3748990297  0.3594017029  1000         
[0.73, 0.74, 0.75, 0.76, 0.77, 0.78, 0.79, 0.8, 0.8, 0.81, 0.81]

final accuracies:
0.0    0.1    0.2    0.3    0.4    0.5    0.6    0.7    0.8    0.9    1.0   
0.707  0.717  0.704  0.695  0.693  0.677  0.671  0.660  0.657  0.651  0.650 
[0.65, 0.65, 0.66, 0.66, 0.67, 0.68, 0.68, 0.68, 0.69, 0.69, 0.69]

best accuracies:
0.0    0.1    0.2    0.3    0.4    0.5    0.6    0.7    0.8    0.9    1.0   
0.715  0.727  0.722  0.711  0.710  0.696  0.698  0.687  0.685  0.679  0.687 
Args:
	algorithm: iro
	alpha: 0.4
	batch_size: 25000
	data_dir: ..\data
	deterministic: False
	dropout_p: 0.2
	erm_pretrain_iters: 400
	eval_freq: 50
	exp_name: domain_stress
	full_resolution: False
	groupdro_eta: 1.0
	loss_fn: nll
	lr: 0.0001
	lr_cos_sched: True
	lr_factor_reduction: 1
	mlp_hidden_dim: 390
	n_workers: 0
	network: FiLMedMLP
	other_arg: default
	output_dir: ..\results\cmnist_exp
	penalty_weight: 1000
	save_ckpts: True
	seed: 2
	steps: 600
	test_env_ms: 0.9
	test_envs: 0.1,0.5,0.9
	train_env_ps: (0.01, 0.12, 0.5, 0.99)
	train_env_size_mode: random
	train_env_sizes: 8000,8000,8000,8000
	train_env_sizes_parsed: (8000, 8000, 8000, 8000)
	train_envs: 0.01,0.12,0.5,0.99
	weight_decay: 0
Train environment sample counts: [8000, 8000, 8000, 8000]
train_sandbox.py:189: FutureWarning: You are using `torch.load` with `weights_only=False` (the current default value), which uses the default pickle module implicitly. It is possible to construct malicious pickle data which will execute arbitrary code during unpickling (See https://github.com/pytorch/pytorch/blob/main/SECURITY.md#untrusted-models for more details). In a future release, the default value for `weights_only` will be flipped to `True`. This limits the functions that could be executed during unpickling. Arbitrary objects will no longer be allowed to be loaded via this mode unless they are explicitly allowlisted by the user via `torch.serialization.add_safe_globals`. We recommend you start setting `weights_only=True` for any use case where you don't have full control of the loaded file. Please open an issue on GitHub for any issues related to this experimental feature.
  algorithm.load_state_dict(torch.load(erm_ckpt_pth, map_location=device), strict=False)
ERM-pretrained model loaded: 748e02ebcd519cf6b7a0132913c16b8a.
0.1_acc       0.1_loss      0.5_acc       0.5_loss      0.9_acc       0.9_loss      avg_step_tim  epoch         loss          mem_gb        step         
0.6792000000  0.6732733250  0.6422000000  0.6634314060  0.6210000000  0.6640567183  0.1538636610  1406.2500000  0.0717164725  5.2909116745  450          
0.1_acc       0.1_loss      0.5_acc       0.5_loss      0.9_acc       0.9_loss      avg_step_tim  epoch         loss          mem_gb        step         
0.6976000000  0.6378479600  0.6626000000  0.6348161697  0.6513000000  0.6387225986  0.1355604157  1562.5000000  0.0676290169  5.2909116745  500          
0.1_acc       0.1_loss      0.5_acc       0.5_loss      0.9_acc       0.9_loss      avg_step_tim  epoch         loss          mem_gb        step         
0.7006000000  0.6253373027  0.6774000000  0.6235335469  0.6652000000  0.6273037791  0.1225719539  1718.7500000  0.0657609329  5.2909116745  550          
0.1_acc       0.1_loss      0.5_acc       0.5_loss      0.9_acc       0.9_loss      avg_step_tim  epoch         loss          mem_gb        step         
0.7010000000  0.6230623722  0.6782000000  0.6220813394  0.6672000000  0.6268001199  0.1132226797  1875.0000000  0.0654717907  5.2909116745  600          
[0.63, 0.63, 0.63, 0.63, 0.63, 0.63, 0.63, 0.63, 0.63, 0.63, 0.63] [0.69, 0.68, 0.68, 0.67, 0.67, 0.67, 0.67, 0.67, 0.67, 0.67, 0.67]

final accuracies:
0.0    0.1    0.2    0.3    0.4    0.5    0.6    0.7    0.8    0.9    1.0   
0.705  0.703  0.701  0.692  0.689  0.687  0.685  0.671  0.669  0.671  0.668 
[0.63, 0.63, 0.63, 0.63, 0.63, 0.63, 0.63, 0.63, 0.63, 0.63, 0.63] [0.69, 0.68, 0.68, 0.67, 0.67, 0.67, 0.67, 0.67, 0.67, 0.67, 0.67]

best accuracies:
0.0    0.1    0.2    0.3    0.4    0.5    0.6    0.7    0.8    0.9    1.0   
0.705  0.703  0.701  0.692  0.689  0.687  0.685  0.671  0.669  0.671  0.668 
Args:
	algorithm: inftask
	alpha: 0.4
	batch_size: 25000
	data_dir: ..\data
	deterministic: False
	dropout_p: 0.2
	erm_pretrain_iters: 400
	eval_freq: 50
	exp_name: domain_stress
	full_resolution: False
	groupdro_eta: 1.0
	loss_fn: nll
	lr: 0.0001
	lr_cos_sched: True
	lr_factor_reduction: 1
	mlp_hidden_dim: 390
	n_workers: 0
	network: FiLMedMLP
	other_arg: default
	output_dir: ..\results\cmnist_exp
	penalty_weight: 1000
	save_ckpts: True
	seed: 2
	steps: 600
	test_env_ms: 0.9
	test_envs: 0.1,0.5,0.9
	train_env_ps: (0.01, 0.12, 0.5, 0.99)
	train_env_size_mode: random
	train_env_sizes: 8000,8000,8000,8000
	train_env_sizes_parsed: (8000, 8000, 8000, 8000)
	train_envs: 0.01,0.12,0.5,0.99
	weight_decay: 0
Train environment sample counts: [8000, 8000, 8000, 8000]
train_sandbox.py:189: FutureWarning: You are using `torch.load` with `weights_only=False` (the current default value), which uses the default pickle module implicitly. It is possible to construct malicious pickle data which will execute arbitrary code during unpickling (See https://github.com/pytorch/pytorch/blob/main/SECURITY.md#untrusted-models for more details). In a future release, the default value for `weights_only` will be flipped to `True`. This limits the functions that could be executed during unpickling. Arbitrary objects will no longer be allowed to be loaded via this mode unless they are explicitly allowlisted by the user via `torch.serialization.add_safe_globals`. We recommend you start setting `weights_only=True` for any use case where you don't have full control of the loaded file. Please open an issue on GitHub for any issues related to this experimental feature.
  algorithm.load_state_dict(torch.load(erm_ckpt_pth, map_location=device), strict=False)
ERM-pretrained model loaded: 748e02ebcd519cf6b7a0132913c16b8a.
0.1_acc       0.1_loss      0.5_acc       0.5_loss      0.9_acc       0.9_loss      avg_step_tim  epoch         loss          mem_gb        step         
0.6698000000  0.6757948399  0.6385000000  0.6655673385  0.6110000000  0.6678392291  0.0524666452  1406.2500000  0.0871298239  2.0122299194  450          
0.1_acc       0.1_loss      0.5_acc       0.5_loss      0.9_acc       0.9_loss      avg_step_tim  epoch         loss          mem_gb        step         
0.6983000000  0.6438956261  0.6596000000  0.6395817995  0.6458000000  0.6430500746  0.0461313534  1562.5000000  0.0830015540  2.0122299194  500          
0.1_acc       0.1_loss      0.5_acc       0.5_loss      0.9_acc       0.9_loss      avg_step_tim  epoch         loss          mem_gb        step         
0.6940000000  0.6341679692  0.6714000000  0.6292706132  0.6602000000  0.6313926578  0.0419715777  1718.7500000  0.0807026327  2.0122299194  550          
0.1_acc       0.1_loss      0.5_acc       0.5_loss      0.9_acc       0.9_loss      avg_step_tim  epoch         loss          mem_gb        step         
0.6989000000  0.6299543977  0.6729000000  0.6279031038  0.6606000000  0.6315237284  0.0388059640  1875.0000000  0.0804284438  2.0122299194  600          
[0.64, 0.64, 0.64, 0.64, 0.64, 0.64, 0.64, 0.64, 0.64, 0.64, 0.63] [0.68, 0.68, 0.67, 0.66, 0.66, 0.66, 0.66, 0.66, 0.66, 0.66, 0.66]

final accuracies:
0.0    0.1    0.2    0.3    0.4    0.5    0.6    0.7    0.8    0.9    1.0   
0.700  0.707  0.700  0.685  0.684  0.680  0.676  0.672  0.669  0.660  0.662 
[0.64, 0.64, 0.64, 0.64, 0.64, 0.64, 0.64, 0.64, 0.64, 0.64, 0.63] [0.68, 0.68, 0.67, 0.66, 0.66, 0.66, 0.66, 0.66, 0.66, 0.66, 0.66]

best accuracies:
0.0    0.1    0.2    0.3    0.4    0.5    0.6    0.7    0.8    0.9    1.0   
0.700  0.707  0.700  0.685  0.684  0.680  0.676  0.672  0.669  0.660  0.662 
Args:
	algorithm: erm
	alpha: 0.4
	batch_size: 25000
	data_dir: ..\data
	deterministic: False
	dropout_p: 0.2
	erm_pretrain_iters: 0
	eval_freq: 50
	exp_name: domain_stress
	full_resolution: False
	groupdro_eta: 1.0
	loss_fn: nll
	lr: 0.0001
	lr_cos_sched: False
	lr_factor_reduction: 1
	mlp_hidden_dim: 390
	n_workers: 0
	network: FiLMedMLP
	other_arg: default
	output_dir: ..\results\cmnist_exp
	penalty_weight: 1000
	save_ckpts: False
	seed: 2
	steps: 600
	test_env_ms: 0.9
	test_envs: 0.1,0.5,0.9
	train_env_ps: (0.01, 0.12, 0.5, 0.99)
	train_env_size_mode: random
	train_env_sizes: 2000,2000,2000,2000
	train_env_sizes_parsed: (2000, 2000, 2000, 2000)
	train_envs: 0.01,0.12,0.5,0.99
	weight_decay: 0
Train environment sample counts: [2000, 2000, 2000, 2000]
0.1_acc       0.1_loss      0.5_acc       0.5_loss      0.9_acc       0.9_loss      avg_step_tim  epoch         loss          mem_gb        step         
0.7844000000  0.5202153325  0.6139000000  0.6595268250  0.4485000000  0.7994384170  0.0619176674  625.00000000  0.6270637512  0.1690945625  50           
0.1_acc       0.1_loss      0.5_acc       0.5_loss      0.9_acc       0.9_loss      avg_step_tim  epoch         loss          mem_gb        step         
0.7615000000  0.5043650270  0.6649000000  0.6357433200  0.5713000000  0.7667853236  0.0278737164  1250.0000000  0.5810419917  0.1690945625  100          
0.1_acc       0.1_loss      0.5_acc       0.5_loss      0.9_acc       0.9_loss      avg_step_tim  epoch         loss          mem_gb        step         
0.7624000000  0.5035874844  0.6796000000  0.6371318698  0.6041000000  0.7670150995  0.0202244743  1875.0000000  0.5325990319  0.1690945625  150          
0.1_acc       0.1_loss      0.5_acc       0.5_loss      0.9_acc       0.9_loss      avg_step_tim  epoch         loss          mem_gb        step         
0.7588000000  0.5154368281  0.6781000000  0.6583697796  0.6093000000  0.7964906096  0.0160377204  2500.0000000  0.4800010324  0.1690945625  200          
0.1_acc       0.1_loss      0.5_acc       0.5_loss      0.9_acc       0.9_loss      avg_step_tim  epoch         loss          mem_gb        step         
0.7521000000  0.5424795151  0.6723000000  0.6999806166  0.5946000000  0.8541241288  0.0153569527  3125.0000000  0.4183420539  0.1690945625  250          
0.1_acc       0.1_loss      0.5_acc       0.5_loss      0.9_acc       0.9_loss      avg_step_tim  epoch         loss          mem_gb        step         
0.7408000000  0.5796365738  0.6624000000  0.7589451075  0.5836000000  0.9382772446  0.0148050610  3750.0000000  0.3635662198  0.1690945625  300          
0.1_acc       0.1_loss      0.5_acc       0.5_loss      0.9_acc       0.9_loss      avg_step_tim  epoch         loss          mem_gb        step         
0.7236000000  0.6470272541  0.6579000000  0.8136364818  0.5952000000  0.9875701070  0.0126529421  4375.0000000  0.3065050840  0.1690945625  350          
0.1_acc       0.1_loss      0.5_acc       0.5_loss      0.9_acc       0.9_loss      avg_step_tim  epoch         loss          mem_gb        step         
0.7288000000  0.6667351127  0.6532000000  0.8970542550  0.5729000000  1.1373111010  0.0094374090  5000.0000000  0.2636712193  0.1690945625  400          
0.1_acc       0.1_loss      0.5_acc       0.5_loss      0.9_acc       0.9_loss      avg_step_tim  epoch         loss          mem_gb        step         
0.7199000000  0.7280325890  0.6519000000  0.9648339748  0.5757000000  1.2177010775  0.0073066473  5625.0000000  0.2282730788  0.1690945625  450          
0.1_acc       0.1_loss      0.5_acc       0.5_loss      0.9_acc       0.9_loss      avg_step_tim  epoch         loss          mem_gb        step         
0.7184000000  0.7839296460  0.6495000000  1.0363798141  0.5786000000  1.3082422018  0.0063036752  6250.0000000  0.1938502938  0.1690945625  500          
0.1_acc       0.1_loss      0.5_acc       0.5_loss      0.9_acc       0.9_loss      avg_step_tim  epoch         loss          mem_gb        step         
0.7210000000  0.8151469231  0.6486000000  1.1096915007  0.5692000000  1.4291393757  0.0056813197  6875.0000000  0.1603058577  0.1690945625  550          
0.1_acc       0.1_loss      0.5_acc       0.5_loss      0.9_acc       0.9_loss      avg_step_tim  epoch         loss          mem_gb        step         
0.7204000000  0.8675439358  0.6484000000  1.1739265919  0.5667000000  1.5136071444  0.0051063613  7500.0000000  0.1547287107  0.1690945625  600          
[1.18, 1.21, 1.25, 1.29, 1.33, 1.37, 1.4, 1.43, 1.47, 1.49, 1.5]

final accuracies:
0.0    0.1    0.2    0.3    0.4    0.5    0.6    0.7    0.8    0.9    1.0   
0.731  0.718  0.707  0.681  0.663  0.636  0.620  0.605  0.588  0.565  0.561 
[0.66, 0.67, 0.69, 0.71, 0.73, 0.74, 0.76, 0.78, 0.79, 0.8, 0.81]

best accuracies:
0.0    0.1    0.2    0.3    0.4    0.5    0.6    0.7    0.8    0.9    1.0   
0.761  0.753  0.740  0.716  0.703  0.678  0.667  0.643  0.627  0.606  0.602 
Args:
	algorithm: irm
	alpha: 0.4
	batch_size: 25000
	data_dir: ..\data
	deterministic: False
	dropout_p: 0.2
	erm_pretrain_iters: 400
	eval_freq: 50
	exp_name: domain_stress
	full_resolution: False
	groupdro_eta: 1.0
	loss_fn: nll
	lr: 0.0001
	lr_cos_sched: True
	lr_factor_reduction: 1
	mlp_hidden_dim: 390
	n_workers: 0
	network: FiLMedMLP
	other_arg: default
	output_dir: ..\results\cmnist_exp
	penalty_weight: 1000.0
	save_ckpts: True
	seed: 2
	steps: 600
	test_env_ms: 0.9
	test_envs: 0.1,0.5,0.9
	train_env_ps: (0.01, 0.12, 0.5, 0.99)
	train_env_size_mode: random
	train_env_sizes: 2000,2000,2000,2000
	train_env_sizes_parsed: (2000, 2000, 2000, 2000)
	train_envs: 0.01,0.12,0.5,0.99
	weight_decay: 0
Train environment sample counts: [2000, 2000, 2000, 2000]
train_sandbox.py:189: FutureWarning: You are using `torch.load` with `weights_only=False` (the current default value), which uses the default pickle module implicitly. It is possible to construct malicious pickle data which will execute arbitrary code during unpickling (See https://github.com/pytorch/pytorch/blob/main/SECURITY.md#untrusted-models for more details). In a future release, the default value for `weights_only` will be flipped to `True`. This limits the functions that could be executed during unpickling. Arbitrary objects will no longer be allowed to be loaded via this mode unless they are explicitly allowlisted by the user via `torch.serialization.add_safe_globals`. We recommend you start setting `weights_only=True` for any use case where you don't have full control of the loaded file. Please open an issue on GitHub for any issues related to this experimental feature.
  algorithm.load_state_dict(torch.load(erm_ckpt_pth, map_location=device), strict=False)
ERM-pretrained model loaded: 25125c577371c2eccac6776cb9bbbb8c.
0.1_acc       0.1_loss      0.5_acc       0.5_loss      0.9_acc       0.9_loss      avg_step_tim  epoch         erm_loss      loss          mem_gb        penalty       step         
0.7141000000  0.7538247108  0.6589000000  0.9438562989  0.6016000000  1.1452561617  0.0062791522  5625.0000000  0.2751577795  0.0003738054  0.1690993309  0.0000986476  450          
0.1_acc       0.1_loss      0.5_acc       0.5_loss      0.9_acc       0.9_loss      avg_step_tim  epoch         erm_loss      loss          mem_gb        penalty       step         
0.7101000000  0.7714033127  0.6644000000  0.9351105094  0.6150000000  1.1084134579  0.0053745842  6250.0000000  0.2821175754  0.0003702789  0.1690993309  0.0000881613  500          
0.1_acc       0.1_loss      0.5_acc       0.5_loss      0.9_acc       0.9_loss      avg_step_tim  epoch         erm_loss      loss          mem_gb        penalty       step         
0.7172000000  0.7605523467  0.6631000000  0.9486882687  0.6060000000  1.1480615139  0.0054447833  6875.0000000  0.2755144238  0.0004501743  0.1690993309  0.0001746598  550          
0.1_acc       0.1_loss      0.5_acc       0.5_loss      0.9_acc       0.9_loss      avg_step_tim  epoch         erm_loss      loss          mem_gb        penalty       step         
0.7136000000  0.7703323960  0.6643000000  0.9426002502  0.6130000000  1.1252750158  0.0055589386  7500.0000000  0.2652845979  0.0004029445  0.1690993309  0.0001376598  600          
[0.94, 0.96, 0.98, 1.0, 1.02, 1.04, 1.06, 1.08, 1.1, 1.12, 1.12]

final accuracies:
0.0    0.1    0.2    0.3    0.4    0.5    0.6    0.7    0.8    0.9    1.0   
0.716  0.710  0.703  0.692  0.679  0.669  0.653  0.635  0.636  0.617  0.610 
[0.94, 0.95, 0.97, 0.99, 1.01, 1.03, 1.05, 1.07, 1.08, 1.1, 1.11]

best accuracies:
0.0    0.1    0.2    0.3    0.4    0.5    0.6    0.7    0.8    0.9    1.0   
0.711  0.704  0.700  0.689  0.677  0.669  0.653  0.635  0.638  0.619  0.613 
Args:
	algorithm: groupdro
	alpha: 0.4
	batch_size: 25000
	data_dir: ..\data
	deterministic: False
	dropout_p: 0.2
	erm_pretrain_iters: 400
	eval_freq: 50
	exp_name: domain_stress
	full_resolution: False
	groupdro_eta: 0.1
	loss_fn: nll
	lr: 0.0001
	lr_cos_sched: True
	lr_factor_reduction: 1
	mlp_hidden_dim: 390
	n_workers: 0
	network: FiLMedMLP
	other_arg: default
	output_dir: ..\results\cmnist_exp
	penalty_weight: 1000
	save_ckpts: True
	seed: 2
	steps: 1000
	test_env_ms: 0.9
	test_envs: 0.1,0.5,0.9
	train_env_ps: (0.01, 0.12, 0.5, 0.99)
	train_env_size_mode: random
	train_env_sizes: 2000,2000,2000,2000
	train_env_sizes_parsed: (2000, 2000, 2000, 2000)
	train_envs: 0.01,0.12,0.5,0.99
	weight_decay: 0
Train environment sample counts: [2000, 2000, 2000, 2000]
train_sandbox.py:189: FutureWarning: You are using `torch.load` with `weights_only=False` (the current default value), which uses the default pickle module implicitly. It is possible to construct malicious pickle data which will execute arbitrary code during unpickling (See https://github.com/pytorch/pytorch/blob/main/SECURITY.md#untrusted-models for more details). In a future release, the default value for `weights_only` will be flipped to `True`. This limits the functions that could be executed during unpickling. Arbitrary objects will no longer be allowed to be loaded via this mode unless they are explicitly allowlisted by the user via `torch.serialization.add_safe_globals`. We recommend you start setting `weights_only=True` for any use case where you don't have full control of the loaded file. Please open an issue on GitHub for any issues related to this experimental feature.
  algorithm.load_state_dict(torch.load(erm_ckpt_pth, map_location=device), strict=False)
ERM-pretrained model loaded: 25125c577371c2eccac6776cb9bbbb8c.
0.1_acc       0.1_loss      0.5_acc       0.5_loss      0.9_acc       0.9_loss      avg_step_tim  epoch         loss          mem_gb        step         
0.7148000000  0.7440776229  0.6542000000  0.9483193159  0.5897000000  1.1660468578  0.0059481838  5625.0000000  0.2442443222  0.1395421028  450          
0.1_acc       0.1_loss      0.5_acc       0.5_loss      0.9_acc       0.9_loss      avg_step_tim  epoch         loss          mem_gb        step         
0.7022000000  0.8182648420  0.6535000000  0.9930230379  0.6008000000  1.1820808649  0.0050848279  6250.0000000  0.2126313895  0.1395425797  500          
0.1_acc       0.1_loss      0.5_acc       0.5_loss      0.9_acc       0.9_loss      avg_step_tim  epoch         loss          mem_gb        step         
0.7009000000  0.8572094440  0.6537000000  1.0358581543  0.6006000000  1.2327364683  0.0051717160  6875.0000000  0.2050963044  0.1395425797  550          
0.1_acc       0.1_loss      0.5_acc       0.5_loss      0.9_acc       0.9_loss      avg_step_tim  epoch         loss          mem_gb        step         
0.7030000000  0.8827322125  0.6545000000  1.0811941624  0.5985000000  1.3010805845  0.0050768181  7500.0000000  0.1797028333  0.1395425797  600          
0.1_acc       0.1_loss      0.5_acc       0.5_loss      0.9_acc       0.9_loss      avg_step_tim  epoch         loss          mem_gb        step         
0.7003000000  0.9130820036  0.6533000000  1.1176121235  0.5990000000  1.3455847502  0.0048071770  8125.0000000  0.1631831825  0.1395425797  650          
0.1_acc       0.1_loss      0.5_acc       0.5_loss      0.9_acc       0.9_loss      avg_step_tim  epoch         loss          mem_gb        step         
0.7051000000  0.9208597541  0.6519000000  1.1499193907  0.5932000000  1.4048041105  0.0044215921  8750.0000000  0.1517304927  0.1395425797  700          
0.1_acc       0.1_loss      0.5_acc       0.5_loss      0.9_acc       0.9_loss      avg_step_tim  epoch         loss          mem_gb        step         
0.7049000000  0.9425976276  0.6506000000  1.1762738228  0.5919000000  1.4342589378  0.0041946808  9375.0000000  0.1458230913  0.1395425797  750          
0.1_acc       0.1_loss      0.5_acc       0.5_loss      0.9_acc       0.9_loss      avg_step_tim  epoch         loss          mem_gb        step         
0.7026000000  0.9567423463  0.6514000000  1.1934114695  0.5931000000  1.4578890800  0.0039334774  10000.000000  0.1433967650  0.1395425797  800          
0.1_acc       0.1_loss      0.5_acc       0.5_loss      0.9_acc       0.9_loss      avg_step_tim  epoch         loss          mem_gb        step         
0.7038000000  0.9625743628  0.6511000000  1.2044386864  0.5931000000  1.4730266333  0.0038089834  10625.000000  0.1355696917  0.1395425797  850          
0.1_acc       0.1_loss      0.5_acc       0.5_loss      0.9_acc       0.9_loss      avg_step_tim  epoch         loss          mem_gb        step         
0.7033000000  0.9688932300  0.6513000000  1.2099801302  0.5930000000  1.4791017771  0.0034765032  11250.000000  0.1359479278  0.1395425797  900          
0.1_acc       0.1_loss      0.5_acc       0.5_loss      0.9_acc       0.9_loss      avg_step_tim  epoch         loss          mem_gb        step         
0.7043000000  0.9658590555  0.6502000000  1.2141376734  0.5912000000  1.4905653000  0.0032527848  11875.000000  0.1456183046  0.1395425797  950          
0.1_acc       0.1_loss      0.5_acc       0.5_loss      0.9_acc       0.9_loss      avg_step_tim  epoch         loss          mem_gb        step         
0.7045000000  0.9660164714  0.6502000000  1.2146568298  0.5912000000  1.4916169643  0.0031045570  12500.000000  0.1411549151  0.1395425797  1000         
[1.21, 1.24, 1.27, 1.3, 1.33, 1.36, 1.39, 1.41, 1.44, 1.46, 1.46]

final accuracies:
0.0    0.1    0.2    0.3    0.4    0.5    0.6    0.7    0.8    0.9    1.0   
0.711  0.702  0.694  0.675  0.662  0.640  0.629  0.619  0.605  0.590  0.590 
[0.99, 1.01, 1.03, 1.05, 1.07, 1.1, 1.11, 1.13, 1.15, 1.16, 1.16]

best accuracies:
0.0    0.1    0.2    0.3    0.4    0.5    0.6    0.7    0.8    0.9    1.0   
0.708  0.700  0.691  0.676  0.667  0.646  0.636  0.627  0.615  0.604  0.604 
Args:
	algorithm: iro
	alpha: 0.4
	batch_size: 25000
	data_dir: ..\data
	deterministic: False
	dropout_p: 0.2
	erm_pretrain_iters: 400
	eval_freq: 50
	exp_name: domain_stress
	full_resolution: False
	groupdro_eta: 1.0
	loss_fn: nll
	lr: 0.0001
	lr_cos_sched: True
	lr_factor_reduction: 1
	mlp_hidden_dim: 390
	n_workers: 0
	network: FiLMedMLP
	other_arg: default
	output_dir: ..\results\cmnist_exp
	penalty_weight: 1000
	save_ckpts: True
	seed: 2
	steps: 600
	test_env_ms: 0.9
	test_envs: 0.1,0.5,0.9
	train_env_ps: (0.01, 0.12, 0.5, 0.99)
	train_env_size_mode: random
	train_env_sizes: 2000,2000,2000,2000
	train_env_sizes_parsed: (2000, 2000, 2000, 2000)
	train_envs: 0.01,0.12,0.5,0.99
	weight_decay: 0
Train environment sample counts: [2000, 2000, 2000, 2000]
train_sandbox.py:189: FutureWarning: You are using `torch.load` with `weights_only=False` (the current default value), which uses the default pickle module implicitly. It is possible to construct malicious pickle data which will execute arbitrary code during unpickling (See https://github.com/pytorch/pytorch/blob/main/SECURITY.md#untrusted-models for more details). In a future release, the default value for `weights_only` will be flipped to `True`. This limits the functions that could be executed during unpickling. Arbitrary objects will no longer be allowed to be loaded via this mode unless they are explicitly allowlisted by the user via `torch.serialization.add_safe_globals`. We recommend you start setting `weights_only=True` for any use case where you don't have full control of the loaded file. Please open an issue on GitHub for any issues related to this experimental feature.
  algorithm.load_state_dict(torch.load(erm_ckpt_pth, map_location=device), strict=False)
ERM-pretrained model loaded: 25125c577371c2eccac6776cb9bbbb8c.
0.1_acc       0.1_loss      0.5_acc       0.5_loss      0.9_acc       0.9_loss      avg_step_tim  epoch         loss          mem_gb        step         
0.6904000000  0.6584156752  0.6455000000  0.6496450305  0.6058000000  0.6623703241  0.0460748291  5625.0000000  0.1000452936  1.3667187691  450          
0.1_acc       0.1_loss      0.5_acc       0.5_loss      0.9_acc       0.9_loss      avg_step_tim  epoch         loss          mem_gb        step         
0.6998000000  0.6269955635  0.6735000000  0.6263685822  0.6451000000  0.6452813148  0.0418343463  6250.0000000  0.0905593112  1.3667187691  500          
0.1_acc       0.1_loss      0.5_acc       0.5_loss      0.9_acc       0.9_loss      avg_step_tim  epoch         loss          mem_gb        step         
0.7039000000  0.6143053770  0.6797000000  0.6224864125  0.6505000000  0.6477821469  0.0374400793  6875.0000000  0.0859998018  1.3667187691  550          
0.1_acc       0.1_loss      0.5_acc       0.5_loss      0.9_acc       0.9_loss      avg_step_tim  epoch         loss          mem_gb        step         
0.7030000000  0.6148803830  0.6813000000  0.6222404838  0.6529000000  0.6454650164  0.0342286038  7500.0000000  0.0849031284  1.3667187691  600          
[0.63, 0.63, 0.63, 0.64, 0.64, 0.64, 0.64, 0.64, 0.64, 0.65, 0.65] [0.67, 0.67, 0.66, 0.66, 0.65, 0.65, 0.65, 0.65, 0.65, 0.66, 0.66]

final accuracies:
0.0    0.1    0.2    0.3    0.4    0.5    0.6    0.7    0.8    0.9    1.0   
0.708  0.701  0.697  0.689  0.685  0.676  0.676  0.664  0.661  0.657  0.655 
[0.63, 0.63, 0.63, 0.64, 0.64, 0.64, 0.64, 0.64, 0.64, 0.65, 0.65] [0.67, 0.67, 0.66, 0.66, 0.65, 0.65, 0.65, 0.65, 0.65, 0.66, 0.66]

best accuracies:
0.0    0.1    0.2    0.3    0.4    0.5    0.6    0.7    0.8    0.9    1.0   
0.708  0.701  0.697  0.689  0.685  0.676  0.676  0.664  0.661  0.657  0.655 
Args:
	algorithm: inftask
	alpha: 0.4
	batch_size: 25000
	data_dir: ..\data
	deterministic: False
	dropout_p: 0.2
	erm_pretrain_iters: 400
	eval_freq: 50
	exp_name: domain_stress
	full_resolution: False
	groupdro_eta: 1.0
	loss_fn: nll
	lr: 0.0001
	lr_cos_sched: True
	lr_factor_reduction: 1
	mlp_hidden_dim: 390
	n_workers: 0
	network: FiLMedMLP
	other_arg: default
	output_dir: ..\results\cmnist_exp
	penalty_weight: 1000
	save_ckpts: True
	seed: 2
	steps: 600
	test_env_ms: 0.9
	test_envs: 0.1,0.5,0.9
	train_env_ps: (0.01, 0.12, 0.5, 0.99)
	train_env_size_mode: random
	train_env_sizes: 2000,2000,2000,2000
	train_env_sizes_parsed: (2000, 2000, 2000, 2000)
	train_envs: 0.01,0.12,0.5,0.99
	weight_decay: 0
Train environment sample counts: [2000, 2000, 2000, 2000]
train_sandbox.py:189: FutureWarning: You are using `torch.load` with `weights_only=False` (the current default value), which uses the default pickle module implicitly. It is possible to construct malicious pickle data which will execute arbitrary code during unpickling (See https://github.com/pytorch/pytorch/blob/main/SECURITY.md#untrusted-models for more details). In a future release, the default value for `weights_only` will be flipped to `True`. This limits the functions that could be executed during unpickling. Arbitrary objects will no longer be allowed to be loaded via this mode unless they are explicitly allowlisted by the user via `torch.serialization.add_safe_globals`. We recommend you start setting `weights_only=True` for any use case where you don't have full control of the loaded file. Please open an issue on GitHub for any issues related to this experimental feature.
  algorithm.load_state_dict(torch.load(erm_ckpt_pth, map_location=device), strict=False)
ERM-pretrained model loaded: 25125c577371c2eccac6776cb9bbbb8c.
0.1_acc       0.1_loss      0.5_acc       0.5_loss      0.9_acc       0.9_loss      avg_step_tim  epoch         loss          mem_gb        step         
0.7212000000  0.6575691104  0.6354000000  0.6569723487  0.5829000000  0.6719810963  0.0144879797  5625.0000000  0.1636289060  0.5484056473  450          
0.1_acc       0.1_loss      0.5_acc       0.5_loss      0.9_acc       0.9_loss      avg_step_tim  epoch         loss          mem_gb        step         
0.7051000000  0.6310811043  0.6711000000  0.6299697161  0.6384000000  0.6489484310  0.0129679623  6250.0000000  0.1490551680  0.5484056473  500          
0.1_acc       0.1_loss      0.5_acc       0.5_loss      0.9_acc       0.9_loss      avg_step_tim  epoch         loss          mem_gb        step         
0.6970000000  0.6238824129  0.6768000000  0.6239529252  0.6483000000  0.6440608501  0.0115829346  6875.0000000  0.1405187249  0.5484056473  550          
0.1_acc       0.1_loss      0.5_acc       0.5_loss      0.9_acc       0.9_loss      avg_step_tim  epoch         loss          mem_gb        step         
0.6995000000  0.6200963855  0.6776000000  0.6235625744  0.6461000000  0.6468436122  0.0107382345  7500.0000000  0.1393288821  0.5484056473  600          
[0.64, 0.64, 0.64, 0.64, 0.64, 0.64, 0.64, 0.64, 0.64, 0.65, 0.65] [0.67, 0.66, 0.66, 0.65, 0.65, 0.65, 0.65, 0.64, 0.64, 0.65, 0.65]

final accuracies:
0.0    0.1    0.2    0.3    0.4    0.5    0.6    0.7    0.8    0.9    1.0   
0.705  0.704  0.698  0.690  0.681  0.680  0.663  0.659  0.660  0.648  0.650 
[0.64, 0.64, 0.64, 0.64, 0.64, 0.64, 0.64, 0.64, 0.64, 0.64, 0.65] [0.67, 0.66, 0.66, 0.65, 0.65, 0.65, 0.65, 0.65, 0.65, 0.65, 0.65]

best accuracies:
0.0    0.1    0.2    0.3    0.4    0.5    0.6    0.7    0.8    0.9    1.0   
0.701  0.699  0.695  0.690  0.679  0.678  0.663  0.660  0.661  0.651  0.652 
Args:
	algorithm: erm
	alpha: 0.4
	batch_size: 25000
	data_dir: ..\data
	deterministic: False
	dropout_p: 0.2
	erm_pretrain_iters: 0
	eval_freq: 50
	exp_name: domain_stress
	full_resolution: False
	groupdro_eta: 1.0
	loss_fn: nll
	lr: 0.0001
	lr_cos_sched: False
	lr_factor_reduction: 1
	mlp_hidden_dim: 390
	n_workers: 0
	network: FiLMedMLP
	other_arg: default
	output_dir: ..\results\cmnist_exp
	penalty_weight: 1000
	save_ckpts: False
	seed: 2
	steps: 600
	test_env_ms: 0.9
	test_envs: 0.1,0.5,0.9
	train_env_ps: (0.01, 0.12, 0.5, 0.99)
	train_env_size_mode: random
	train_env_sizes: 2000,2000,2000,4000
	train_env_sizes_parsed: (2000, 2000, 2000, 4000)
	train_envs: 0.01,0.12,0.5,0.99
	weight_decay: 0
Train environment sample counts: [2000, 2000, 2000, 4000]
0.1_acc       0.1_loss      0.5_acc       0.5_loss      0.9_acc       0.9_loss      avg_step_tim  epoch         loss          mem_gb        step         
0.6249000000  0.6709871888  0.6542000000  0.6346882582  0.6807000000  0.5974307656  0.0683640099  500.00000000  0.6333572865  0.1948385239  50           
0.1_acc       0.1_loss      0.5_acc       0.5_loss      0.9_acc       0.9_loss      avg_step_tim  epoch         loss          mem_gb        step         
0.6777000000  0.6489620805  0.6900000000  0.6151922345  0.7064000000  0.5795156956  0.0336110473  1000.0000000  0.5880257487  0.1948385239  100          
0.1_acc       0.1_loss      0.5_acc       0.5_loss      0.9_acc       0.9_loss      avg_step_tim  epoch         loss          mem_gb        step         
0.6922000000  0.6485226154  0.7043000000  0.6176292896  0.7122000000  0.5827940106  0.0257663250  1500.0000000  0.5466049314  0.1948385239  150          
0.1_acc       0.1_loss      0.5_acc       0.5_loss      0.9_acc       0.9_loss      avg_step_tim  epoch         loss          mem_gb        step         
0.6858000000  0.6747802496  0.7012000000  0.6355316639  0.7143000000  0.5936297178  0.0212178993  2000.0000000  0.5050866604  0.1948385239  200          
0.1_acc       0.1_loss      0.5_acc       0.5_loss      0.9_acc       0.9_loss      avg_step_tim  epoch         loss          mem_gb        step         
0.6801000000  0.7019115686  0.6931000000  0.6666410565  0.6989000000  0.6318978071  0.0167854109  2500.0000000  0.4476502836  0.1948385239  250          
0.1_acc       0.1_loss      0.5_acc       0.5_loss      0.9_acc       0.9_loss      avg_step_tim  epoch         loss          mem_gb        step         
0.6673000000  0.7490947843  0.6847000000  0.7056860924  0.6914000000  0.6713979244  0.0134509508  3000.0000000  0.3963114917  0.1948385239  300          
0.1_acc       0.1_loss      0.5_acc       0.5_loss      0.9_acc       0.9_loss      avg_step_tim  epoch         loss          mem_gb        step         
0.6620000000  0.7890607119  0.6769000000  0.7542037964  0.6808000000  0.7354457974  0.0115779196  3500.0000000  0.3453887999  0.1948385239  350          
0.1_acc       0.1_loss      0.5_acc       0.5_loss      0.9_acc       0.9_loss      avg_step_tim  epoch         loss          mem_gb        step         
0.6506000000  0.8732364774  0.6737000000  0.8096165061  0.6832000000  0.7680760622  0.0102290928  4000.0000000  0.3106208444  0.1948385239  400          
0.1_acc       0.1_loss      0.5_acc       0.5_loss      0.9_acc       0.9_loss      avg_step_tim  epoch         loss          mem_gb        step         
0.6467000000  0.9316725135  0.6704000000  0.8614388704  0.6813000000  0.8183606267  0.0091694811  4500.0000000  0.2719615698  0.1948385239  450          
0.1_acc       0.1_loss      0.5_acc       0.5_loss      0.9_acc       0.9_loss      avg_step_tim  epoch         loss          mem_gb        step         
0.6409000000  0.9946448803  0.6699000000  0.9172461629  0.6775000000  0.8694848418  0.0080690312  5000.0000000  0.2414020449  0.1948385239  500          
0.1_acc       0.1_loss      0.5_acc       0.5_loss      0.9_acc       0.9_loss      avg_step_tim  epoch         loss          mem_gb        step         
0.6440000000  1.0271716118  0.6679000000  0.9640575647  0.6698000000  0.9363962412  0.0074284133  5500.0000000  0.2164208740  0.1948385239  550          
0.1_acc       0.1_loss      0.5_acc       0.5_loss      0.9_acc       0.9_loss      avg_step_tim  epoch         loss          mem_gb        step         
0.6346000000  1.1188958883  0.6650000000  1.0267089605  0.6756000000  0.9728215337  0.0069071408  6000.0000000  0.1867771745  0.1948385239  600          
[1.05, 1.06, 1.07, 1.08, 1.09, 1.1, 1.11, 1.12, 1.13, 1.15, 1.17]

final accuracies:
0.0    0.1    0.2    0.3    0.4    0.5    0.6    0.7    0.8    0.9    1.0   
0.619  0.632  0.640  0.642  0.648  0.652  0.656  0.665  0.667  0.674  0.694 
[0.64, 0.65, 0.65, 0.66, 0.66, 0.67, 0.67, 0.68, 0.69, 0.7, 0.72]

best accuracies:
0.0    0.1    0.2    0.3    0.4    0.5    0.6    0.7    0.8    0.9    1.0   
0.665  0.685  0.686  0.690  0.696  0.691  0.700  0.703  0.706  0.714  0.730 
Args:
	algorithm: irm
	alpha: 0.4
	batch_size: 25000
	data_dir: ..\data
	deterministic: False
	dropout_p: 0.2
	erm_pretrain_iters: 400
	eval_freq: 50
	exp_name: domain_stress
	full_resolution: False
	groupdro_eta: 1.0
	loss_fn: nll
	lr: 0.0001
	lr_cos_sched: True
	lr_factor_reduction: 1
	mlp_hidden_dim: 390
	n_workers: 0
	network: FiLMedMLP
	other_arg: default
	output_dir: ..\results\cmnist_exp
	penalty_weight: 1000.0
	save_ckpts: True
	seed: 2
	steps: 600
	test_env_ms: 0.9
	test_envs: 0.1,0.5,0.9
	train_env_ps: (0.01, 0.12, 0.5, 0.99)
	train_env_size_mode: random
	train_env_sizes: 2000,2000,2000,4000
	train_env_sizes_parsed: (2000, 2000, 2000, 4000)
	train_envs: 0.01,0.12,0.5,0.99
	weight_decay: 0
Train environment sample counts: [2000, 2000, 2000, 4000]
0.1_acc       0.1_loss      0.5_acc       0.5_loss      0.9_acc       0.9_loss      avg_step_tim  epoch         loss          mem_gb        step         
0.6249000000  0.6709871888  0.6542000000  0.6346882582  0.6807000000  0.5974307656  0.0681627846  500.00000000  0.6333572865  0.1948385239  50           
0.1_acc       0.1_loss      0.5_acc       0.5_loss      0.9_acc       0.9_loss      avg_step_tim  epoch         loss          mem_gb        step         
0.6777000000  0.6489620805  0.6900000000  0.6151922345  0.7064000000  0.5795156956  0.0337037444  1000.0000000  0.5880257487  0.1948385239  100          
0.1_acc       0.1_loss      0.5_acc       0.5_loss      0.9_acc       0.9_loss      avg_step_tim  epoch         loss          mem_gb        step         
0.6922000000  0.6485226154  0.7043000000  0.6176292896  0.7122000000  0.5827940106  0.0260826858  1500.0000000  0.5466049314  0.1948385239  150          
0.1_acc       0.1_loss      0.5_acc       0.5_loss      0.9_acc       0.9_loss      avg_step_tim  epoch         loss          mem_gb        step         
0.6858000000  0.6747802496  0.7012000000  0.6355316639  0.7143000000  0.5936297178  0.0204209554  2000.0000000  0.5050866604  0.1948385239  200          
0.1_acc       0.1_loss      0.5_acc       0.5_loss      0.9_acc       0.9_loss      avg_step_tim  epoch         loss          mem_gb        step         
0.6801000000  0.7019115686  0.6931000000  0.6666410565  0.6989000000  0.6318978071  0.0162427540  2500.0000000  0.4476502836  0.1948385239  250          
0.1_acc       0.1_loss      0.5_acc       0.5_loss      0.9_acc       0.9_loss      avg_step_tim  epoch         loss          mem_gb        step         
0.6673000000  0.7490947843  0.6847000000  0.7056860924  0.6914000000  0.6713979244  0.0135907133  3000.0000000  0.3963114917  0.1948385239  300          
0.1_acc       0.1_loss      0.5_acc       0.5_loss      0.9_acc       0.9_loss      avg_step_tim  epoch         loss          mem_gb        step         
0.6620000000  0.7890607119  0.6769000000  0.7542037964  0.6808000000  0.7354457974  0.0114470938  3500.0000000  0.3453887999  0.1948385239  350          
0.1_acc       0.1_loss      0.5_acc       0.5_loss      0.9_acc       0.9_loss      avg_step_tim  epoch         loss          mem_gb        step         
0.6506000000  0.8732364774  0.6737000000  0.8096165061  0.6832000000  0.7680760622  0.0102289629  4000.0000000  0.3106208444  0.1948385239  400          
Saved ERM-pretrained model.
0.1_acc       0.1_loss      0.5_acc       0.5_loss      0.9_acc       0.9_loss      avg_step_tim  epoch         erm_loss      loss          mem_gb        penalty       step         
0.6575000000  0.8785376549  0.6732000000  0.8436350226  0.6740000000  0.8305422664  0.0094281440  4500.0000000  0.3224417567  0.0003601640  0.1948432922  0.0000377222  450          
0.1_acc       0.1_loss      0.5_acc       0.5_loss      0.9_acc       0.9_loss      avg_step_tim  epoch         erm_loss      loss          mem_gb        penalty       step         
0.6662000000  0.8760166764  0.6759000000  0.8469581604  0.6762000000  0.8414128423  0.0084421573  5000.0000000  0.3171831071  0.0003299042  0.1948432922  0.0000127211  500          
0.1_acc       0.1_loss      0.5_acc       0.5_loss      0.9_acc       0.9_loss      avg_step_tim  epoch         erm_loss      loss          mem_gb        penalty       step         
0.6713000000  0.8620300293  0.6745000000  0.8475969434  0.6714000000  0.8574923873  0.0077647261  5500.0000000  0.3161607981  0.0003898364  0.1948432922  0.0000736756  550          
0.1_acc       0.1_loss      0.5_acc       0.5_loss      0.9_acc       0.9_loss      avg_step_tim  epoch         erm_loss      loss          mem_gb        penalty       step         
0.6737000000  0.8607921600  0.6760000000  0.8518064022  0.6712000000  0.8670473695  0.0070308316  6000.0000000  0.3082444966  0.0003654894  0.1948432922  0.0000572449  600          
[0.87, 0.87, 0.87, 0.87, 0.88, 0.88, 0.88, 0.88, 0.89, 0.89, 0.9]

final accuracies:
0.0    0.1    0.2    0.3    0.4    0.5    0.6    0.7    0.8    0.9    1.0   
0.660  0.670  0.671  0.669  0.673  0.668  0.667  0.674  0.668  0.672  0.684 
[0.64, 0.65, 0.65, 0.66, 0.66, 0.67, 0.67, 0.68, 0.69, 0.7, 0.72]

best accuracies:
0.0    0.1    0.2    0.3    0.4    0.5    0.6    0.7    0.8    0.9    1.0   
0.665  0.685  0.686  0.690  0.696  0.691  0.700  0.703  0.706  0.714  0.730 
Args:
	algorithm: groupdro
	alpha: 0.4
	batch_size: 25000
	data_dir: ..\data
	deterministic: False
	dropout_p: 0.2
	erm_pretrain_iters: 400
	eval_freq: 50
	exp_name: domain_stress
	full_resolution: False
	groupdro_eta: 0.1
	loss_fn: nll
	lr: 0.0001
	lr_cos_sched: True
	lr_factor_reduction: 1
	mlp_hidden_dim: 390
	n_workers: 0
	network: FiLMedMLP
	other_arg: default
	output_dir: ..\results\cmnist_exp
	penalty_weight: 1000
	save_ckpts: True
	seed: 2
	steps: 1000
	test_env_ms: 0.9
	test_envs: 0.1,0.5,0.9
	train_env_ps: (0.01, 0.12, 0.5, 0.99)
	train_env_size_mode: random
	train_env_sizes: 2000,2000,2000,4000
	train_env_sizes_parsed: (2000, 2000, 2000, 4000)
	train_envs: 0.01,0.12,0.5,0.99
	weight_decay: 0
Train environment sample counts: [2000, 2000, 2000, 4000]
train_sandbox.py:189: FutureWarning: You are using `torch.load` with `weights_only=False` (the current default value), which uses the default pickle module implicitly. It is possible to construct malicious pickle data which will execute arbitrary code during unpickling (See https://github.com/pytorch/pytorch/blob/main/SECURITY.md#untrusted-models for more details). In a future release, the default value for `weights_only` will be flipped to `True`. This limits the functions that could be executed during unpickling. Arbitrary objects will no longer be allowed to be loaded via this mode unless they are explicitly allowlisted by the user via `torch.serialization.add_safe_globals`. We recommend you start setting `weights_only=True` for any use case where you don't have full control of the loaded file. Please open an issue on GitHub for any issues related to this experimental feature.
  algorithm.load_state_dict(torch.load(erm_ckpt_pth, map_location=device), strict=False)
ERM-pretrained model loaded: 97bdd675254cac26fc16830be20ca82c.
0.1_acc       0.1_loss      0.5_acc       0.5_loss      0.9_acc       0.9_loss      avg_step_tim  epoch         loss          mem_gb        step         
0.6742000000  0.8334771395  0.6702000000  0.8434196115  0.6549000000  0.8818359375  0.0076902591  4500.0000000  0.2794575095  0.1638736725  450          
0.1_acc       0.1_loss      0.5_acc       0.5_loss      0.9_acc       0.9_loss      avg_step_tim  epoch         loss          mem_gb        step         
0.6576000000  0.9058948755  0.6676000000  0.8760408759  0.6667000000  0.8764808178  0.0068046336  5000.0000000  0.2733651400  0.1638741493  500          
0.1_acc       0.1_loss      0.5_acc       0.5_loss      0.9_acc       0.9_loss      avg_step_tim  epoch         loss          mem_gb        step         
0.6550000000  0.9480360150  0.6692000000  0.9067453146  0.6664000000  0.9006171823  0.0071711102  5500.0000000  0.2505210340  0.1638741493  550          
0.1_acc       0.1_loss      0.5_acc       0.5_loss      0.9_acc       0.9_loss      avg_step_tim  epoch         loss          mem_gb        step         
0.6530000000  0.9791777134  0.6685000000  0.9387398958  0.6651000000  0.9350402951  0.0068721334  6000.0000000  0.2343853116  0.1638741493  600          
0.1_acc       0.1_loss      0.5_acc       0.5_loss      0.9_acc       0.9_loss      avg_step_tim  epoch         loss          mem_gb        step         
0.6467000000  1.0274825096  0.6672000000  0.9678331017  0.6698000000  0.9449524879  0.0062921381  6500.0000000  0.2192824781  0.1638741493  650          
0.1_acc       0.1_loss      0.5_acc       0.5_loss      0.9_acc       0.9_loss      avg_step_tim  epoch         loss          mem_gb        step         
0.6461000000  1.0473324060  0.6654000000  0.9873732924  0.6679000000  0.9659790993  0.0059547796  7000.0000000  0.2060658038  0.1638741493  700          
0.1_acc       0.1_loss      0.5_acc       0.5_loss      0.9_acc       0.9_loss      avg_step_tim  epoch         loss          mem_gb        step         
0.6497000000  1.0549175739  0.6662000000  1.0079538822  0.6632000000  1.0030846596  0.0055043163  7500.0000000  0.1999423206  0.1638741493  750          
0.1_acc       0.1_loss      0.5_acc       0.5_loss      0.9_acc       0.9_loss      avg_step_tim  epoch         loss          mem_gb        step         
0.6426000000  1.0849028826  0.6662000000  1.0219943523  0.6669000000  1.0015164614  0.0050457641  8000.0000000  0.1920198351  0.1638741493  800          
0.1_acc       0.1_loss      0.5_acc       0.5_loss      0.9_acc       0.9_loss      avg_step_tim  epoch         loss          mem_gb        step         
0.6472000000  1.0833954811  0.6659000000  1.0302895308  0.6649000000  1.0194244385  0.0047868956  8500.0000000  0.1900351644  0.1638741493  850          
0.1_acc       0.1_loss      0.5_acc       0.5_loss      0.9_acc       0.9_loss      avg_step_tim  epoch         loss          mem_gb        step         
0.6438000000  1.0998226404  0.6642000000  1.0363366604  0.6666000000  1.0152968168  0.0044909329  9000.0000000  0.1857178211  0.1638741493  900          
0.1_acc       0.1_loss      0.5_acc       0.5_loss      0.9_acc       0.9_loss      avg_step_tim  epoch         loss          mem_gb        step         
0.6433000000  1.1024998426  0.6641000000  1.0376555920  0.6666000000  1.0151216984  0.0043427889  9500.0000000  0.1786326021  0.1638741493  950          
0.1_acc       0.1_loss      0.5_acc       0.5_loss      0.9_acc       0.9_loss      avg_step_tim  epoch         loss          mem_gb        step         
0.6439000000  1.1002259254  0.6642000000  1.0376662016  0.6656000000  1.0173952579  0.0040571935  10000.000000  0.1846704632  0.1638741493  1000         
[1.06, 1.07, 1.07, 1.08, 1.09, 1.09, 1.1, 1.1, 1.11, 1.13, 1.14]

final accuracies:
0.0    0.1    0.2    0.3    0.4    0.5    0.6    0.7    0.8    0.9    1.0   
0.633  0.642  0.646  0.647  0.652  0.654  0.653  0.662  0.662  0.666  0.682 
[0.99, 1.0, 1.0, 1.01, 1.01, 1.02, 1.02, 1.03, 1.04, 1.05, 1.07]

best accuracies:
0.0    0.1    0.2    0.3    0.4    0.5    0.6    0.7    0.8    0.9    1.0   
0.634  0.644  0.648  0.650  0.654  0.656  0.656  0.666  0.664  0.667  0.684 
Args:
	algorithm: iro
	alpha: 0.4
	batch_size: 25000
	data_dir: ..\data
	deterministic: False
	dropout_p: 0.2
	erm_pretrain_iters: 400
	eval_freq: 50
	exp_name: domain_stress
	full_resolution: False
	groupdro_eta: 1.0
	loss_fn: nll
	lr: 0.0001
	lr_cos_sched: True
	lr_factor_reduction: 1
	mlp_hidden_dim: 390
	n_workers: 0
	network: FiLMedMLP
	other_arg: default
	output_dir: ..\results\cmnist_exp
	penalty_weight: 1000
	save_ckpts: True
	seed: 2
	steps: 600
	test_env_ms: 0.9
	test_envs: 0.1,0.5,0.9
	train_env_ps: (0.01, 0.12, 0.5, 0.99)
	train_env_size_mode: random
	train_env_sizes: 2000,2000,2000,4000
	train_env_sizes_parsed: (2000, 2000, 2000, 4000)
	train_envs: 0.01,0.12,0.5,0.99
	weight_decay: 0
Train environment sample counts: [2000, 2000, 2000, 4000]
train_sandbox.py:189: FutureWarning: You are using `torch.load` with `weights_only=False` (the current default value), which uses the default pickle module implicitly. It is possible to construct malicious pickle data which will execute arbitrary code during unpickling (See https://github.com/pytorch/pytorch/blob/main/SECURITY.md#untrusted-models for more details). In a future release, the default value for `weights_only` will be flipped to `True`. This limits the functions that could be executed during unpickling. Arbitrary objects will no longer be allowed to be loaded via this mode unless they are explicitly allowlisted by the user via `torch.serialization.add_safe_globals`. We recommend you start setting `weights_only=True` for any use case where you don't have full control of the loaded file. Please open an issue on GitHub for any issues related to this experimental feature.
  algorithm.load_state_dict(torch.load(erm_ckpt_pth, map_location=device), strict=False)
ERM-pretrained model loaded: 97bdd675254cac26fc16830be20ca82c.
0.1_acc       0.1_loss      0.5_acc       0.5_loss      0.9_acc       0.9_loss      avg_step_tim  epoch         loss          mem_gb        step         
0.6809000000  0.6656244993  0.6442000000  0.6500706077  0.6231000000  0.6547651291  0.0562623734  4500.0000000  0.0588868968  1.6982975006  450          
0.1_acc       0.1_loss      0.5_acc       0.5_loss      0.9_acc       0.9_loss      avg_step_tim  epoch         loss          mem_gb        step         
0.6945000000  0.6390875578  0.6754000000  0.6261652708  0.6688000000  0.6245707870  0.0501390171  5000.0000000  0.0535000451  1.6982975006  500          
0.1_acc       0.1_loss      0.5_acc       0.5_loss      0.9_acc       0.9_loss      avg_step_tim  epoch         loss          mem_gb        step         
0.6942000000  0.6319860220  0.6849000000  0.6193902493  0.6780000000  0.6193120480  0.0458789175  5500.0000000  0.0512769036  1.6982975006  550          
0.1_acc       0.1_loss      0.5_acc       0.5_loss      0.9_acc       0.9_loss      avg_step_tim  epoch         loss          mem_gb        step         
0.6972000000  0.6293335557  0.6867000000  0.6185878515  0.6767000000  0.6204494238  0.0420979154  6000.0000000  0.0506006777  1.6982975006  600          
[0.63, 0.63, 0.63, 0.63, 0.63, 0.63, 0.63, 0.63, 0.63, 0.63, 0.63] [0.68, 0.68, 0.68, 0.68, 0.68, 0.68, 0.68, 0.68, 0.68, 0.68, 0.68]

final accuracies:
0.0    0.1    0.2    0.3    0.4    0.5    0.6    0.7    0.8    0.9    1.0   
0.698  0.698  0.697  0.686  0.689  0.680  0.688  0.676  0.677  0.679  0.681 
[0.63, 0.63, 0.63, 0.63, 0.63, 0.63, 0.63, 0.63, 0.63, 0.63, 0.63] [0.68, 0.68, 0.68, 0.68, 0.68, 0.68, 0.68, 0.68, 0.68, 0.68, 0.69]

best accuracies:
0.0    0.1    0.2    0.3    0.4    0.5    0.6    0.7    0.8    0.9    1.0   
0.696  0.695  0.696  0.685  0.688  0.679  0.685  0.675  0.675  0.678  0.680 
Args:
	algorithm: inftask
	alpha: 0.4
	batch_size: 25000
	data_dir: ..\data
	deterministic: False
	dropout_p: 0.2
	erm_pretrain_iters: 400
	eval_freq: 50
	exp_name: domain_stress
	full_resolution: False
	groupdro_eta: 1.0
	loss_fn: nll
	lr: 0.0001
	lr_cos_sched: True
	lr_factor_reduction: 1
	mlp_hidden_dim: 390
	n_workers: 0
	network: FiLMedMLP
	other_arg: default
	output_dir: ..\results\cmnist_exp
	penalty_weight: 1000
	save_ckpts: True
	seed: 2
	steps: 600
	test_env_ms: 0.9
	test_envs: 0.1,0.5,0.9
	train_env_ps: (0.01, 0.12, 0.5, 0.99)
	train_env_size_mode: random
	train_env_sizes: 2000,2000,2000,4000
	train_env_sizes_parsed: (2000, 2000, 2000, 4000)
	train_envs: 0.01,0.12,0.5,0.99
	weight_decay: 0
Train environment sample counts: [2000, 2000, 2000, 4000]
train_sandbox.py:189: FutureWarning: You are using `torch.load` with `weights_only=False` (the current default value), which uses the default pickle module implicitly. It is possible to construct malicious pickle data which will execute arbitrary code during unpickling (See https://github.com/pytorch/pytorch/blob/main/SECURITY.md#untrusted-models for more details). In a future release, the default value for `weights_only` will be flipped to `True`. This limits the functions that could be executed during unpickling. Arbitrary objects will no longer be allowed to be loaded via this mode unless they are explicitly allowlisted by the user via `torch.serialization.add_safe_globals`. We recommend you start setting `weights_only=True` for any use case where you don't have full control of the loaded file. Please open an issue on GitHub for any issues related to this experimental feature.
  algorithm.load_state_dict(torch.load(erm_ckpt_pth, map_location=device), strict=False)
ERM-pretrained model loaded: 97bdd675254cac26fc16830be20ca82c.
0.1_acc       0.1_loss      0.5_acc       0.5_loss      0.9_acc       0.9_loss      avg_step_tim  epoch         loss          mem_gb        step         
0.6743000000  0.6653922796  0.6359000000  0.6560800076  0.6121000000  0.6608157754  0.0184923363  4500.0000000  0.0509118214  0.6866245270  450          
0.1_acc       0.1_loss      0.5_acc       0.5_loss      0.9_acc       0.9_loss      avg_step_tim  epoch         loss          mem_gb        step         
0.6914000000  0.6465609670  0.6687000000  0.6311374307  0.6607000000  0.6304491758  0.0161210160  5000.0000000  0.0469209626  0.6866245270  500          
0.1_acc       0.1_loss      0.5_acc       0.5_loss      0.9_acc       0.9_loss      avg_step_tim  epoch         loss          mem_gb        step         
0.6942000000  0.6360471249  0.6790000000  0.6231812239  0.6687000000  0.6269472837  0.0145598095  5500.0000000  0.0447524600  0.6866245270  550          
0.1_acc       0.1_loss      0.5_acc       0.5_loss      0.9_acc       0.9_loss      avg_step_tim  epoch         loss          mem_gb        step         
0.6958000000  0.6339122057  0.6803000000  0.6221698523  0.6713000000  0.6240967512  0.0136152800  6000.0000000  0.0443619080  0.6866245270  600          
[0.64, 0.63, 0.63, 0.63, 0.63, 0.63, 0.63, 0.63, 0.63, 0.63, 0.63] [0.68, 0.68, 0.68, 0.67, 0.67, 0.67, 0.67, 0.67, 0.67, 0.67, 0.67]

final accuracies:
0.0    0.1    0.2    0.3    0.4    0.5    0.6    0.7    0.8    0.9    1.0   
0.695  0.698  0.695  0.686  0.686  0.678  0.671  0.673  0.676  0.669  0.671 
[0.64, 0.63, 0.63, 0.63, 0.63, 0.63, 0.63, 0.63, 0.63, 0.63, 0.63] [0.68, 0.68, 0.68, 0.67, 0.67, 0.67, 0.67, 0.67, 0.67, 0.67, 0.67]

best accuracies:
0.0    0.1    0.2    0.3    0.4    0.5    0.6    0.7    0.8    0.9    1.0   
0.695  0.698  0.695  0.686  0.686  0.678  0.671  0.673  0.676  0.669  0.671 
Args:
	algorithm: erm
	alpha: 0.4
	batch_size: 25000
	data_dir: ..\data
	deterministic: False
	dropout_p: 0.2
	erm_pretrain_iters: 0
	eval_freq: 50
	exp_name: domain_stress
	full_resolution: False
	groupdro_eta: 1.0
	loss_fn: nll
	lr: 0.0001
	lr_cos_sched: False
	lr_factor_reduction: 1
	mlp_hidden_dim: 390
	n_workers: 0
	network: FiLMedMLP
	other_arg: default
	output_dir: ..\results\cmnist_exp
	penalty_weight: 1000
	save_ckpts: False
	seed: 2
	steps: 600
	test_env_ms: 0.9
	test_envs: 0.1,0.5,0.9
	train_env_ps: (0.01, 0.12, 0.5, 0.99)
	train_env_size_mode: random
	train_env_sizes: 2000,2000,2000,10000
	train_env_sizes_parsed: (2000, 2000, 2000, 10000)
	train_envs: 0.01,0.12,0.5,0.99
	weight_decay: 0
Train environment sample counts: [2000, 2000, 2000, 10000]
0.1_acc       0.1_loss      0.5_acc       0.5_loss      0.9_acc       0.9_loss      avg_step_tim  epoch         loss          mem_gb        step         
0.1337000000  1.0270197392  0.5159000000  0.7275978923  0.8968000000  0.4260568321  0.1158150768  312.50000000  0.5842936039  0.2716751099  50           
0.1_acc       0.1_loss      0.5_acc       0.5_loss      0.9_acc       0.9_loss      avg_step_tim  epoch         loss          mem_gb        step         
0.3338000000  0.9980800748  0.5891000000  0.6993974447  0.8434000000  0.3980914652  0.0652197003  625.00000000  0.5473467708  0.2716751099  100          
0.1_acc       0.1_loss      0.5_acc       0.5_loss      0.9_acc       0.9_loss      avg_step_tim  epoch         loss          mem_gb        step         
0.4210000000  0.9814530015  0.6295000000  0.6877690554  0.8215000000  0.3900811672  0.0442574215  937.50000000  0.5217427015  0.2716751099  150          
0.1_acc       0.1_loss      0.5_acc       0.5_loss      0.9_acc       0.9_loss      avg_step_tim  epoch         loss          mem_gb        step         
0.4597000000  0.9879469275  0.6370000000  0.6911842823  0.8147000000  0.3889550865  0.0329043341  1250.0000000  0.4936968088  0.2716751099  200          
0.1_acc       0.1_loss      0.5_acc       0.5_loss      0.9_acc       0.9_loss      avg_step_tim  epoch         loss          mem_gb        step         
0.4753000000  1.0109013319  0.6416000000  0.7046752572  0.8124000000  0.3926877975  0.0261729918  1562.5000000  0.4678758979  0.2716751099  250          
0.1_acc       0.1_loss      0.5_acc       0.5_loss      0.9_acc       0.9_loss      avg_step_tim  epoch         loss          mem_gb        step         
0.4764000000  1.0531531572  0.6436000000  0.7300074697  0.8083000000  0.4022240043  0.0219404459  1875.0000000  0.4355600774  0.2716751099  300          
0.1_acc       0.1_loss      0.5_acc       0.5_loss      0.9_acc       0.9_loss      avg_step_tim  epoch         loss          mem_gb        step         
0.4703000000  1.1177414656  0.6404000000  0.7669137716  0.8074000000  0.4138297737  0.0191079317  2187.5000000  0.4006957114  0.2716751099  350          
0.1_acc       0.1_loss      0.5_acc       0.5_loss      0.9_acc       0.9_loss      avg_step_tim  epoch         loss          mem_gb        step         
0.4677000000  1.1816116571  0.6344000000  0.8072342873  0.8017000000  0.4351242483  0.0167469585  2500.0000000  0.3635173440  0.2716751099  400          
0.1_acc       0.1_loss      0.5_acc       0.5_loss      0.9_acc       0.9_loss      avg_step_tim  epoch         loss          mem_gb        step         
0.4770000000  1.2458221912  0.6392000000  0.8506477475  0.7949000000  0.4610903561  0.0147733884  2812.5000000  0.3260803819  0.2716751099  450          
0.1_acc       0.1_loss      0.5_acc       0.5_loss      0.9_acc       0.9_loss      avg_step_tim  epoch         loss          mem_gb        step         
0.4647000000  1.3447570801  0.6336000000  0.9089201689  0.7959000000  0.4800322056  0.0137186995  3125.0000000  0.2934256196  0.2716751099  500          
0.1_acc       0.1_loss      0.5_acc       0.5_loss      0.9_acc       0.9_loss      avg_step_tim  epoch         loss          mem_gb        step         
0.4702000000  1.4156560898  0.6356000000  0.9583001733  0.7919000000  0.5105726719  0.0120170112  3437.5000000  0.2739651203  0.2716751099  550          
0.1_acc       0.1_loss      0.5_acc       0.5_loss      0.9_acc       0.9_loss      avg_step_tim  epoch         loss          mem_gb        step         
0.4705000000  1.5028525591  0.6346000000  1.0125285387  0.7891000000  0.5336689353  0.0109706199  3750.0000000  0.2414820939  0.2716751099  600          
[1.02, 1.08, 1.14, 1.2, 1.27, 1.33, 1.38, 1.44, 1.51, 1.58, 1.64]

final accuracies:
0.0    0.1    0.2    0.3    0.4    0.5    0.6    0.7    0.8    0.9    1.0   
0.422  0.468  0.503  0.545  0.582  0.623  0.662  0.706  0.745  0.785  0.840 
[0.73, 0.77, 0.81, 0.85, 0.89, 0.93, 0.97, 1.0, 1.04, 1.08, 1.12]

best accuracies:
0.0    0.1    0.2    0.3    0.4    0.5    0.6    0.7    0.8    0.9    1.0   
0.031  0.129  0.222  0.320  0.404  0.508  0.611  0.706  0.798  0.896  0.991 
Args:
	algorithm: irm
	alpha: 0.4
	batch_size: 25000
	data_dir: ..\data
	deterministic: False
	dropout_p: 0.2
	erm_pretrain_iters: 400
	eval_freq: 50
	exp_name: domain_stress
	full_resolution: False
	groupdro_eta: 1.0
	loss_fn: nll
	lr: 0.0001
	lr_cos_sched: True
	lr_factor_reduction: 1
	mlp_hidden_dim: 390
	n_workers: 0
	network: FiLMedMLP
	other_arg: default
	output_dir: ..\results\cmnist_exp
	penalty_weight: 1000.0
	save_ckpts: True
	seed: 2
	steps: 600
	test_env_ms: 0.9
	test_envs: 0.1,0.5,0.9
	train_env_ps: (0.01, 0.12, 0.5, 0.99)
	train_env_size_mode: random
	train_env_sizes: 2000,2000,2000,10000
	train_env_sizes_parsed: (2000, 2000, 2000, 10000)
	train_envs: 0.01,0.12,0.5,0.99
	weight_decay: 0
Train environment sample counts: [2000, 2000, 2000, 10000]
0.1_acc       0.1_loss      0.5_acc       0.5_loss      0.9_acc       0.9_loss      avg_step_tim  epoch         loss          mem_gb        step         
0.1337000000  1.0270197392  0.5159000000  0.7275978923  0.8968000000  0.4260568321  0.1197028828  312.50000000  0.5842936039  0.2716751099  50           
0.1_acc       0.1_loss      0.5_acc       0.5_loss      0.9_acc       0.9_loss      avg_step_tim  epoch         loss          mem_gb        step         
0.3338000000  0.9980800748  0.5891000000  0.6993974447  0.8434000000  0.3980914652  0.0661818504  625.00000000  0.5473467708  0.2716751099  100          
0.1_acc       0.1_loss      0.5_acc       0.5_loss      0.9_acc       0.9_loss      avg_step_tim  epoch         loss          mem_gb        step         
0.4210000000  0.9814530015  0.6295000000  0.6877690554  0.8215000000  0.3900811672  0.0457909362  937.50000000  0.5217427015  0.2716751099  150          
0.1_acc       0.1_loss      0.5_acc       0.5_loss      0.9_acc       0.9_loss      avg_step_tim  epoch         loss          mem_gb        step         
0.4597000000  0.9879469275  0.6370000000  0.6911842823  0.8147000000  0.3889550865  0.0335048509  1250.0000000  0.4936968088  0.2716751099  200          
0.1_acc       0.1_loss      0.5_acc       0.5_loss      0.9_acc       0.9_loss      avg_step_tim  epoch         loss          mem_gb        step         
0.4753000000  1.0109013319  0.6416000000  0.7046752572  0.8124000000  0.3926877975  0.0265561342  1562.5000000  0.4678758979  0.2716751099  250          
0.1_acc       0.1_loss      0.5_acc       0.5_loss      0.9_acc       0.9_loss      avg_step_tim  epoch         loss          mem_gb        step         
0.4764000000  1.0531531572  0.6436000000  0.7300074697  0.8083000000  0.4022240043  0.0220725878  1875.0000000  0.4355600774  0.2716751099  300          
0.1_acc       0.1_loss      0.5_acc       0.5_loss      0.9_acc       0.9_loss      avg_step_tim  epoch         loss          mem_gb        step         
0.4703000000  1.1177414656  0.6404000000  0.7669137716  0.8074000000  0.4138297737  0.0189330666  2187.5000000  0.4006957114  0.2716751099  350          
0.1_acc       0.1_loss      0.5_acc       0.5_loss      0.9_acc       0.9_loss      avg_step_tim  epoch         loss          mem_gb        step         
0.4677000000  1.1816116571  0.6344000000  0.8072342873  0.8017000000  0.4351242483  0.0164466703  2500.0000000  0.3635173440  0.2716751099  400          
Saved ERM-pretrained model.
0.1_acc       0.1_loss      0.5_acc       0.5_loss      0.9_acc       0.9_loss      avg_step_tim  epoch         erm_loss      loss          mem_gb        penalty       step         
0.6589000000  0.7935850620  0.6817000000  0.7179935575  0.7088000000  0.6392063498  0.0149168730  2812.5000000  0.4126961827  0.0005851504  0.2716798782  0.0001724542  450          
0.1_acc       0.1_loss      0.5_acc       0.5_loss      0.9_acc       0.9_loss      avg_step_tim  epoch         erm_loss      loss          mem_gb        penalty       step         
0.6514000000  0.8095183372  0.6815000000  0.7187497616  0.7150000000  0.6241437197  0.0138147082  3125.0000000  0.4166765809  0.0004474481  0.2716798782  0.0000307715  500          
0.1_acc       0.1_loss      0.5_acc       0.5_loss      0.9_acc       0.9_loss      avg_step_tim  epoch         erm_loss      loss          mem_gb        penalty       step         
0.6486000000  0.8135210872  0.6819000000  0.7195829153  0.7164000000  0.6216962934  0.0122420619  3437.5000000  0.4187633395  0.0004566381  0.2716798782  0.0000378748  550          
0.1_acc       0.1_loss      0.5_acc       0.5_loss      0.9_acc       0.9_loss      avg_step_tim  epoch         erm_loss      loss          mem_gb        penalty       step         
0.6483000000  0.8130084276  0.6827000000  0.7198734879  0.7165000000  0.6226812601  0.0112934915  3750.0000000  0.4164500833  0.0004944661  0.2716798782  0.0000780160  600          
[0.72, 0.74, 0.75, 0.76, 0.77, 0.78, 0.79, 0.81, 0.82, 0.84, 0.86]

final accuracies:
0.0    0.1    0.2    0.3    0.4    0.5    0.6    0.7    0.8    0.9    1.0   
0.639  0.656  0.669  0.668  0.681  0.679  0.689  0.700  0.702  0.716  0.737 
[0.73, 0.77, 0.81, 0.85, 0.89, 0.93, 0.97, 1.0, 1.04, 1.08, 1.12]

best accuracies:
0.0    0.1    0.2    0.3    0.4    0.5    0.6    0.7    0.8    0.9    1.0   
0.031  0.129  0.222  0.320  0.404  0.508  0.611  0.706  0.798  0.896  0.991 
Args:
	algorithm: groupdro
	alpha: 0.4
	batch_size: 25000
	data_dir: ..\data
	deterministic: False
	dropout_p: 0.2
	erm_pretrain_iters: 400
	eval_freq: 50
	exp_name: domain_stress
	full_resolution: False
	groupdro_eta: 0.1
	loss_fn: nll
	lr: 0.0001
	lr_cos_sched: True
	lr_factor_reduction: 1
	mlp_hidden_dim: 390
	n_workers: 0
	network: FiLMedMLP
	other_arg: default
	output_dir: ..\results\cmnist_exp
	penalty_weight: 1000
	save_ckpts: True
	seed: 2
	steps: 1000
	test_env_ms: 0.9
	test_envs: 0.1,0.5,0.9
	train_env_ps: (0.01, 0.12, 0.5, 0.99)
	train_env_size_mode: random
	train_env_sizes: 2000,2000,2000,10000
	train_env_sizes_parsed: (2000, 2000, 2000, 10000)
	train_envs: 0.01,0.12,0.5,0.99
	weight_decay: 0
Train environment sample counts: [2000, 2000, 2000, 10000]
train_sandbox.py:189: FutureWarning: You are using `torch.load` with `weights_only=False` (the current default value), which uses the default pickle module implicitly. It is possible to construct malicious pickle data which will execute arbitrary code during unpickling (See https://github.com/pytorch/pytorch/blob/main/SECURITY.md#untrusted-models for more details). In a future release, the default value for `weights_only` will be flipped to `True`. This limits the functions that could be executed during unpickling. Arbitrary objects will no longer be allowed to be loaded via this mode unless they are explicitly allowlisted by the user via `torch.serialization.add_safe_globals`. We recommend you start setting `weights_only=True` for any use case where you don't have full control of the loaded file. Please open an issue on GitHub for any issues related to this experimental feature.
  algorithm.load_state_dict(torch.load(erm_ckpt_pth, map_location=device), strict=False)
ERM-pretrained model loaded: 4f411e8c131147643a56080bc8e74cb6.
0.1_acc       0.1_loss      0.5_acc       0.5_loss      0.9_acc       0.9_loss      avg_step_tim  epoch         loss          mem_gb        step         
0.6553000000  0.7748526335  0.6797000000  0.7161957026  0.6971000000  0.6622947454  0.0127891042  2812.5000000  0.3982025385  0.2298140526  450          
0.1_acc       0.1_loss      0.5_acc       0.5_loss      0.9_acc       0.9_loss      avg_step_tim  epoch         loss          mem_gb        step         
0.6200000000  0.8723178506  0.6749000000  0.7440398932  0.7191000000  0.6223209500  0.0125550056  3125.0000000  0.3798323572  0.2298140526  500          
0.1_acc       0.1_loss      0.5_acc       0.5_loss      0.9_acc       0.9_loss      avg_step_tim  epoch         loss          mem_gb        step         
0.6087000000  0.9274274111  0.6733000000  0.7688638568  0.7277000000  0.6159830689  0.0119595233  3437.5000000  0.3591663241  0.2298140526  550          
0.1_acc       0.1_loss      0.5_acc       0.5_loss      0.9_acc       0.9_loss      avg_step_tim  epoch         loss          mem_gb        step         
0.5950000000  0.9784798622  0.6699000000  0.7901527882  0.7343000000  0.6089786291  0.0110085416  3750.0000000  0.3510475755  0.2298140526  600          
0.1_acc       0.1_loss      0.5_acc       0.5_loss      0.9_acc       0.9_loss      avg_step_tim  epoch         loss          mem_gb        step         
0.5931000000  0.9985021949  0.6666000000  0.8061087728  0.7324000000  0.6222753525  0.0102219472  4062.5000000  0.3326247931  0.2298140526  650          
0.1_acc       0.1_loss      0.5_acc       0.5_loss      0.9_acc       0.9_loss      avg_step_tim  epoch         loss          mem_gb        step         
0.5838000000  1.0506757498  0.6633000000  0.8283910751  0.7381000000  0.6156968474  0.0094690183  4375.0000000  0.3200478554  0.2298140526  700          
0.1_acc       0.1_loss      0.5_acc       0.5_loss      0.9_acc       0.9_loss      avg_step_tim  epoch         loss          mem_gb        step         
0.5791000000  1.0733358860  0.6621000000  0.8416802287  0.7403000000  0.6202664971  0.0087793830  4687.5000000  0.3113537431  0.2298140526  750          
0.1_acc       0.1_loss      0.5_acc       0.5_loss      0.9_acc       0.9_loss      avg_step_tim  epoch         loss          mem_gb        step         
0.5801000000  1.0809928179  0.6612000000  0.8500825763  0.7377000000  0.6302344799  0.0082624695  5000.0000000  0.3135185838  0.2298140526  800          
0.1_acc       0.1_loss      0.5_acc       0.5_loss      0.9_acc       0.9_loss      avg_step_tim  epoch         loss          mem_gb        step         
0.5765000000  1.1011260748  0.6597000000  0.8585274220  0.7389000000  0.6269905567  0.0080206391  5312.5000000  0.3072994947  0.2298140526  850          
0.1_acc       0.1_loss      0.5_acc       0.5_loss      0.9_acc       0.9_loss      avg_step_tim  epoch         loss          mem_gb        step         
0.5741000000  1.1132494211  0.6594000000  0.8639245629  0.7400000000  0.6256583333  0.0073450843  5625.0000000  0.3097746074  0.2298140526  900          
0.1_acc       0.1_loss      0.5_acc       0.5_loss      0.9_acc       0.9_loss      avg_step_tim  epoch         loss          mem_gb        step         
0.5751000000  1.1128480434  0.6595000000  0.8647640347  0.7398000000  0.6274822950  0.0070181204  5937.5000000  0.3023896515  0.2298140526  950          
0.1_acc       0.1_loss      0.5_acc       0.5_loss      0.9_acc       0.9_loss      avg_step_tim  epoch         loss          mem_gb        step         
0.5746000000  1.1153767109  0.6592000000  0.8654118776  0.7401000000  0.6263434291  0.0065399623  6250.0000000  0.3054200411  0.2298140526  1000         
[0.87, 0.9, 0.93, 0.96, 0.99, 1.02, 1.05, 1.08, 1.12, 1.15, 1.19]

final accuracies:
0.0    0.1    0.2    0.3    0.4    0.5    0.6    0.7    0.8    0.9    1.0   
0.549  0.574  0.598  0.613  0.631  0.650  0.670  0.697  0.713  0.738  0.775 
[0.85, 0.88, 0.91, 0.93, 0.96, 0.99, 1.02, 1.04, 1.07, 1.11, 1.15]

best accuracies:
0.0    0.1    0.2    0.3    0.4    0.5    0.6    0.7    0.8    0.9    1.0   
0.558  0.581  0.603  0.617  0.634  0.653  0.671  0.697  0.712  0.736  0.772 
Args:
	algorithm: iro
	alpha: 0.4
	batch_size: 25000
	data_dir: ..\data
	deterministic: False
	dropout_p: 0.2
	erm_pretrain_iters: 400
	eval_freq: 50
	exp_name: domain_stress
	full_resolution: False
	groupdro_eta: 1.0
	loss_fn: nll
	lr: 0.0001
	lr_cos_sched: True
	lr_factor_reduction: 1
	mlp_hidden_dim: 390
	n_workers: 0
	network: FiLMedMLP
	other_arg: default
	output_dir: ..\results\cmnist_exp
	penalty_weight: 1000
	save_ckpts: True
	seed: 2
	steps: 600
	test_env_ms: 0.9
	test_envs: 0.1,0.5,0.9
	train_env_ps: (0.01, 0.12, 0.5, 0.99)
	train_env_size_mode: random
	train_env_sizes: 2000,2000,2000,10000
	train_env_sizes_parsed: (2000, 2000, 2000, 10000)
	train_envs: 0.01,0.12,0.5,0.99
	weight_decay: 0
Train environment sample counts: [2000, 2000, 2000, 10000]
train_sandbox.py:189: FutureWarning: You are using `torch.load` with `weights_only=False` (the current default value), which uses the default pickle module implicitly. It is possible to construct malicious pickle data which will execute arbitrary code during unpickling (See https://github.com/pytorch/pytorch/blob/main/SECURITY.md#untrusted-models for more details). In a future release, the default value for `weights_only` will be flipped to `True`. This limits the functions that could be executed during unpickling. Arbitrary objects will no longer be allowed to be loaded via this mode unless they are explicitly allowlisted by the user via `torch.serialization.add_safe_globals`. We recommend you start setting `weights_only=True` for any use case where you don't have full control of the loaded file. Please open an issue on GitHub for any issues related to this experimental feature.
  algorithm.load_state_dict(torch.load(erm_ckpt_pth, map_location=device), strict=False)
ERM-pretrained model loaded: 4f411e8c131147643a56080bc8e74cb6.
0.1_acc       0.1_loss      0.5_acc       0.5_loss      0.9_acc       0.9_loss      avg_step_tim  epoch         loss          mem_gb        step         
0.6620000000  0.6716281176  0.6487000000  0.6563230157  0.6557000000  0.6487056017  0.0837187449  2812.5000000  0.1265093386  2.6632003784  450          
0.1_acc       0.1_loss      0.5_acc       0.5_loss      0.9_acc       0.9_loss      avg_step_tim  epoch         loss          mem_gb        step         
0.6770000000  0.6473362446  0.6753000000  0.6289064288  0.6835000000  0.6174111366  0.0739364948  3125.0000000  0.1171292141  2.6632003784  500          
0.1_acc       0.1_loss      0.5_acc       0.5_loss      0.9_acc       0.9_loss      avg_step_tim  epoch         loss          mem_gb        step         
0.6834000000  0.6353389621  0.6857000000  0.6207281351  0.6924000000  0.6054684520  0.0675907989  3437.5000000  0.1129947454  2.6632003784  550          
0.1_acc       0.1_loss      0.5_acc       0.5_loss      0.9_acc       0.9_loss      avg_step_tim  epoch         loss          mem_gb        step         
0.6849000000  0.6343333125  0.6861000000  0.6198325753  0.6932000000  0.6050970554  0.0616790541  3750.0000000  0.1122849733  2.6632003784  600          
[0.63, 0.63, 0.63, 0.63, 0.63, 0.63, 0.63, 0.63, 0.64, 0.64, 0.64] [0.68, 0.68, 0.68, 0.68, 0.68, 0.68, 0.68, 0.68, 0.68, 0.67, 0.67]

final accuracies:
0.0    0.1    0.2    0.3    0.4    0.5    0.6    0.7    0.8    0.9    1.0   
0.685  0.688  0.694  0.683  0.686  0.685  0.693  0.685  0.688  0.695  0.700 
[0.63, 0.63, 0.63, 0.63, 0.63, 0.63, 0.63, 0.63, 0.64, 0.64, 0.64] [0.68, 0.68, 0.68, 0.68, 0.68, 0.68, 0.68, 0.68, 0.68, 0.67, 0.67]

best accuracies:
0.0    0.1    0.2    0.3    0.4    0.5    0.6    0.7    0.8    0.9    1.0   
0.685  0.688  0.694  0.683  0.686  0.685  0.693  0.685  0.688  0.695  0.700 
Args:
	algorithm: inftask
	alpha: 0.4
	batch_size: 25000
	data_dir: ..\data
	deterministic: False
	dropout_p: 0.2
	erm_pretrain_iters: 400
	eval_freq: 50
	exp_name: domain_stress
	full_resolution: False
	groupdro_eta: 1.0
	loss_fn: nll
	lr: 0.0001
	lr_cos_sched: True
	lr_factor_reduction: 1
	mlp_hidden_dim: 390
	n_workers: 0
	network: FiLMedMLP
	other_arg: default
	output_dir: ..\results\cmnist_exp
	penalty_weight: 1000
	save_ckpts: True
	seed: 2
	steps: 600
	test_env_ms: 0.9
	test_envs: 0.1,0.5,0.9
	train_env_ps: (0.01, 0.12, 0.5, 0.99)
	train_env_size_mode: random
	train_env_sizes: 2000,2000,2000,10000
	train_env_sizes_parsed: (2000, 2000, 2000, 10000)
	train_envs: 0.01,0.12,0.5,0.99
	weight_decay: 0
Train environment sample counts: [2000, 2000, 2000, 10000]
train_sandbox.py:189: FutureWarning: You are using `torch.load` with `weights_only=False` (the current default value), which uses the default pickle module implicitly. It is possible to construct malicious pickle data which will execute arbitrary code during unpickling (See https://github.com/pytorch/pytorch/blob/main/SECURITY.md#untrusted-models for more details). In a future release, the default value for `weights_only` will be flipped to `True`. This limits the functions that could be executed during unpickling. Arbitrary objects will no longer be allowed to be loaded via this mode unless they are explicitly allowlisted by the user via `torch.serialization.add_safe_globals`. We recommend you start setting `weights_only=True` for any use case where you don't have full control of the loaded file. Please open an issue on GitHub for any issues related to this experimental feature.
  algorithm.load_state_dict(torch.load(erm_ckpt_pth, map_location=device), strict=False)
ERM-pretrained model loaded: 4f411e8c131147643a56080bc8e74cb6.
0.1_acc       0.1_loss      0.5_acc       0.5_loss      0.9_acc       0.9_loss      avg_step_tim  epoch         loss          mem_gb        step         
0.6729000000  0.6757463813  0.6419000000  0.6632978320  0.6432000000  0.6605474949  0.0274744638  2812.5000000  0.1337475628  1.0588440895  450          
0.1_acc       0.1_loss      0.5_acc       0.5_loss      0.9_acc       0.9_loss      avg_step_tim  epoch         loss          mem_gb        step         
0.6793000000  0.6517953873  0.6698000000  0.6357154846  0.6773000000  0.6266723275  0.0242801051  3125.0000000  0.1247817725  1.0588440895  500          
0.1_acc       0.1_loss      0.5_acc       0.5_loss      0.9_acc       0.9_loss      avg_step_tim  epoch         loss          mem_gb        step         
0.6813000000  0.6424942017  0.6791000000  0.6264643073  0.6854000000  0.6158987880  0.0218286961  3437.5000000  0.1202972829  1.0588440895  550          
0.1_acc       0.1_loss      0.5_acc       0.5_loss      0.9_acc       0.9_loss      avg_step_tim  epoch         loss          mem_gb        step         
0.6811000000  0.6415156722  0.6797000000  0.6252895594  0.6884000000  0.6128589511  0.0201204844  3750.0000000  0.1193852276  1.0588440895  600          
[0.64, 0.63, 0.63, 0.64, 0.64, 0.64, 0.64, 0.64, 0.64, 0.64, 0.64] [0.68, 0.68, 0.68, 0.68, 0.68, 0.68, 0.68, 0.68, 0.67, 0.67, 0.67]

final accuracies:
0.0    0.1    0.2    0.3    0.4    0.5    0.6    0.7    0.8    0.9    1.0   
0.681  0.689  0.688  0.680  0.685  0.682  0.682  0.681  0.689  0.684  0.692 
[0.64, 0.63, 0.63, 0.64, 0.64, 0.64, 0.64, 0.64, 0.64, 0.64, 0.64] [0.68, 0.68, 0.68, 0.68, 0.68, 0.68, 0.68, 0.68, 0.67, 0.67, 0.67]

best accuracies:
0.0    0.1    0.2    0.3    0.4    0.5    0.6    0.7    0.8    0.9    1.0   
0.681  0.689  0.688  0.680  0.685  0.682  0.682  0.681  0.689  0.684  0.692 
