Args:
	algorithm: erm
	alpha: 0.4
	batch_size: 25000
	data_dir: ..\data
	deterministic: False
	dropout_p: 0.2
	erm_pretrain_iters: 0
	eval_freq: 50
	exp_name: domain_stress
	full_resolution: False
	groupdro_eta: 1.0
	loss_fn: nll
	lr: 0.0001
	lr_cos_sched: False
	lr_factor_reduction: 1
	mlp_hidden_dim: 390
	n_workers: 0
	network: FiLMedMLP
	other_arg: default
	output_dir: ..\results\cmnist_exp
	penalty_weight: 1000
	save_ckpts: False
	seed: 1
	steps: 600
	test_env_ms: 0.9
	test_envs: 0.1,0.5,0.9
	train_env_ps: (0.1, 0.2)
	train_env_size_mode: random
	train_env_sizes: 
	train_env_sizes_parsed: None
	train_envs: 0.1,0.2
	weight_decay: 0
Train environment sample counts: [25000, 25000]
0.1_acc       0.1_loss      0.5_acc       0.5_loss      0.9_acc       0.9_loss      avg_step_tim  epoch         loss          mem_gb        step         
0.8985000000  0.3377454281  0.5061000000  1.0671660900  0.0978000000  1.8238093853  0.3964135361  50.000000000  0.4308170974  0.7063870430  50           
0.1_acc       0.1_loss      0.5_acc       0.5_loss      0.9_acc       0.9_loss      avg_step_tim  epoch         loss          mem_gb        step         
0.8980000000  0.3247485161  0.5068000000  0.9646530747  0.1007000000  1.6226067543  0.1990886211  100.00000000  0.4065701365  0.7063870430  100          
0.1_acc       0.1_loss      0.5_acc       0.5_loss      0.9_acc       0.9_loss      avg_step_tim  epoch         loss          mem_gb        step         
0.8977000000  0.3146991134  0.5073000000  0.9324015379  0.1016000000  1.5653455257  0.1336205276  150.00000000  0.3923772573  0.7063870430  150          
0.1_acc       0.1_loss      0.5_acc       0.5_loss      0.9_acc       0.9_loss      avg_step_tim  epoch         loss          mem_gb        step         
0.8978000000  0.3087064028  0.5080000000  0.9119740129  0.1052000000  1.5301235914  0.1035276341  200.00000000  0.3808470070  0.7063870430  200          
0.1_acc       0.1_loss      0.5_acc       0.5_loss      0.9_acc       0.9_loss      avg_step_tim  epoch         loss          mem_gb        step         
0.8961000000  0.3055225611  0.5090000000  0.9027626514  0.1091000000  1.5144630671  0.0876641884  250.00000000  0.3717457652  0.7063870430  250          
0.1_acc       0.1_loss      0.5_acc       0.5_loss      0.9_acc       0.9_loss      avg_step_tim  epoch         loss          mem_gb        step         
0.8948000000  0.3039610684  0.5114000000  0.9014556408  0.1159000000  1.5134712458  0.0687265126  300.00000000  0.3638137877  0.7063870430  300          
0.1_acc       0.1_loss      0.5_acc       0.5_loss      0.9_acc       0.9_loss      avg_step_tim  epoch         loss          mem_gb        step         
0.8935000000  0.3035677671  0.5149000000  0.9052109122  0.1261000000  1.5216854811  0.0611667551  350.00000000  0.3550281823  0.7063870430  350          
0.1_acc       0.1_loss      0.5_acc       0.5_loss      0.9_acc       0.9_loss      avg_step_tim  epoch         loss          mem_gb        step         
0.8926000000  0.3039512932  0.5169000000  0.9123451114  0.1345000000  1.5367906094  0.0587464869  400.00000000  0.3488358557  0.7063870430  400          
0.1_acc       0.1_loss      0.5_acc       0.5_loss      0.9_acc       0.9_loss      avg_step_tim  epoch         loss          mem_gb        step         
0.8892000000  0.3052743971  0.5214000000  0.9232060313  0.1463000000  1.5582368374  0.0489101950  450.00000000  0.3406409621  0.7063870430  450          
0.1_acc       0.1_loss      0.5_acc       0.5_loss      0.9_acc       0.9_loss      avg_step_tim  epoch         loss          mem_gb        step         
0.8869000000  0.3072873652  0.5271000000  0.9427498579  0.1577000000  1.5971047878  0.0428350596  500.00000000  0.3308829665  0.7063870430  500          
0.1_acc       0.1_loss      0.5_acc       0.5_loss      0.9_acc       0.9_loss      avg_step_tim  epoch         loss          mem_gb        step         
0.8843000000  0.3113225102  0.5318000000  0.9605216384  0.1697000000  1.6303626299  0.0378253317  550.00000000  0.3183218241  0.7063870430  550          
0.1_acc       0.1_loss      0.5_acc       0.5_loss      0.9_acc       0.9_loss      avg_step_tim  epoch         loss          mem_gb        step         
0.8820000000  0.3159429431  0.5372000000  0.9848171473  0.1805000000  1.6740145683  0.0367053501  600.00000000  0.3083612919  0.7063870430  600          
[0.99, 1.08, 1.17, 1.25, 1.34, 1.43, 1.51, 1.6, 1.68, 1.77, 1.85]

final accuracies:
0.0    0.1    0.2    0.3    0.4    0.5    0.6    0.7    0.8    0.9    1.0   
0.966  0.882  0.795  0.708  0.624  0.529  0.445  0.353  0.270  0.178  0.093 
[0.99, 1.08, 1.17, 1.25, 1.34, 1.43, 1.51, 1.6, 1.68, 1.77, 1.85]

best accuracies:
0.0    0.1    0.2    0.3    0.4    0.5    0.6    0.7    0.8    0.9    1.0   
0.966  0.882  0.795  0.708  0.624  0.529  0.445  0.353  0.270  0.178  0.093 
Args:
	algorithm: irm
	alpha: 0.4
	batch_size: 25000
	data_dir: ..\data
	deterministic: False
	dropout_p: 0.2
	erm_pretrain_iters: 400
	eval_freq: 50
	exp_name: domain_stress
	full_resolution: False
	groupdro_eta: 1.0
	loss_fn: nll
	lr: 0.0001
	lr_cos_sched: True
	lr_factor_reduction: 1
	mlp_hidden_dim: 390
	n_workers: 0
	network: FiLMedMLP
	other_arg: default
	output_dir: ..\results\cmnist_exp
	penalty_weight: 1000.0
	save_ckpts: True
	seed: 1
	steps: 600
	test_env_ms: 0.9
	test_envs: 0.1,0.5,0.9
	train_env_ps: (0.1, 0.2)
	train_env_size_mode: random
	train_env_sizes: 
	train_env_sizes_parsed: None
	train_envs: 0.1,0.2
	weight_decay: 0
Train environment sample counts: [25000, 25000]
0.1_acc       0.1_loss      0.5_acc       0.5_loss      0.9_acc       0.9_loss      avg_step_tim  epoch         loss          mem_gb        step         
0.8985000000  0.3377454281  0.5061000000  1.0671660900  0.0978000000  1.8238093853  0.4189181280  50.000000000  0.4308170974  0.7063870430  50           
0.1_acc       0.1_loss      0.5_acc       0.5_loss      0.9_acc       0.9_loss      avg_step_tim  epoch         loss          mem_gb        step         
0.8980000000  0.3247485161  0.5068000000  0.9646530747  0.1007000000  1.6226067543  0.2343966365  100.00000000  0.4065701365  0.7063870430  100          
0.1_acc       0.1_loss      0.5_acc       0.5_loss      0.9_acc       0.9_loss      avg_step_tim  epoch         loss          mem_gb        step         
0.8977000000  0.3146991134  0.5073000000  0.9324015379  0.1016000000  1.5653455257  0.1563930305  150.00000000  0.3923772573  0.7063870430  150          
0.1_acc       0.1_loss      0.5_acc       0.5_loss      0.9_acc       0.9_loss      avg_step_tim  epoch         loss          mem_gb        step         
0.8978000000  0.3087064028  0.5080000000  0.9119740129  0.1052000000  1.5301235914  0.1072002864  200.00000000  0.3808470070  0.7063870430  200          
0.1_acc       0.1_loss      0.5_acc       0.5_loss      0.9_acc       0.9_loss      avg_step_tim  epoch         loss          mem_gb        step         
0.8961000000  0.3055225611  0.5090000000  0.9027626514  0.1091000000  1.5144630671  0.0896321621  250.00000000  0.3717457652  0.7063870430  250          
0.1_acc       0.1_loss      0.5_acc       0.5_loss      0.9_acc       0.9_loss      avg_step_tim  epoch         loss          mem_gb        step         
0.8948000000  0.3039610684  0.5114000000  0.9014556408  0.1159000000  1.5134712458  0.0726924491  300.00000000  0.3638137877  0.7063870430  300          
0.1_acc       0.1_loss      0.5_acc       0.5_loss      0.9_acc       0.9_loss      avg_step_tim  epoch         loss          mem_gb        step         
0.8935000000  0.3035677671  0.5149000000  0.9052109122  0.1261000000  1.5216854811  0.0621607637  350.00000000  0.3550281823  0.7063870430  350          
0.1_acc       0.1_loss      0.5_acc       0.5_loss      0.9_acc       0.9_loss      avg_step_tim  epoch         loss          mem_gb        step         
0.8926000000  0.3039512932  0.5169000000  0.9123451114  0.1345000000  1.5367906094  0.0554824769  400.00000000  0.3488358557  0.7063870430  400          
Saved ERM-pretrained model.
0.1_acc       0.1_loss      0.5_acc       0.5_loss      0.9_acc       0.9_loss      avg_step_tim  epoch         erm_loss      loss          mem_gb        penalty       step         
0.7221000000  0.5483523607  0.6992000000  0.6291455626  0.6780000000  0.6931250095  0.0487925090  450.00000000  0.5340781808  0.0005415473  0.7063899040  0.0000074691  450          
0.1_acc       0.1_loss      0.5_acc       0.5_loss      0.9_acc       0.9_loss      avg_step_tim  epoch         erm_loss      loss          mem_gb        penalty       step         
0.7372000000  0.5235242248  0.6985000000  0.6391907930  0.6621000000  0.7375199795  0.0442924705  500.00000000  0.5139604807  0.0005203089  0.7063899040  0.0000063484  500          
0.1_acc       0.1_loss      0.5_acc       0.5_loss      0.9_acc       0.9_loss      avg_step_tim  epoch         erm_loss      loss          mem_gb        penalty       step         
0.7422000000  0.5146900415  0.6981000000  0.6428952217  0.6571000000  0.7541438937  0.0396766311  550.00000000  0.5016916990  0.0005152191  0.7063899040  0.0000135273  550          
0.1_acc       0.1_loss      0.5_acc       0.5_loss      0.9_acc       0.9_loss      avg_step_tim  epoch         erm_loss      loss          mem_gb        penalty       step         
0.7423000000  0.5144662261  0.6986000000  0.6430967450  0.6573000000  0.7548115253  0.0362889222  600.00000000  0.5024048686  0.0005175284  0.7063899040  0.0000151235  600          
[0.64, 0.66, 0.67, 0.69, 0.7, 0.72, 0.73, 0.75, 0.76, 0.78, 0.79]

final accuracies:
0.0    0.1    0.2    0.3    0.4    0.5    0.6    0.7    0.8    0.9    1.0   
0.737  0.739  0.731  0.717  0.713  0.705  0.695  0.686  0.668  0.660  0.653 
[0.63, 0.64, 0.64, 0.65, 0.66, 0.67, 0.68, 0.69, 0.7, 0.71, 0.71]

best accuracies:
0.0    0.1    0.2    0.3    0.4    0.5    0.6    0.7    0.8    0.9    1.0   
0.713  0.720  0.715  0.709  0.709  0.705  0.702  0.698  0.686  0.684  0.684 
Args:
	algorithm: groupdro
	alpha: 0.4
	batch_size: 25000
	data_dir: ..\data
	deterministic: False
	dropout_p: 0.2
	erm_pretrain_iters: 400
	eval_freq: 50
	exp_name: domain_stress
	full_resolution: False
	groupdro_eta: 0.1
	loss_fn: nll
	lr: 0.0001
	lr_cos_sched: True
	lr_factor_reduction: 1
	mlp_hidden_dim: 390
	n_workers: 0
	network: FiLMedMLP
	other_arg: default
	output_dir: ..\results\cmnist_exp
	penalty_weight: 1000
	save_ckpts: True
	seed: 1
	steps: 1000
	test_env_ms: 0.9
	test_envs: 0.1,0.5,0.9
	train_env_ps: (0.1, 0.2)
	train_env_size_mode: random
	train_env_sizes: 
	train_env_sizes_parsed: None
	train_envs: 0.1,0.2
	weight_decay: 0
Train environment sample counts: [25000, 25000]
train_sandbox.py:189: FutureWarning: You are using `torch.load` with `weights_only=False` (the current default value), which uses the default pickle module implicitly. It is possible to construct malicious pickle data which will execute arbitrary code during unpickling (See https://github.com/pytorch/pytorch/blob/main/SECURITY.md#untrusted-models for more details). In a future release, the default value for `weights_only` will be flipped to `True`. This limits the functions that could be executed during unpickling. Arbitrary objects will no longer be allowed to be loaded via this mode unless they are explicitly allowlisted by the user via `torch.serialization.add_safe_globals`. We recommend you start setting `weights_only=True` for any use case where you don't have full control of the loaded file. Please open an issue on GitHub for any issues related to this experimental feature.
  algorithm.load_state_dict(torch.load(erm_ckpt_pth, map_location=device), strict=False)
ERM-pretrained model loaded: 59e822f2f5e3bf9ad7064965c7093c68.
0.1_acc       0.1_loss      0.5_acc       0.5_loss      0.9_acc       0.9_loss      avg_step_tim  epoch         loss          mem_gb        step         
0.8850000000  0.3101177812  0.5331000000  0.8891479969  0.1708000000  1.4831097126  0.0489920113  450.00000000  0.3579796851  0.5669384003  450          
0.1_acc       0.1_loss      0.5_acc       0.5_loss      0.9_acc       0.9_loss      avg_step_tim  epoch         loss          mem_gb        step         
0.8768000000  0.3174420595  0.5481000000  0.8829950690  0.2085000000  1.4626837969  0.0457474718  500.00000000  0.3572273254  0.5669388771  500          
0.1_acc       0.1_loss      0.5_acc       0.5_loss      0.9_acc       0.9_loss      avg_step_tim  epoch         loss          mem_gb        step         
0.8703000000  0.3258061111  0.5591000000  0.8905612826  0.2374000000  1.4696714878  0.0416839777  550.00000000  0.3509522676  0.5669388771  550          
0.1_acc       0.1_loss      0.5_acc       0.5_loss      0.9_acc       0.9_loss      avg_step_tim  epoch         loss          mem_gb        step         
0.8654000000  0.3335535526  0.5658000000  0.9082752466  0.2579000000  1.4969485998  0.0377840229  600.00000000  0.3344100118  0.5669388771  600          
0.1_acc       0.1_loss      0.5_acc       0.5_loss      0.9_acc       0.9_loss      avg_step_tim  epoch         loss          mem_gb        step         
0.8630000000  0.3402521014  0.5680000000  0.9371714592  0.2634000000  1.5485316515  0.0341277607  650.00000000  0.3186028898  0.5669388771  650          
0.1_acc       0.1_loss      0.5_acc       0.5_loss      0.9_acc       0.9_loss      avg_step_tim  epoch         loss          mem_gb        step         
0.8624000000  0.3471077085  0.5707000000  0.9595115185  0.2723000000  1.5851058960  0.0312409336  700.00000000  0.3112584651  0.5669388771  700          
0.1_acc       0.1_loss      0.5_acc       0.5_loss      0.9_acc       0.9_loss      avg_step_tim  epoch         loss          mem_gb        step         
0.8599000000  0.3528496027  0.5714000000  0.9779651165  0.2759000000  1.6173547506  0.0291821442  750.00000000  0.2988393009  0.5669388771  750          
0.1_acc       0.1_loss      0.5_acc       0.5_loss      0.9_acc       0.9_loss      avg_step_tim  epoch         loss          mem_gb        step         
0.8597000000  0.3553557992  0.5701000000  0.9929430485  0.2750000000  1.6460105181  0.0272129101  800.00000000  0.2948901653  0.5669388771  800          
0.1_acc       0.1_loss      0.5_acc       0.5_loss      0.9_acc       0.9_loss      avg_step_tim  epoch         loss          mem_gb        step         
0.8586000000  0.3576518595  0.5707000000  1.0018090010  0.2756000000  1.6620286703  0.0251439689  850.00000000  0.2898215055  0.5669388771  850          
0.1_acc       0.1_loss      0.5_acc       0.5_loss      0.9_acc       0.9_loss      avg_step_tim  epoch         loss          mem_gb        step         
0.8584000000  0.3585309386  0.5712000000  1.0046595335  0.2769000000  1.6673206091  0.0236137981  900.00000000  0.2893753052  0.5669388771  900          
0.1_acc       0.1_loss      0.5_acc       0.5_loss      0.9_acc       0.9_loss      avg_step_tim  epoch         loss          mem_gb        step         
0.8587000000  0.3581483662  0.5704000000  1.0095328093  0.2749000000  1.6776738167  0.0229729964  950.00000000  0.2863888741  0.5669388771  950          
0.1_acc       0.1_loss      0.5_acc       0.5_loss      0.9_acc       0.9_loss      avg_step_tim  epoch         loss          mem_gb        step         
0.8590000000  0.3581000865  0.5703000000  1.0101327896  0.2744000000  1.6789948940  0.0207778800  1000.0000000  0.2906257510  0.5669388771  1000         
[1.02, 1.1, 1.19, 1.27, 1.35, 1.44, 1.52, 1.6, 1.69, 1.78, 1.85]

final accuracies:
0.0    0.1    0.2    0.3    0.4    0.5    0.6    0.7    0.8    0.9    1.0   
0.924  0.856  0.781  0.713  0.641  0.566  0.492  0.417  0.347  0.274  0.200 
[1.01, 1.1, 1.18, 1.26, 1.34, 1.43, 1.51, 1.59, 1.68, 1.76, 1.84]

best accuracies:
0.0    0.1    0.2    0.3    0.4    0.5    0.6    0.7    0.8    0.9    1.0   
0.923  0.856  0.781  0.714  0.641  0.567  0.494  0.419  0.349  0.276  0.202 
Args:
	algorithm: iro
	alpha: 0.4
	batch_size: 25000
	data_dir: ..\data
	deterministic: False
	dropout_p: 0.2
	erm_pretrain_iters: 400
	eval_freq: 50
	exp_name: domain_stress
	full_resolution: False
	groupdro_eta: 1.0
	loss_fn: nll
	lr: 0.0001
	lr_cos_sched: True
	lr_factor_reduction: 1
	mlp_hidden_dim: 390
	n_workers: 0
	network: FiLMedMLP
	other_arg: default
	output_dir: ..\results\cmnist_exp
	penalty_weight: 1000
	save_ckpts: True
	seed: 1
	steps: 600
	test_env_ms: 0.9
	test_envs: 0.1,0.5,0.9
	train_env_ps: (0.1, 0.2)
	train_env_size_mode: random
	train_env_sizes: 
	train_env_sizes_parsed: None
	train_envs: 0.1,0.2
	weight_decay: 0
Train environment sample counts: [25000, 25000]
train_sandbox.py:189: FutureWarning: You are using `torch.load` with `weights_only=False` (the current default value), which uses the default pickle module implicitly. It is possible to construct malicious pickle data which will execute arbitrary code during unpickling (See https://github.com/pytorch/pytorch/blob/main/SECURITY.md#untrusted-models for more details). In a future release, the default value for `weights_only` will be flipped to `True`. This limits the functions that could be executed during unpickling. Arbitrary objects will no longer be allowed to be loaded via this mode unless they are explicitly allowlisted by the user via `torch.serialization.add_safe_globals`. We recommend you start setting `weights_only=True` for any use case where you don't have full control of the loaded file. Please open an issue on GitHub for any issues related to this experimental feature.
  algorithm.load_state_dict(torch.load(erm_ckpt_pth, map_location=device), strict=False)
ERM-pretrained model loaded: 59e822f2f5e3bf9ad7064965c7093c68.
0.1_acc       0.1_loss      0.5_acc       0.5_loss      0.9_acc       0.9_loss      avg_step_tim  epoch         loss          mem_gb        step         
0.8985000000  0.4300577939  0.5061000000  0.9118736386  0.0978000000  1.4927397966  1.0939328104  450.00000000  0.2048625648  8.3696632385  450          
0.1_acc       0.1_loss      0.5_acc       0.5_loss      0.9_acc       0.9_loss      avg_step_tim  epoch         loss          mem_gb        step         
0.8985000000  0.3813536167  0.5061000000  0.8543597460  0.0981000000  1.3819080591  0.9738423705  500.00000000  0.1956199706  8.3696632385  500          
0.1_acc       0.1_loss      0.5_acc       0.5_loss      0.9_acc       0.9_loss      avg_step_tim  epoch         loss          mem_gb        step         
0.8977000000  0.3695126772  0.5091000000  0.8285378814  0.1071000000  1.3295519352  0.9413758261  550.00000000  0.1906300485  8.3696632385  550          
0.1_acc       0.1_loss      0.5_acc       0.5_loss      0.9_acc       0.9_loss      avg_step_tim  epoch         loss          mem_gb        step         
0.8973000000  0.3682409227  0.5105000000  0.8246054649  0.1107000000  1.3213454485  0.8602605490  600.00000000  0.1907009333  8.3696632385  600          
[0.79, 0.86, 0.93, 0.99, 1.06, 1.13, 1.2, 1.26, 1.33, 1.4, 1.46] [0.5, 0.45, 0.4, 0.35, 0.3, 0.25, 0.2, 0.15, 0.11, 0.06, 0.01]

final accuracies:
0.0    0.1    0.2    0.3    0.4    0.5    0.6    0.7    0.8    0.9    1.0   
0.998  0.897  0.799  0.701  0.612  0.501  0.406  0.304  0.211  0.109  0.012 
[0.79, 0.86, 0.93, 0.99, 1.06, 1.13, 1.2, 1.26, 1.33, 1.4, 1.46] [0.5, 0.45, 0.4, 0.35, 0.3, 0.25, 0.2, 0.15, 0.11, 0.06, 0.01]

best accuracies:
0.0    0.1    0.2    0.3    0.4    0.5    0.6    0.7    0.8    0.9    1.0   
0.998  0.897  0.799  0.701  0.612  0.501  0.406  0.304  0.211  0.109  0.012 
Args:
	algorithm: inftask
	alpha: 0.4
	batch_size: 25000
	data_dir: ..\data
	deterministic: False
	dropout_p: 0.2
	erm_pretrain_iters: 400
	eval_freq: 50
	exp_name: domain_stress
	full_resolution: False
	groupdro_eta: 1.0
	loss_fn: nll
	lr: 0.0001
	lr_cos_sched: True
	lr_factor_reduction: 1
	mlp_hidden_dim: 390
	n_workers: 0
	network: FiLMedMLP
	other_arg: default
	output_dir: ..\results\cmnist_exp
	penalty_weight: 1000
	save_ckpts: True
	seed: 1
	steps: 600
	test_env_ms: 0.9
	test_envs: 0.1,0.5,0.9
	train_env_ps: (0.1, 0.2)
	train_env_size_mode: random
	train_env_sizes: 
	train_env_sizes_parsed: None
	train_envs: 0.1,0.2
	weight_decay: 0
Train environment sample counts: [25000, 25000]
train_sandbox.py:189: FutureWarning: You are using `torch.load` with `weights_only=False` (the current default value), which uses the default pickle module implicitly. It is possible to construct malicious pickle data which will execute arbitrary code during unpickling (See https://github.com/pytorch/pytorch/blob/main/SECURITY.md#untrusted-models for more details). In a future release, the default value for `weights_only` will be flipped to `True`. This limits the functions that could be executed during unpickling. Arbitrary objects will no longer be allowed to be loaded via this mode unless they are explicitly allowlisted by the user via `torch.serialization.add_safe_globals`. We recommend you start setting `weights_only=True` for any use case where you don't have full control of the loaded file. Please open an issue on GitHub for any issues related to this experimental feature.
  algorithm.load_state_dict(torch.load(erm_ckpt_pth, map_location=device), strict=False)
ERM-pretrained model loaded: 59e822f2f5e3bf9ad7064965c7093c68.
0.1_acc       0.1_loss      0.5_acc       0.5_loss      0.9_acc       0.9_loss      avg_step_tim  epoch         loss          mem_gb        step         
0.8985000000  0.4351153076  0.5061000000  0.9234499931  0.0978000000  1.5195130110  0.0945448907  450.00000000  0.2161740959  3.2021455765  450          
0.1_acc       0.1_loss      0.5_acc       0.5_loss      0.9_acc       0.9_loss      avg_step_tim  epoch         loss          mem_gb        step         
0.8985000000  0.3845084310  0.5061000000  0.8606797457  0.0980000000  1.3966426849  0.0772560730  500.00000000  0.2025982141  3.2021455765  500          
0.1_acc       0.1_loss      0.5_acc       0.5_loss      0.9_acc       0.9_loss      avg_step_tim  epoch         loss          mem_gb        step         
0.8975000000  0.3727919459  0.5084000000  0.8342183232  0.1046000000  1.3425618410  0.0711649331  550.00000000  0.1989764273  3.2021455765  550          
0.1_acc       0.1_loss      0.5_acc       0.5_loss      0.9_acc       0.9_loss      avg_step_tim  epoch         loss          mem_gb        step         
0.8973000000  0.3710206449  0.5097000000  0.8308044672  0.1078000000  1.3355708122  0.0631591797  600.00000000  0.1987066865  3.2021455765  600          
[0.79, 0.85, 0.92, 0.99, 1.06, 1.13, 1.2, 1.27, 1.34, 1.41, 1.48] [0.5, 0.45, 0.4, 0.35, 0.3, 0.25, 0.2, 0.15, 0.11, 0.06, 0.01]

final accuracies:
0.0    0.1    0.2    0.3    0.4    0.5    0.6    0.7    0.8    0.9    1.0   
0.998  0.897  0.798  0.700  0.607  0.501  0.403  0.303  0.211  0.107  0.010 
[0.79, 0.85, 0.92, 0.99, 1.06, 1.13, 1.2, 1.27, 1.34, 1.41, 1.48] [0.5, 0.45, 0.4, 0.35, 0.3, 0.25, 0.2, 0.15, 0.11, 0.06, 0.01]

best accuracies:
0.0    0.1    0.2    0.3    0.4    0.5    0.6    0.7    0.8    0.9    1.0   
0.998  0.897  0.798  0.700  0.607  0.501  0.403  0.303  0.211  0.107  0.010 
Args:
	algorithm: erm
	alpha: 0.4
	batch_size: 25000
	data_dir: ..\data
	deterministic: False
	dropout_p: 0.2
	erm_pretrain_iters: 0
	eval_freq: 50
	exp_name: domain_stress
	full_resolution: False
	groupdro_eta: 1.0
	loss_fn: nll
	lr: 0.0001
	lr_cos_sched: False
	lr_factor_reduction: 1
	mlp_hidden_dim: 390
	n_workers: 0
	network: FiLMedMLP
	other_arg: default
	output_dir: ..\results\cmnist_exp
	penalty_weight: 1000
	save_ckpts: False
	seed: 1
	steps: 600
	test_env_ms: 0.9
	test_envs: 0.1,0.5,0.9
	train_env_ps: (0.01, 0.12, 0.5, 0.99)
	train_env_size_mode: random
	train_env_sizes: 
	train_env_sizes_parsed: None
	train_envs: 0.01,0.12,0.5,0.99
	weight_decay: 0
Train environment sample counts: [12500, 12500, 12500, 12500]
0.1_acc       0.1_loss      0.5_acc       0.5_loss      0.9_acc       0.9_loss      avg_step_tim  epoch         loss          mem_gb        step         
0.7832000000  0.5106468201  0.6303000000  0.6542172432  0.4793000000  0.7971127033  0.3995264196  100.00000000  0.6258997321  0.7039837837  50           
0.1_acc       0.1_loss      0.5_acc       0.5_loss      0.9_acc       0.9_loss      avg_step_tim  epoch         loss          mem_gb        step         
0.7700000000  0.4929747880  0.6780000000  0.6258738041  0.5869000000  0.7562772036  0.2119178653  200.00000000  0.5968261361  0.7039837837  100          
0.1_acc       0.1_loss      0.5_acc       0.5_loss      0.9_acc       0.9_loss      avg_step_tim  epoch         loss          mem_gb        step         
0.7669000000  0.4861631691  0.6989000000  0.6139681339  0.6303000000  0.7373366952  0.1327698342  300.00000000  0.5794731975  0.7039837837  150          
0.1_acc       0.1_loss      0.5_acc       0.5_loss      0.9_acc       0.9_loss      avg_step_tim  epoch         loss          mem_gb        step         
0.7644000000  0.4827826023  0.7060000000  0.6093985438  0.6510000000  0.7315059304  0.1031045020  400.00000000  0.5674491525  0.7039837837  200          
0.1_acc       0.1_loss      0.5_acc       0.5_loss      0.9_acc       0.9_loss      avg_step_tim  epoch         loss          mem_gb        step         
0.7646000000  0.4815990627  0.7092000000  0.6082936525  0.6592000000  0.7317878008  0.0832699461  500.00000000  0.5545331836  0.7039837837  250          
0.1_acc       0.1_loss      0.5_acc       0.5_loss      0.9_acc       0.9_loss      avg_step_tim  epoch         loss          mem_gb        step         
0.7635000000  0.4828292727  0.7116000000  0.6094484925  0.6630000000  0.7346387506  0.0696304472  600.00000000  0.5424572229  0.7039837837  300          
0.1_acc       0.1_loss      0.5_acc       0.5_loss      0.9_acc       0.9_loss      avg_step_tim  epoch         loss          mem_gb        step         
0.7617000000  0.4860222042  0.7108000000  0.6135438085  0.6627000000  0.7409287691  0.0568723903  700.00000000  0.5312706232  0.7039837837  350          
0.1_acc       0.1_loss      0.5_acc       0.5_loss      0.9_acc       0.9_loss      avg_step_tim  epoch         loss          mem_gb        step         
0.7608000000  0.4873841107  0.7079000000  0.6209694743  0.6546000000  0.7552692294  0.0499154544  800.00000000  0.5159505606  0.7039837837  400          
0.1_acc       0.1_loss      0.5_acc       0.5_loss      0.9_acc       0.9_loss      avg_step_tim  epoch         loss          mem_gb        step         
0.7585000000  0.4972707033  0.7047000000  0.6283812523  0.6478000000  0.7618818283  0.0443518649  900.00000000  0.4985271692  0.7039837837  450          
0.1_acc       0.1_loss      0.5_acc       0.5_loss      0.9_acc       0.9_loss      avg_step_tim  epoch         loss          mem_gb        step         
0.7584000000  0.5054621100  0.6998000000  0.6389924884  0.6403000000  0.7754654884  0.0391784530  1000.0000000  0.4836369455  0.7039837837  500          
0.1_acc       0.1_loss      0.5_acc       0.5_loss      0.9_acc       0.9_loss      avg_step_tim  epoch         loss          mem_gb        step         
0.7581000000  0.5146597624  0.6973000000  0.6496807337  0.6348000000  0.7884256840  0.0365700011  1100.0000000  0.4634730816  0.7039837837  550          
0.1_acc       0.1_loss      0.5_acc       0.5_loss      0.9_acc       0.9_loss      avg_step_tim  epoch         loss          mem_gb        step         
0.7541000000  0.5298095942  0.6927000000  0.6616868973  0.6320000000  0.7984648943  0.0340946424  1200.0000000  0.4461053014  0.7039837837  600          
[0.67, 0.69, 0.7, 0.72, 0.74, 0.75, 0.77, 0.79, 0.8, 0.82, 0.83]

final accuracies:
0.0    0.1    0.2    0.3    0.4    0.5    0.6    0.7    0.8    0.9    1.0   
0.752  0.748  0.729  0.713  0.700  0.686  0.683  0.667  0.641  0.628  0.619 
[0.62, 0.63, 0.65, 0.66, 0.68, 0.69, 0.71, 0.73, 0.74, 0.76, 0.77]

best accuracies:
0.0    0.1    0.2    0.3    0.4    0.5    0.6    0.7    0.8    0.9    1.0   
0.759  0.757  0.743  0.727  0.723  0.706  0.708  0.691  0.675  0.659  0.654 
Args:
	algorithm: irm
	alpha: 0.4
	batch_size: 25000
	data_dir: ..\data
	deterministic: False
	dropout_p: 0.2
	erm_pretrain_iters: 400
	eval_freq: 50
	exp_name: domain_stress
	full_resolution: False
	groupdro_eta: 1.0
	loss_fn: nll
	lr: 0.0001
	lr_cos_sched: True
	lr_factor_reduction: 1
	mlp_hidden_dim: 390
	n_workers: 0
	network: FiLMedMLP
	other_arg: default
	output_dir: ..\results\cmnist_exp
	penalty_weight: 1000.0
	save_ckpts: True
	seed: 1
	steps: 600
	test_env_ms: 0.9
	test_envs: 0.1,0.5,0.9
	train_env_ps: (0.01, 0.12, 0.5, 0.99)
	train_env_size_mode: random
	train_env_sizes: 
	train_env_sizes_parsed: None
	train_envs: 0.01,0.12,0.5,0.99
	weight_decay: 0
Train environment sample counts: [12500, 12500, 12500, 12500]
0.1_acc       0.1_loss      0.5_acc       0.5_loss      0.9_acc       0.9_loss      avg_step_tim  epoch         loss          mem_gb        step         
0.7832000000  0.5106468201  0.6303000000  0.6542172432  0.4793000000  0.7971127033  0.4001433754  100.00000000  0.6258997321  0.7039837837  50           
0.1_acc       0.1_loss      0.5_acc       0.5_loss      0.9_acc       0.9_loss      avg_step_tim  epoch         loss          mem_gb        step         
0.7700000000  0.4929747880  0.6780000000  0.6258738041  0.5869000000  0.7562772036  0.1989522147  200.00000000  0.5968261361  0.7039837837  100          
0.1_acc       0.1_loss      0.5_acc       0.5_loss      0.9_acc       0.9_loss      avg_step_tim  epoch         loss          mem_gb        step         
0.7669000000  0.4861631691  0.6989000000  0.6139681339  0.6303000000  0.7373366952  0.1307117335  300.00000000  0.5794731975  0.7039837837  150          
0.1_acc       0.1_loss      0.5_acc       0.5_loss      0.9_acc       0.9_loss      avg_step_tim  epoch         loss          mem_gb        step         
0.7644000000  0.4827826023  0.7060000000  0.6093985438  0.6510000000  0.7315059304  0.0970267141  400.00000000  0.5674491525  0.7039837837  200          
0.1_acc       0.1_loss      0.5_acc       0.5_loss      0.9_acc       0.9_loss      avg_step_tim  epoch         loss          mem_gb        step         
0.7646000000  0.4815990627  0.7092000000  0.6082936525  0.6592000000  0.7317878008  0.0802168121  500.00000000  0.5545331836  0.7039837837  250          
0.1_acc       0.1_loss      0.5_acc       0.5_loss      0.9_acc       0.9_loss      avg_step_tim  epoch         loss          mem_gb        step         
0.7635000000  0.4828292727  0.7116000000  0.6094484925  0.6630000000  0.7346387506  0.0662716444  600.00000000  0.5424572229  0.7039837837  300          
0.1_acc       0.1_loss      0.5_acc       0.5_loss      0.9_acc       0.9_loss      avg_step_tim  epoch         loss          mem_gb        step         
0.7617000000  0.4860222042  0.7108000000  0.6135438085  0.6627000000  0.7409287691  0.0562189163  700.00000000  0.5312706232  0.7039837837  350          
0.1_acc       0.1_loss      0.5_acc       0.5_loss      0.9_acc       0.9_loss      avg_step_tim  epoch         loss          mem_gb        step         
0.7608000000  0.4873841107  0.7079000000  0.6209694743  0.6546000000  0.7552692294  0.0502912277  800.00000000  0.5159505606  0.7039837837  400          
Saved ERM-pretrained model.
0.1_acc       0.1_loss      0.5_acc       0.5_loss      0.9_acc       0.9_loss      avg_step_tim  epoch         erm_loss      loss          mem_gb        penalty       step         
0.7292000000  0.5874606967  0.7200000000  0.6055746675  0.7202000000  0.6188376546  0.0462370067  900.00000000  0.5282776356  0.0005526092  0.7039885521  0.0000243316  450          
0.1_acc       0.1_loss      0.5_acc       0.5_loss      0.9_acc       0.9_loss      avg_step_tim  epoch         erm_loss      loss          mem_gb        penalty       step         
0.7269000000  0.5938143134  0.7198000000  0.6057785749  0.7224000000  0.6126919389  0.0417722936  1000.0000000  0.5312916636  0.0005379277  0.7039885521  0.0000066359  500          
0.1_acc       0.1_loss      0.5_acc       0.5_loss      0.9_acc       0.9_loss      avg_step_tim  epoch         erm_loss      loss          mem_gb        penalty       step         
0.7264000000  0.5942607522  0.7197000000  0.6056126952  0.7227000000  0.6118807197  0.0381704838  1100.0000000  0.5291150808  0.0005387755  0.7039885521  0.0000096604  550          
0.1_acc       0.1_loss      0.5_acc       0.5_loss      0.9_acc       0.9_loss      avg_step_tim  epoch         erm_loss      loss          mem_gb        penalty       step         
0.7266000000  0.5938831568  0.7199000000  0.6056981087  0.7226000000  0.6124483347  0.0328706551  1200.0000000  0.5296738148  0.0005306342  0.7039885521  0.0000009604  600          
[0.61, 0.61, 0.62, 0.62, 0.62, 0.62, 0.62, 0.62, 0.62, 0.62, 0.63]

final accuracies:
0.0    0.1    0.2    0.3    0.4    0.5    0.6    0.7    0.8    0.9    1.0   
0.712  0.721  0.717  0.712  0.719  0.716  0.725  0.723  0.715  0.710  0.717 
[0.61, 0.61, 0.62, 0.62, 0.62, 0.62, 0.62, 0.62, 0.62, 0.62, 0.63]

best accuracies:
0.0    0.1    0.2    0.3    0.4    0.5    0.6    0.7    0.8    0.9    1.0   
0.711  0.721  0.717  0.711  0.719  0.716  0.725  0.723  0.715  0.710  0.717 
Args:
	algorithm: groupdro
	alpha: 0.4
	batch_size: 25000
	data_dir: ..\data
	deterministic: False
	dropout_p: 0.2
	erm_pretrain_iters: 400
	eval_freq: 50
	exp_name: domain_stress
	full_resolution: False
	groupdro_eta: 0.1
	loss_fn: nll
	lr: 0.0001
	lr_cos_sched: True
	lr_factor_reduction: 1
	mlp_hidden_dim: 390
	n_workers: 0
	network: FiLMedMLP
	other_arg: default
	output_dir: ..\results\cmnist_exp
	penalty_weight: 1000
	save_ckpts: True
	seed: 1
	steps: 1000
	test_env_ms: 0.9
	test_envs: 0.1,0.5,0.9
	train_env_ps: (0.01, 0.12, 0.5, 0.99)
	train_env_size_mode: random
	train_env_sizes: 
	train_env_sizes_parsed: None
	train_envs: 0.01,0.12,0.5,0.99
	weight_decay: 0
Train environment sample counts: [12500, 12500, 12500, 12500]
train_sandbox.py:189: FutureWarning: You are using `torch.load` with `weights_only=False` (the current default value), which uses the default pickle module implicitly. It is possible to construct malicious pickle data which will execute arbitrary code during unpickling (See https://github.com/pytorch/pytorch/blob/main/SECURITY.md#untrusted-models for more details). In a future release, the default value for `weights_only` will be flipped to `True`. This limits the functions that could be executed during unpickling. Arbitrary objects will no longer be allowed to be loaded via this mode unless they are explicitly allowlisted by the user via `torch.serialization.add_safe_globals`. We recommend you start setting `weights_only=True` for any use case where you don't have full control of the loaded file. Please open an issue on GitHub for any issues related to this experimental feature.
  algorithm.load_state_dict(torch.load(erm_ckpt_pth, map_location=device), strict=False)
ERM-pretrained model loaded: 87a4736211f390cb8941ea25a94c0798.
0.1_acc       0.1_loss      0.5_acc       0.5_loss      0.9_acc       0.9_loss      avg_step_tim  epoch         loss          mem_gb        step         
0.7325000000  0.5819303393  0.7154000000  0.6115305424  0.7067000000  0.6382411718  0.0423393573  900.00000000  0.5174635649  0.5219612122  450          
0.1_acc       0.1_loss      0.5_acc       0.5_loss      0.9_acc       0.9_loss      avg_step_tim  epoch         loss          mem_gb        step         
0.7278000000  0.5962418914  0.7111000000  0.6178007722  0.7063000000  0.6372575164  0.0402157798  1000.0000000  0.5040911436  0.5219616890  500          
0.1_acc       0.1_loss      0.5_acc       0.5_loss      0.9_acc       0.9_loss      avg_step_tim  epoch         loss          mem_gb        step         
0.7259000000  0.6001278162  0.7072000000  0.6251034737  0.6999000000  0.6487120986  0.0357130233  1100.0000000  0.4915011525  0.5219616890  550          
0.1_acc       0.1_loss      0.5_acc       0.5_loss      0.9_acc       0.9_loss      avg_step_tim  epoch         loss          mem_gb        step         
0.7243000000  0.6044594646  0.7036000000  0.6328403950  0.6921000000  0.6604122519  0.0326834083  1200.0000000  0.4773465991  0.5219616890  600          
0.1_acc       0.1_loss      0.5_acc       0.5_loss      0.9_acc       0.9_loss      avg_step_tim  epoch         loss          mem_gb        step         
0.7218000000  0.6081057191  0.7006000000  0.6398485303  0.6890000000  0.6707917452  0.0305548110  1300.0000000  0.4701609612  0.5219616890  650          
0.1_acc       0.1_loss      0.5_acc       0.5_loss      0.9_acc       0.9_loss      avg_step_tim  epoch         loss          mem_gb        step         
0.7209000000  0.6102879643  0.6991000000  0.6453128457  0.6856000000  0.6804259419  0.0276654369  1400.0000000  0.4609613717  0.5219616890  700          
0.1_acc       0.1_loss      0.5_acc       0.5_loss      0.9_acc       0.9_loss      avg_step_tim  epoch         loss          mem_gb        step         
0.7196000000  0.6123934388  0.6967000000  0.6505755782  0.6813000000  0.6894050837  0.0264464544  1500.0000000  0.4552005827  0.5219616890  750          
0.1_acc       0.1_loss      0.5_acc       0.5_loss      0.9_acc       0.9_loss      avg_step_tim  epoch         loss          mem_gb        step         
0.7194000000  0.6117697954  0.6958000000  0.6547396183  0.6793000000  0.6980727911  0.0248134920  1600.0000000  0.4490906596  0.5219616890  800          
0.1_acc       0.1_loss      0.5_acc       0.5_loss      0.9_acc       0.9_loss      avg_step_tim  epoch         loss          mem_gb        step         
0.7183000000  0.6150925756  0.6944000000  0.6571415663  0.6772000000  0.7005626559  0.0235493932  1700.0000000  0.4470479488  0.5219616890  850          
0.1_acc       0.1_loss      0.5_acc       0.5_loss      0.9_acc       0.9_loss      avg_step_tim  epoch         loss          mem_gb        step         
0.7197000000  0.6140796542  0.6938000000  0.6583676338  0.6764000000  0.7043537498  0.0224947460  1800.0000000  0.4442138374  0.5219616890  900          
0.1_acc       0.1_loss      0.5_acc       0.5_loss      0.9_acc       0.9_loss      avg_step_tim  epoch         loss          mem_gb        step         
0.7195000000  0.6145427227  0.6938000000  0.6587753892  0.6760000000  0.7046949267  0.0209493020  1900.0000000  0.4429097772  0.5219616890  950          
0.1_acc       0.1_loss      0.5_acc       0.5_loss      0.9_acc       0.9_loss      avg_step_tim  epoch         loss          mem_gb        step         
0.7193000000  0.6146135926  0.6940000000  0.6588852406  0.6760000000  0.7048907876  0.0200543842  2000.0000000  0.4429086745  0.5219616890  1000         
[0.67, 0.67, 0.68, 0.68, 0.69, 0.69, 0.7, 0.7, 0.71, 0.72, 0.72]

final accuracies:
0.0    0.1    0.2    0.3    0.4    0.5    0.6    0.7    0.8    0.9    1.0   
0.708  0.714  0.702  0.694  0.699  0.692  0.694  0.689  0.680  0.671  0.673 
[0.62, 0.62, 0.63, 0.63, 0.63, 0.63, 0.64, 0.64, 0.65, 0.65, 0.65]

best accuracies:
0.0    0.1    0.2    0.3    0.4    0.5    0.6    0.7    0.8    0.9    1.0   
0.717  0.727  0.718  0.710  0.717  0.711  0.716  0.713  0.703  0.696  0.702 
Args:
	algorithm: iro
	alpha: 0.4
	batch_size: 25000
	data_dir: ..\data
	deterministic: False
	dropout_p: 0.2
	erm_pretrain_iters: 400
	eval_freq: 50
	exp_name: domain_stress
	full_resolution: False
	groupdro_eta: 1.0
	loss_fn: nll
	lr: 0.0001
	lr_cos_sched: True
	lr_factor_reduction: 1
	mlp_hidden_dim: 390
	n_workers: 0
	network: FiLMedMLP
	other_arg: default
	output_dir: ..\results\cmnist_exp
	penalty_weight: 1000
	save_ckpts: True
	seed: 1
	steps: 600
	test_env_ms: 0.9
	test_envs: 0.1,0.5,0.9
	train_env_ps: (0.01, 0.12, 0.5, 0.99)
	train_env_size_mode: random
	train_env_sizes: 
	train_env_sizes_parsed: None
	train_envs: 0.01,0.12,0.5,0.99
	weight_decay: 0
Train environment sample counts: [12500, 12500, 12500, 12500]
train_sandbox.py:189: FutureWarning: You are using `torch.load` with `weights_only=False` (the current default value), which uses the default pickle module implicitly. It is possible to construct malicious pickle data which will execute arbitrary code during unpickling (See https://github.com/pytorch/pytorch/blob/main/SECURITY.md#untrusted-models for more details). In a future release, the default value for `weights_only` will be flipped to `True`. This limits the functions that could be executed during unpickling. Arbitrary objects will no longer be allowed to be loaded via this mode unless they are explicitly allowlisted by the user via `torch.serialization.add_safe_globals`. We recommend you start setting `weights_only=True` for any use case where you don't have full control of the loaded file. Please open an issue on GitHub for any issues related to this experimental feature.
  algorithm.load_state_dict(torch.load(erm_ckpt_pth, map_location=device), strict=False)
ERM-pretrained model loaded: 87a4736211f390cb8941ea25a94c0798.
0.1_acc       0.1_loss      0.5_acc       0.5_loss      0.9_acc       0.9_loss      avg_step_tim  epoch         loss          mem_gb        step         
0.6522000000  0.6667191982  0.6210000000  0.6610426307  0.6334000000  0.6612994671  1.3246510188  900.00000000  0.4334371984  8.1608018875  450          
0.1_acc       0.1_loss      0.5_acc       0.5_loss      0.9_acc       0.9_loss      avg_step_tim  epoch         loss          mem_gb        step         
0.6874000000  0.6404005885  0.6844000000  0.6265166402  0.6785000000  0.6296348572  1.1533590536  1000.0000000  0.4113793671  8.1608018875  500          
0.1_acc       0.1_loss      0.5_acc       0.5_loss      0.9_acc       0.9_loss      avg_step_tim  epoch         loss          mem_gb        step         
0.6877000000  0.6313723922  0.6892000000  0.6175767183  0.6863000000  0.6202392578  1.0473555370  1100.0000000  0.3987627923  8.1608018875  550          
0.1_acc       0.1_loss      0.5_acc       0.5_loss      0.9_acc       0.9_loss      avg_step_tim  epoch         loss          mem_gb        step         
0.6893000000  0.6305654049  0.6902000000  0.6165205836  0.6890000000  0.6183502674  0.9688656823  1200.0000000  0.4014252722  8.1608018875  600          
[0.63, 0.63, 0.63, 0.63, 0.62, 0.62, 0.62, 0.62, 0.62, 0.62, 0.62] [0.69, 0.69, 0.69, 0.69, 0.69, 0.69, 0.69, 0.69, 0.69, 0.69, 0.68]

final accuracies:
0.0    0.1    0.2    0.3    0.4    0.5    0.6    0.7    0.8    0.9    1.0   
0.692  0.694  0.701  0.692  0.697  0.690  0.694  0.693  0.680  0.689  0.689 
[0.63, 0.63, 0.63, 0.63, 0.62, 0.62, 0.62, 0.62, 0.62, 0.62, 0.62] [0.69, 0.69, 0.69, 0.69, 0.69, 0.69, 0.69, 0.69, 0.69, 0.69, 0.68]

best accuracies:
0.0    0.1    0.2    0.3    0.4    0.5    0.6    0.7    0.8    0.9    1.0   
0.692  0.694  0.701  0.692  0.697  0.690  0.694  0.693  0.680  0.689  0.689 
Args:
	algorithm: inftask
	alpha: 0.4
	batch_size: 25000
	data_dir: ..\data
	deterministic: False
	dropout_p: 0.2
	erm_pretrain_iters: 400
	eval_freq: 50
	exp_name: domain_stress
	full_resolution: False
	groupdro_eta: 1.0
	loss_fn: nll
	lr: 0.0001
	lr_cos_sched: True
	lr_factor_reduction: 1
	mlp_hidden_dim: 390
	n_workers: 0
	network: FiLMedMLP
	other_arg: default
	output_dir: ..\results\cmnist_exp
	penalty_weight: 1000
	save_ckpts: True
	seed: 1
	steps: 600
	test_env_ms: 0.9
	test_envs: 0.1,0.5,0.9
	train_env_ps: (0.01, 0.12, 0.5, 0.99)
	train_env_size_mode: random
	train_env_sizes: 
	train_env_sizes_parsed: None
	train_envs: 0.01,0.12,0.5,0.99
	weight_decay: 0
Train environment sample counts: [12500, 12500, 12500, 12500]
train_sandbox.py:189: FutureWarning: You are using `torch.load` with `weights_only=False` (the current default value), which uses the default pickle module implicitly. It is possible to construct malicious pickle data which will execute arbitrary code during unpickling (See https://github.com/pytorch/pytorch/blob/main/SECURITY.md#untrusted-models for more details). In a future release, the default value for `weights_only` will be flipped to `True`. This limits the functions that could be executed during unpickling. Arbitrary objects will no longer be allowed to be loaded via this mode unless they are explicitly allowlisted by the user via `torch.serialization.add_safe_globals`. We recommend you start setting `weights_only=True` for any use case where you don't have full control of the loaded file. Please open an issue on GitHub for any issues related to this experimental feature.
  algorithm.load_state_dict(torch.load(erm_ckpt_pth, map_location=device), strict=False)
ERM-pretrained model loaded: 87a4736211f390cb8941ea25a94c0798.
0.1_acc       0.1_loss      0.5_acc       0.5_loss      0.9_acc       0.9_loss      avg_step_tim  epoch         loss          mem_gb        step         
0.6476000000  0.6696425676  0.6153000000  0.6636686325  0.6250000000  0.6671785116  0.0875885068  900.00000000  0.3945114911  3.0852007866  450          
0.1_acc       0.1_loss      0.5_acc       0.5_loss      0.9_acc       0.9_loss      avg_step_tim  epoch         loss          mem_gb        step         
0.6805000000  0.6463413835  0.6818000000  0.6316426992  0.6720000000  0.6367259622  0.0761353207  1000.0000000  0.3711540103  3.0852007866  500          
0.1_acc       0.1_loss      0.5_acc       0.5_loss      0.9_acc       0.9_loss      avg_step_tim  epoch         loss          mem_gb        step         
0.6865000000  0.6360651255  0.6886000000  0.6210534573  0.6854000000  0.6224572062  0.0688390467  1100.0000000  0.3654587567  3.0852007866  550          
0.1_acc       0.1_loss      0.5_acc       0.5_loss      0.9_acc       0.9_loss      avg_step_tim  epoch         loss          mem_gb        step         
0.6887000000  0.6335754991  0.6894000000  0.6197687387  0.6847000000  0.6227498055  0.0646751670  1200.0000000  0.3648934066  3.0852007866  600          
[0.64, 0.63, 0.63, 0.63, 0.63, 0.63, 0.62, 0.62, 0.62, 0.62, 0.63] [0.69, 0.69, 0.69, 0.69, 0.69, 0.69, 0.69, 0.69, 0.69, 0.68, 0.68]

final accuracies:
0.0    0.1    0.2    0.3    0.4    0.5    0.6    0.7    0.8    0.9    1.0   
0.692  0.694  0.691  0.698  0.695  0.686  0.698  0.694  0.688  0.678  0.682 
[0.64, 0.63, 0.63, 0.63, 0.63, 0.63, 0.63, 0.63, 0.63, 0.63, 0.63] [0.69, 0.69, 0.69, 0.69, 0.69, 0.69, 0.69, 0.69, 0.69, 0.68, 0.68]

best accuracies:
0.0    0.1    0.2    0.3    0.4    0.5    0.6    0.7    0.8    0.9    1.0   
0.690  0.692  0.689  0.697  0.695  0.685  0.698  0.694  0.688  0.679  0.683 
Args:
	algorithm: erm
	alpha: 0.4
	batch_size: 25000
	data_dir: ..\data
	deterministic: False
	dropout_p: 0.2
	erm_pretrain_iters: 0
	eval_freq: 50
	exp_name: domain_stress
	full_resolution: False
	groupdro_eta: 1.0
	loss_fn: nll
	lr: 0.0001
	lr_cos_sched: False
	lr_factor_reduction: 1
	mlp_hidden_dim: 390
	n_workers: 0
	network: FiLMedMLP
	other_arg: default
	output_dir: ..\results\cmnist_exp
	penalty_weight: 1000
	save_ckpts: False
	seed: 1
	steps: 600
	test_env_ms: 0.9
	test_envs: 0.1,0.5,0.9
	train_env_ps: (0.01, 0.12, 0.0, 0.0, 0.14, 0.5, 0.7, 0.99)
	train_env_size_mode: random
	train_env_sizes: 
	train_env_sizes_parsed: None
	train_envs: 0.01,0.12,0.0,0.0,0.14,0.5,0.7,0.99
	weight_decay: 0
Train environment sample counts: [6250, 6250, 6250, 6250, 6250, 6250, 6250, 6250]
0.1_acc       0.1_loss      0.5_acc       0.5_loss      0.9_acc       0.9_loss      avg_step_tim  epoch         loss          mem_gb        step         
0.8889000000  0.4322931468  0.5194000000  0.7205193043  0.1352000000  1.0175483227  0.4162930965  200.00000000  0.5883298516  0.7039837837  50           
0.1_acc       0.1_loss      0.5_acc       0.5_loss      0.9_acc       0.9_loss      avg_step_tim  epoch         loss          mem_gb        step         
0.8388000000  0.4050664902  0.6062000000  0.6895298362  0.3613000000  0.9800480008  0.2046653986  400.00000000  0.5558840632  0.7039837837  100          
0.1_acc       0.1_loss      0.5_acc       0.5_loss      0.9_acc       0.9_loss      avg_step_tim  epoch         loss          mem_gb        step         
0.8239000000  0.3979263902  0.6337000000  0.6722978950  0.4344000000  0.9528216720  0.1418505478  600.00000000  0.5398261547  0.7039837837  150          
0.1_acc       0.1_loss      0.5_acc       0.5_loss      0.9_acc       0.9_loss      avg_step_tim  epoch         loss          mem_gb        step         
0.8147000000  0.3931829929  0.6440000000  0.6657274365  0.4724000000  0.9442793727  0.1016537952  800.00000000  0.5268192291  0.7039837837  200          
0.1_acc       0.1_loss      0.5_acc       0.5_loss      0.9_acc       0.9_loss      avg_step_tim  epoch         loss          mem_gb        step         
0.8080000000  0.3924426436  0.6545000000  0.6625467539  0.5002000000  0.9388365149  0.0849929428  1000.0000000  0.5162915587  0.7039837837  250          
0.1_acc       0.1_loss      0.5_acc       0.5_loss      0.9_acc       0.9_loss      avg_step_tim  epoch         loss          mem_gb        step         
0.8083000000  0.3911441267  0.6604000000  0.6654539704  0.5106000000  0.9455652833  0.0785222292  1200.0000000  0.5047492981  0.7039837837  300          
0.1_acc       0.1_loss      0.5_acc       0.5_loss      0.9_acc       0.9_loss      avg_step_tim  epoch         loss          mem_gb        step         
0.8073000000  0.3925191760  0.6605000000  0.6692764759  0.5139000000  0.9513880610  0.0568269553  1400.0000000  0.4930085540  0.7039837837  350          
0.1_acc       0.1_loss      0.5_acc       0.5_loss      0.9_acc       0.9_loss      avg_step_tim  epoch         loss          mem_gb        step         
0.8037000000  0.3956751227  0.6602000000  0.6759183407  0.5140000000  0.9604208469  0.0493351078  1600.0000000  0.4808888137  0.7039837837  400          
0.1_acc       0.1_loss      0.5_acc       0.5_loss      0.9_acc       0.9_loss      avg_step_tim  epoch         loss          mem_gb        step         
0.8004000000  0.3989312351  0.6580000000  0.6863358617  0.5106000000  0.9769392610  0.0441953426  1800.0000000  0.4653068781  0.7039837837  450          
0.1_acc       0.1_loss      0.5_acc       0.5_loss      0.9_acc       0.9_loss      avg_step_tim  epoch         loss          mem_gb        step         
0.7990000000  0.4056362212  0.6581000000  0.6970691681  0.5074000000  0.9899214506  0.0396081357  2000.0000000  0.4512377977  0.7039837837  500          
0.1_acc       0.1_loss      0.5_acc       0.5_loss      0.9_acc       0.9_loss      avg_step_tim  epoch         loss          mem_gb        step         
0.7981000000  0.4122945666  0.6546000000  0.7128208876  0.5018000000  1.0123559237  0.0354295336  2200.0000000  0.4362363517  0.7039837837  550          
0.1_acc       0.1_loss      0.5_acc       0.5_loss      0.9_acc       0.9_loss      avg_step_tim  epoch         loss          mem_gb        step         
0.7960000000  0.4204116464  0.6508000000  0.7283031940  0.4991000000  1.0337511301  0.0325645947  2400.0000000  0.4199195206  0.7039837837  600          
[0.73, 0.77, 0.8, 0.84, 0.88, 0.92, 0.96, 1.0, 1.04, 1.08, 1.12]

final accuracies:
0.0    0.1    0.2    0.3    0.4    0.5    0.6    0.7    0.8    0.9    1.0   
0.826  0.796  0.762  0.723  0.692  0.649  0.614  0.583  0.542  0.504  0.468 
[0.68, 0.72, 0.75, 0.79, 0.83, 0.86, 0.9, 0.93, 0.97, 1.01, 1.04]

best accuracies:
0.0    0.1    0.2    0.3    0.4    0.5    0.6    0.7    0.8    0.9    1.0   
0.830  0.798  0.770  0.729  0.696  0.655  0.621  0.587  0.552  0.514  0.479 
Args:
	algorithm: irm
	alpha: 0.4
	batch_size: 25000
	data_dir: ..\data
	deterministic: False
	dropout_p: 0.2
	erm_pretrain_iters: 400
	eval_freq: 50
	exp_name: domain_stress
	full_resolution: False
	groupdro_eta: 1.0
	loss_fn: nll
	lr: 0.0001
	lr_cos_sched: True
	lr_factor_reduction: 1
	mlp_hidden_dim: 390
	n_workers: 0
	network: FiLMedMLP
	other_arg: default
	output_dir: ..\results\cmnist_exp
	penalty_weight: 1000.0
	save_ckpts: True
	seed: 1
	steps: 600
	test_env_ms: 0.9
	test_envs: 0.1,0.5,0.9
	train_env_ps: (0.01, 0.12, 0.0, 0.0, 0.14, 0.5, 0.7, 0.99)
	train_env_size_mode: random
	train_env_sizes: 
	train_env_sizes_parsed: None
	train_envs: 0.01,0.12,0.0,0.0,0.14,0.5,0.7,0.99
	weight_decay: 0
Train environment sample counts: [6250, 6250, 6250, 6250, 6250, 6250, 6250, 6250]
0.1_acc       0.1_loss      0.5_acc       0.5_loss      0.9_acc       0.9_loss      avg_step_tim  epoch         loss          mem_gb        step         
0.8889000000  0.4322931468  0.5194000000  0.7205193043  0.1352000000  1.0175483227  0.3834629774  200.00000000  0.5883298516  0.7039837837  50           
0.1_acc       0.1_loss      0.5_acc       0.5_loss      0.9_acc       0.9_loss      avg_step_tim  epoch         loss          mem_gb        step         
0.8388000000  0.4050664902  0.6062000000  0.6895298362  0.3613000000  0.9800480008  0.2057937264  400.00000000  0.5558840632  0.7039837837  100          
0.1_acc       0.1_loss      0.5_acc       0.5_loss      0.9_acc       0.9_loss      avg_step_tim  epoch         loss          mem_gb        step         
0.8239000000  0.3979263902  0.6337000000  0.6722978950  0.4344000000  0.9528216720  0.1368550873  600.00000000  0.5398261547  0.7039837837  150          
0.1_acc       0.1_loss      0.5_acc       0.5_loss      0.9_acc       0.9_loss      avg_step_tim  epoch         loss          mem_gb        step         
0.8147000000  0.3931829929  0.6440000000  0.6657274365  0.4724000000  0.9442793727  0.0995032918  800.00000000  0.5268192291  0.7039837837  200          
0.1_acc       0.1_loss      0.5_acc       0.5_loss      0.9_acc       0.9_loss      avg_step_tim  epoch         loss          mem_gb        step         
0.8080000000  0.3924426436  0.6545000000  0.6625467539  0.5002000000  0.9388365149  0.0799549971  1000.0000000  0.5162915587  0.7039837837  250          
0.1_acc       0.1_loss      0.5_acc       0.5_loss      0.9_acc       0.9_loss      avg_step_tim  epoch         loss          mem_gb        step         
0.8083000000  0.3911441267  0.6604000000  0.6654539704  0.5106000000  0.9455652833  0.0651550603  1200.0000000  0.5047492981  0.7039837837  300          
0.1_acc       0.1_loss      0.5_acc       0.5_loss      0.9_acc       0.9_loss      avg_step_tim  epoch         loss          mem_gb        step         
0.8073000000  0.3925191760  0.6605000000  0.6692764759  0.5139000000  0.9513880610  0.0582034384  1400.0000000  0.4930085540  0.7039837837  350          
0.1_acc       0.1_loss      0.5_acc       0.5_loss      0.9_acc       0.9_loss      avg_step_tim  epoch         loss          mem_gb        step         
0.8037000000  0.3956751227  0.6602000000  0.6759183407  0.5140000000  0.9604208469  0.0489435279  1600.0000000  0.4808888137  0.7039837837  400          
Saved ERM-pretrained model.
0.1_acc       0.1_loss      0.5_acc       0.5_loss      0.9_acc       0.9_loss      avg_step_tim  epoch         erm_loss      loss          mem_gb        penalty       step         
0.7227000000  0.5802611113  0.7154000000  0.6092360616  0.7168000000  0.6256710887  0.0448387671  1800.0000000  0.5391948223  0.0005763175  0.7039923668  0.0000371226  450          
0.1_acc       0.1_loss      0.5_acc       0.5_loss      0.9_acc       0.9_loss      avg_step_tim  epoch         erm_loss      loss          mem_gb        penalty       step         
0.7216000000  0.5824490190  0.7158000000  0.6088991165  0.7185000000  0.6228778362  0.0403844891  2000.0000000  0.5422936678  0.0005672452  0.7039923668  0.0000249515  500          
0.1_acc       0.1_loss      0.5_acc       0.5_loss      0.9_acc       0.9_loss      avg_step_tim  epoch         erm_loss      loss          mem_gb        penalty       step         
0.7218000000  0.5818044543  0.7160000000  0.6088677049  0.7182000000  0.6234936118  0.0363477460  2200.0000000  0.5426647067  0.0005605512  0.7039923668  0.0000178865  550          
0.1_acc       0.1_loss      0.5_acc       0.5_loss      0.9_acc       0.9_loss      avg_step_tim  epoch         erm_loss      loss          mem_gb        penalty       step         
0.7214000000  0.5821066499  0.7159000000  0.6088998318  0.7185000000  0.6232270002  0.0335536416  2400.0000000  0.5429202318  0.0005775820  0.7039923668  0.0000346617  600          
[0.61, 0.61, 0.61, 0.62, 0.62, 0.62, 0.62, 0.63, 0.63, 0.64, 0.64]

final accuracies:
0.0    0.1    0.2    0.3    0.4    0.5    0.6    0.7    0.8    0.9    1.0   
0.711  0.722  0.719  0.713  0.724  0.712  0.712  0.720  0.717  0.712  0.711 
[0.61, 0.61, 0.61, 0.62, 0.62, 0.62, 0.62, 0.63, 0.63, 0.63, 0.64]

best accuracies:
0.0    0.1    0.2    0.3    0.4    0.5    0.6    0.7    0.8    0.9    1.0   
0.711  0.722  0.719  0.713  0.724  0.712  0.712  0.720  0.717  0.712  0.711 
Args:
	algorithm: groupdro
	alpha: 0.4
	batch_size: 25000
	data_dir: ..\data
	deterministic: False
	dropout_p: 0.2
	erm_pretrain_iters: 400
	eval_freq: 50
	exp_name: domain_stress
	full_resolution: False
	groupdro_eta: 0.1
	loss_fn: nll
	lr: 0.0001
	lr_cos_sched: True
	lr_factor_reduction: 1
	mlp_hidden_dim: 390
	n_workers: 0
	network: FiLMedMLP
	other_arg: default
	output_dir: ..\results\cmnist_exp
	penalty_weight: 1000
	save_ckpts: True
	seed: 1
	steps: 1000
	test_env_ms: 0.9
	test_envs: 0.1,0.5,0.9
	train_env_ps: (0.01, 0.12, 0.0, 0.0, 0.14, 0.5, 0.7, 0.99)
	train_env_size_mode: random
	train_env_sizes: 
	train_env_sizes_parsed: None
	train_envs: 0.01,0.12,0.0,0.0,0.14,0.5,0.7,0.99
	weight_decay: 0
Train environment sample counts: [6250, 6250, 6250, 6250, 6250, 6250, 6250, 6250]
train_sandbox.py:189: FutureWarning: You are using `torch.load` with `weights_only=False` (the current default value), which uses the default pickle module implicitly. It is possible to construct malicious pickle data which will execute arbitrary code during unpickling (See https://github.com/pytorch/pytorch/blob/main/SECURITY.md#untrusted-models for more details). In a future release, the default value for `weights_only` will be flipped to `True`. This limits the functions that could be executed during unpickling. Arbitrary objects will no longer be allowed to be loaded via this mode unless they are explicitly allowlisted by the user via `torch.serialization.add_safe_globals`. We recommend you start setting `weights_only=True` for any use case where you don't have full control of the loaded file. Please open an issue on GitHub for any issues related to this experimental feature.
  algorithm.load_state_dict(torch.load(erm_ckpt_pth, map_location=device), strict=False)
ERM-pretrained model loaded: f2dea4d8ad43f02baca6e4e11cd6e083.
0.1_acc       0.1_loss      0.5_acc       0.5_loss      0.9_acc       0.9_loss      avg_step_tim  epoch         loss          mem_gb        step         
0.7385000000  0.5530912876  0.7154000000  0.6126770377  0.6945000000  0.6664626002  0.0433901146  1800.0000000  0.5254577398  0.5045022964  450          
0.1_acc       0.1_loss      0.5_acc       0.5_loss      0.9_acc       0.9_loss      avg_step_tim  epoch         loss          mem_gb        step         
0.7309000000  0.5739272237  0.7127000000  0.6190766096  0.6959000000  0.6579701304  0.0393593965  2000.0000000  0.5112569332  0.5045027733  500          
0.1_acc       0.1_loss      0.5_acc       0.5_loss      0.9_acc       0.9_loss      avg_step_tim  epoch         loss          mem_gb        step         
0.7310000000  0.5757207870  0.7070000000  0.6288487911  0.6879000000  0.6748876572  0.0359060188  2200.0000000  0.4983145595  0.5045027733  550          
0.1_acc       0.1_loss      0.5_acc       0.5_loss      0.9_acc       0.9_loss      avg_step_tim  epoch         loss          mem_gb        step         
0.7319000000  0.5724314451  0.7022000000  0.6386841536  0.6779000000  0.6968917847  0.0337315444  2400.0000000  0.4825490117  0.5045027733  600          
0.1_acc       0.1_loss      0.5_acc       0.5_loss      0.9_acc       0.9_loss      avg_step_tim  epoch         loss          mem_gb        step         
0.7331000000  0.5687932372  0.6970000000  0.6492645144  0.6701000000  0.7212135792  0.0300808441  2600.0000000  0.4715315402  0.5045027733  650          
0.1_acc       0.1_loss      0.5_acc       0.5_loss      0.9_acc       0.9_loss      avg_step_tim  epoch         loss          mem_gb        step         
0.7316000000  0.5707902908  0.6931000000  0.6566502452  0.6647000000  0.7339980006  0.0277511110  2800.0000000  0.4584133029  0.5045027733  700          
0.1_acc       0.1_loss      0.5_acc       0.5_loss      0.9_acc       0.9_loss      avg_step_tim  epoch         loss          mem_gb        step         
0.7338000000  0.5667010546  0.6898000000  0.6649877429  0.6571000000  0.7535203695  0.0263077787  3000.0000000  0.4529812038  0.5045027733  750          
0.1_acc       0.1_loss      0.5_acc       0.5_loss      0.9_acc       0.9_loss      avg_step_tim  epoch         loss          mem_gb        step         
0.7342000000  0.5678908825  0.6899000000  0.6687710881  0.6541000000  0.7600734830  0.0251041648  3200.0000000  0.4478960931  0.5045027733  800          
0.1_acc       0.1_loss      0.5_acc       0.5_loss      0.9_acc       0.9_loss      avg_step_tim  epoch         loss          mem_gb        step         
0.7342000000  0.5664987564  0.6876000000  0.6726031303  0.6506000000  0.7687343955  0.0243198448  3400.0000000  0.4406953454  0.5045027733  850          
0.1_acc       0.1_loss      0.5_acc       0.5_loss      0.9_acc       0.9_loss      avg_step_tim  epoch         loss          mem_gb        step         
0.7346000000  0.5661509633  0.6864000000  0.6744804978  0.6495000000  0.7727689147  0.0222463165  3600.0000000  0.4423637688  0.5045027733  900          
0.1_acc       0.1_loss      0.5_acc       0.5_loss      0.9_acc       0.9_loss      avg_step_tim  epoch         loss          mem_gb        step         
0.7349000000  0.5655858517  0.6856000000  0.6753923297  0.6481000000  0.7751546502  0.0207843000  3800.0000000  0.4432569444  0.5045027733  950          
0.1_acc       0.1_loss      0.5_acc       0.5_loss      0.9_acc       0.9_loss      avg_step_tim  epoch         loss          mem_gb        step         
0.7351000000  0.5652166009  0.6855000000  0.6755809784  0.6478000000  0.7759348750  0.0198628497  4000.0000000  0.4400332868  0.5045027733  1000         
[0.67, 0.69, 0.7, 0.71, 0.73, 0.74, 0.75, 0.77, 0.78, 0.8, 0.81]

final accuracies:
0.0    0.1    0.2    0.3    0.4    0.5    0.6    0.7    0.8    0.9    1.0   
0.737  0.732  0.726  0.709  0.705  0.688  0.676  0.670  0.662  0.642  0.633 
[0.62, 0.63, 0.63, 0.64, 0.64, 0.65, 0.65, 0.66, 0.66, 0.67, 0.68]

best accuracies:
0.0    0.1    0.2    0.3    0.4    0.5    0.6    0.7    0.8    0.9    1.0   
0.724  0.728  0.726  0.716  0.718  0.704  0.698  0.707  0.701  0.687  0.688 
Args:
	algorithm: iro
	alpha: 0.4
	batch_size: 25000
	data_dir: ..\data
	deterministic: False
	dropout_p: 0.2
	erm_pretrain_iters: 400
	eval_freq: 50
	exp_name: domain_stress
	full_resolution: False
	groupdro_eta: 1.0
	loss_fn: nll
	lr: 0.0001
	lr_cos_sched: True
	lr_factor_reduction: 1
	mlp_hidden_dim: 390
	n_workers: 0
	network: FiLMedMLP
	other_arg: default
	output_dir: ..\results\cmnist_exp
	penalty_weight: 1000
	save_ckpts: True
	seed: 1
	steps: 600
	test_env_ms: 0.9
	test_envs: 0.1,0.5,0.9
	train_env_ps: (0.01, 0.12, 0.0, 0.0, 0.14, 0.5, 0.7, 0.99)
	train_env_size_mode: random
	train_env_sizes: 
	train_env_sizes_parsed: None
	train_envs: 0.01,0.12,0.0,0.0,0.14,0.5,0.7,0.99
	weight_decay: 0
Train environment sample counts: [6250, 6250, 6250, 6250, 6250, 6250, 6250, 6250]
train_sandbox.py:189: FutureWarning: You are using `torch.load` with `weights_only=False` (the current default value), which uses the default pickle module implicitly. It is possible to construct malicious pickle data which will execute arbitrary code during unpickling (See https://github.com/pytorch/pytorch/blob/main/SECURITY.md#untrusted-models for more details). In a future release, the default value for `weights_only` will be flipped to `True`. This limits the functions that could be executed during unpickling. Arbitrary objects will no longer be allowed to be loaded via this mode unless they are explicitly allowlisted by the user via `torch.serialization.add_safe_globals`. We recommend you start setting `weights_only=True` for any use case where you don't have full control of the loaded file. Please open an issue on GitHub for any issues related to this experimental feature.
  algorithm.load_state_dict(torch.load(erm_ckpt_pth, map_location=device), strict=False)
ERM-pretrained model loaded: f2dea4d8ad43f02baca6e4e11cd6e083.
0.1_acc       0.1_loss      0.5_acc       0.5_loss      0.9_acc       0.9_loss      avg_step_tim  epoch         loss          mem_gb        step         
0.8166000000  0.6428528428  0.5949000000  0.6740547419  0.6126000000  0.6730756760  1.2557128048  1800.0000000  0.0720616654  8.1433196068  450          
0.1_acc       0.1_loss      0.5_acc       0.5_loss      0.9_acc       0.9_loss      avg_step_tim  epoch         loss          mem_gb        step         
0.8070000000  0.5929465890  0.6681000000  0.6387276053  0.6717000000  0.6385717392  1.1048750687  2000.0000000  0.0680437610  8.1433196068  500          
0.1_acc       0.1_loss      0.5_acc       0.5_loss      0.9_acc       0.9_loss      avg_step_tim  epoch         loss          mem_gb        step         
0.8055000000  0.5680841804  0.6782000000  0.6266938448  0.6797000000  0.6254699826  1.0100123076  2200.0000000  0.0667713359  8.1433196068  550          
0.1_acc       0.1_loss      0.5_acc       0.5_loss      0.9_acc       0.9_loss      avg_step_tim  epoch         loss          mem_gb        step         
0.8036000000  0.5654553771  0.6788000000  0.6253560185  0.6823000000  0.6224694252  0.9242235347  2400.0000000  0.0659499690  8.1433196068  600          
[0.65, 0.65, 0.66, 0.66, 0.65, 0.64, 0.64, 0.63, 0.63, 0.63, 0.63] [0.65, 0.64, 0.64, 0.65, 0.66, 0.66, 0.67, 0.68, 0.68, 0.67, 0.68]

final accuracies:
0.0    0.1    0.2    0.3    0.4    0.5    0.6    0.7    0.8    0.9    1.0   
0.832  0.797  0.765  0.683  0.692  0.675  0.675  0.684  0.678  0.674  0.673 
[0.65, 0.65, 0.66, 0.66, 0.65, 0.64, 0.64, 0.63, 0.63, 0.63, 0.63] [0.65, 0.64, 0.64, 0.65, 0.66, 0.66, 0.67, 0.68, 0.68, 0.67, 0.68]

best accuracies:
0.0    0.1    0.2    0.3    0.4    0.5    0.6    0.7    0.8    0.9    1.0   
0.832  0.797  0.765  0.683  0.692  0.675  0.675  0.684  0.678  0.674  0.673 
Args:
	algorithm: inftask
	alpha: 0.4
	batch_size: 25000
	data_dir: ..\data
	deterministic: False
	dropout_p: 0.2
	erm_pretrain_iters: 400
	eval_freq: 50
	exp_name: domain_stress
	full_resolution: False
	groupdro_eta: 1.0
	loss_fn: nll
	lr: 0.0001
	lr_cos_sched: True
	lr_factor_reduction: 1
	mlp_hidden_dim: 390
	n_workers: 0
	network: FiLMedMLP
	other_arg: default
	output_dir: ..\results\cmnist_exp
	penalty_weight: 1000
	save_ckpts: True
	seed: 1
	steps: 600
	test_env_ms: 0.9
	test_envs: 0.1,0.5,0.9
	train_env_ps: (0.01, 0.12, 0.0, 0.0, 0.14, 0.5, 0.7, 0.99)
	train_env_size_mode: random
	train_env_sizes: 
	train_env_sizes_parsed: None
	train_envs: 0.01,0.12,0.0,0.0,0.14,0.5,0.7,0.99
	weight_decay: 0
Train environment sample counts: [6250, 6250, 6250, 6250, 6250, 6250, 6250, 6250]
train_sandbox.py:189: FutureWarning: You are using `torch.load` with `weights_only=False` (the current default value), which uses the default pickle module implicitly. It is possible to construct malicious pickle data which will execute arbitrary code during unpickling (See https://github.com/pytorch/pytorch/blob/main/SECURITY.md#untrusted-models for more details). In a future release, the default value for `weights_only` will be flipped to `True`. This limits the functions that could be executed during unpickling. Arbitrary objects will no longer be allowed to be loaded via this mode unless they are explicitly allowlisted by the user via `torch.serialization.add_safe_globals`. We recommend you start setting `weights_only=True` for any use case where you don't have full control of the loaded file. Please open an issue on GitHub for any issues related to this experimental feature.
  algorithm.load_state_dict(torch.load(erm_ckpt_pth, map_location=device), strict=False)
ERM-pretrained model loaded: f2dea4d8ad43f02baca6e4e11cd6e083.
0.1_acc       0.1_loss      0.5_acc       0.5_loss      0.9_acc       0.9_loss      avg_step_tim  epoch         loss          mem_gb        step         
0.8382000000  0.6441101432  0.6041000000  0.6721723676  0.6317000000  0.6685335636  0.0889076016  1800.0000000  0.0743256658  3.0582060814  450          
0.1_acc       0.1_loss      0.5_acc       0.5_loss      0.9_acc       0.9_loss      avg_step_tim  epoch         loss          mem_gb        step         
0.8025000000  0.6027325392  0.6676000000  0.6413961649  0.6831000000  0.6316480041  0.0823706970  2000.0000000  0.0717038363  3.0582060814  500          
0.1_acc       0.1_loss      0.5_acc       0.5_loss      0.9_acc       0.9_loss      avg_step_tim  epoch         loss          mem_gb        step         
0.8013000000  0.5796776414  0.6745000000  0.6294596791  0.6780000000  0.6275619268  0.0701873979  2200.0000000  0.0694090053  3.0582060814  550          
0.1_acc       0.1_loss      0.5_acc       0.5_loss      0.9_acc       0.9_loss      avg_step_tim  epoch         loss          mem_gb        step         
0.7992000000  0.5768734217  0.6755000000  0.6279820204  0.6784000000  0.6263022423  0.0628013798  2400.0000000  0.0689579621  3.0582060814  600          
[0.65, 0.65, 0.66, 0.66, 0.65, 0.65, 0.64, 0.63, 0.64, 0.63, 0.64] [0.65, 0.64, 0.64, 0.65, 0.66, 0.66, 0.67, 0.68, 0.68, 0.67, 0.67]

final accuracies:
0.0    0.1    0.2    0.3    0.4    0.5    0.6    0.7    0.8    0.9    1.0   
0.827  0.793  0.759  0.677  0.683  0.671  0.678  0.675  0.668  0.675  0.672 
[0.66, 0.66, 0.67, 0.67, 0.66, 0.65, 0.65, 0.65, 0.66, 0.66, 0.66] [0.64, 0.63, 0.63, 0.64, 0.65, 0.66, 0.67, 0.67, 0.66, 0.65, 0.65]

best accuracies:
0.0    0.1    0.2    0.3    0.4    0.5    0.6    0.7    0.8    0.9    1.0   
0.832  0.798  0.762  0.662  0.669  0.661  0.673  0.674  0.667  0.679  0.679 
Args:
	algorithm: erm
	alpha: 0.4
	batch_size: 25000
	data_dir: ..\data
	deterministic: False
	dropout_p: 0.2
	erm_pretrain_iters: 0
	eval_freq: 50
	exp_name: domain_stress
	full_resolution: False
	groupdro_eta: 1.0
	loss_fn: nll
	lr: 0.0001
	lr_cos_sched: False
	lr_factor_reduction: 1
	mlp_hidden_dim: 390
	n_workers: 0
	network: FiLMedMLP
	other_arg: default
	output_dir: ..\results\cmnist_exp
	penalty_weight: 1000
	save_ckpts: False
	seed: 1
	steps: 600
	test_env_ms: 0.9
	test_envs: 0.1,0.5,0.9
	train_env_ps: (0.01, 0.12, 0.5, 0.99)
	train_env_size_mode: random
	train_env_sizes: 2000,2000,2000,2000
	train_env_sizes_parsed: (2000, 2000, 2000, 2000)
	train_envs: 0.01,0.12,0.5,0.99
	weight_decay: 0
Train environment sample counts: [2000, 2000, 2000, 2000]
0.1_acc       0.1_loss      0.5_acc       0.5_loss      0.9_acc       0.9_loss      avg_step_tim  epoch         loss          mem_gb        step         
0.7893000000  0.5119346976  0.6091000000  0.6624814868  0.4444000000  0.8087719679  0.0536125803  625.00000000  0.6266055703  0.1690945625  50           
0.1_acc       0.1_loss      0.5_acc       0.5_loss      0.9_acc       0.9_loss      avg_step_tim  epoch         loss          mem_gb        step         
0.7675000000  0.4950601459  0.6495000000  0.6453343034  0.5520000000  0.7825006843  0.0265022588  1250.0000000  0.5812208652  0.1690945625  100          
0.1_acc       0.1_loss      0.5_acc       0.5_loss      0.9_acc       0.9_loss      avg_step_tim  epoch         loss          mem_gb        step         
0.7620000000  0.4954776168  0.6666000000  0.6486114860  0.5834000000  0.7887311578  0.0186860100  1875.0000000  0.5362558961  0.1690945625  150          
0.1_acc       0.1_loss      0.5_acc       0.5_loss      0.9_acc       0.9_loss      avg_step_tim  epoch         loss          mem_gb        step         
0.7564000000  0.5092212558  0.6637000000  0.6731675863  0.5861000000  0.8255814314  0.0158513081  2500.0000000  0.4843537509  0.1690945625  200          
0.1_acc       0.1_loss      0.5_acc       0.5_loss      0.9_acc       0.9_loss      avg_step_tim  epoch         loss          mem_gb        step         
0.7542000000  0.5240142345  0.6550000000  0.7219214439  0.5719000000  0.9077507854  0.0126350422  3125.0000000  0.4159306884  0.1690945625  250          
0.1_acc       0.1_loss      0.5_acc       0.5_loss      0.9_acc       0.9_loss      avg_step_tim  epoch         loss          mem_gb        step         
0.7418000000  0.5690222383  0.6506000000  0.7847766876  0.5728000000  0.9836742878  0.0105868761  3750.0000000  0.3516453505  0.1690945625  300          
0.1_acc       0.1_loss      0.5_acc       0.5_loss      0.9_acc       0.9_loss      avg_step_tim  epoch         loss          mem_gb        step         
0.7328000000  0.6230182648  0.6479000000  0.8560931683  0.5751000000  1.0681605339  0.0090296929  4375.0000000  0.3000570238  0.1690945625  350          
0.1_acc       0.1_loss      0.5_acc       0.5_loss      0.9_acc       0.9_loss      avg_step_tim  epoch         loss          mem_gb        step         
0.7351000000  0.6569356918  0.6413000000  0.9365513325  0.5613000000  1.1944735050  0.0077031493  5000.0000000  0.2570919394  0.1690945625  400          
0.1_acc       0.1_loss      0.5_acc       0.5_loss      0.9_acc       0.9_loss      avg_step_tim  epoch         loss          mem_gb        step         
0.7330000000  0.7058062553  0.6376000000  1.0121458769  0.5554000000  1.2980877161  0.0068652529  5625.0000000  0.2192063034  0.1690945625  450          
0.1_acc       0.1_loss      0.5_acc       0.5_loss      0.9_acc       0.9_loss      avg_step_tim  epoch         loss          mem_gb        step         
0.7264000000  0.7669675350  0.6362000000  1.0845050812  0.5600000000  1.3770642281  0.0064094610  6250.0000000  0.1944970489  0.1690945625  500          
0.1_acc       0.1_loss      0.5_acc       0.5_loss      0.9_acc       0.9_loss      avg_step_tim  epoch         loss          mem_gb        step         
0.7242000000  0.8117778301  0.6320000000  1.1509968042  0.5554000000  1.4714708328  0.0061082034  6875.0000000  0.1662408859  0.1690945625  550          
0.1_acc       0.1_loss      0.5_acc       0.5_loss      0.9_acc       0.9_loss      avg_step_tim  epoch         loss          mem_gb        step         
0.7236000000  0.8592070937  0.6309000000  1.2231075764  0.5551000000  1.5599837303  0.0056816940  7500.0000000  0.1462747902  0.1690945625  600          
[1.21, 1.26, 1.3, 1.35, 1.39, 1.43, 1.47, 1.52, 1.56, 1.6, 1.67]

final accuracies:
0.0    0.1    0.2    0.3    0.4    0.5    0.6    0.7    0.8    0.9    1.0   
0.749  0.729  0.711  0.679  0.659  0.632  0.617  0.591  0.567  0.551  0.525 
[0.67, 0.69, 0.71, 0.73, 0.75, 0.77, 0.78, 0.81, 0.82, 0.84, 0.87]

best accuracies:
0.0    0.1    0.2    0.3    0.4    0.5    0.6    0.7    0.8    0.9    1.0   
0.778  0.762  0.746  0.716  0.696  0.671  0.656  0.631  0.611  0.594  0.566 
Args:
	algorithm: irm
	alpha: 0.4
	batch_size: 25000
	data_dir: ..\data
	deterministic: False
	dropout_p: 0.2
	erm_pretrain_iters: 400
	eval_freq: 50
	exp_name: domain_stress
	full_resolution: False
	groupdro_eta: 1.0
	loss_fn: nll
	lr: 0.0001
	lr_cos_sched: True
	lr_factor_reduction: 1
	mlp_hidden_dim: 390
	n_workers: 0
	network: FiLMedMLP
	other_arg: default
	output_dir: ..\results\cmnist_exp
	penalty_weight: 1000.0
	save_ckpts: True
	seed: 1
	steps: 600
	test_env_ms: 0.9
	test_envs: 0.1,0.5,0.9
	train_env_ps: (0.01, 0.12, 0.5, 0.99)
	train_env_size_mode: random
	train_env_sizes: 2000,2000,2000,2000
	train_env_sizes_parsed: (2000, 2000, 2000, 2000)
	train_envs: 0.01,0.12,0.5,0.99
	weight_decay: 0
Train environment sample counts: [2000, 2000, 2000, 2000]
0.1_acc       0.1_loss      0.5_acc       0.5_loss      0.9_acc       0.9_loss      avg_step_tim  epoch         loss          mem_gb        step         
0.7893000000  0.5119346976  0.6091000000  0.6624814868  0.4444000000  0.8087719679  0.0545265245  625.00000000  0.6266055703  0.1690945625  50           
0.1_acc       0.1_loss      0.5_acc       0.5_loss      0.9_acc       0.9_loss      avg_step_tim  epoch         loss          mem_gb        step         
0.7675000000  0.4950601459  0.6495000000  0.6453343034  0.5520000000  0.7825006843  0.0257778764  1250.0000000  0.5812208652  0.1690945625  100          
0.1_acc       0.1_loss      0.5_acc       0.5_loss      0.9_acc       0.9_loss      avg_step_tim  epoch         loss          mem_gb        step         
0.7620000000  0.4954776168  0.6666000000  0.6486114860  0.5834000000  0.7887311578  0.0195894337  1875.0000000  0.5362558961  0.1690945625  150          
0.1_acc       0.1_loss      0.5_acc       0.5_loss      0.9_acc       0.9_loss      avg_step_tim  epoch         loss          mem_gb        step         
0.7564000000  0.5092212558  0.6637000000  0.6731675863  0.5861000000  0.8255814314  0.0159275901  2500.0000000  0.4843537509  0.1690945625  200          
0.1_acc       0.1_loss      0.5_acc       0.5_loss      0.9_acc       0.9_loss      avg_step_tim  epoch         loss          mem_gb        step         
0.7542000000  0.5240142345  0.6550000000  0.7219214439  0.5719000000  0.9077507854  0.0125670147  3125.0000000  0.4159306884  0.1690945625  250          
0.1_acc       0.1_loss      0.5_acc       0.5_loss      0.9_acc       0.9_loss      avg_step_tim  epoch         loss          mem_gb        step         
0.7418000000  0.5690222383  0.6506000000  0.7847766876  0.5728000000  0.9836742878  0.0105979085  3750.0000000  0.3516453505  0.1690945625  300          
0.1_acc       0.1_loss      0.5_acc       0.5_loss      0.9_acc       0.9_loss      avg_step_tim  epoch         loss          mem_gb        step         
0.7328000000  0.6230182648  0.6479000000  0.8560931683  0.5751000000  1.0681605339  0.0089350612  4375.0000000  0.3000570238  0.1690945625  350          
0.1_acc       0.1_loss      0.5_acc       0.5_loss      0.9_acc       0.9_loss      avg_step_tim  epoch         loss          mem_gb        step         
0.7351000000  0.6569356918  0.6413000000  0.9365513325  0.5613000000  1.1944735050  0.0078669113  5000.0000000  0.2570919394  0.1690945625  400          
Saved ERM-pretrained model.
0.1_acc       0.1_loss      0.5_acc       0.5_loss      0.9_acc       0.9_loss      avg_step_tim  epoch         erm_loss      loss          mem_gb        penalty       step         
0.7109000000  0.7794373035  0.6510000000  0.9945429564  0.6124000000  1.1798086166  0.0076909267  5625.0000000  0.2681941092  0.0003548382  0.1690993309  0.0000866441  450          
0.1_acc       0.1_loss      0.5_acc       0.5_loss      0.9_acc       0.9_loss      avg_step_tim  epoch         erm_loss      loss          mem_gb        penalty       step         
0.7113000000  0.7789835334  0.6561000000  0.9835801721  0.6108000000  1.1548873186  0.0068409252  6250.0000000  0.2750097513  0.0003597531  0.1690993309  0.0000847433  500          
0.1_acc       0.1_loss      0.5_acc       0.5_loss      0.9_acc       0.9_loss      avg_step_tim  epoch         erm_loss      loss          mem_gb        penalty       step         
0.7121000000  0.7811200619  0.6544000000  0.9926307201  0.6135000000  1.1734111309  0.0063898611  6875.0000000  0.2690230012  0.0003099081  0.1690993309  0.0000408851  550          
0.1_acc       0.1_loss      0.5_acc       0.5_loss      0.9_acc       0.9_loss      avg_step_tim  epoch         erm_loss      loss          mem_gb        penalty       step         
0.7146000000  0.7718101740  0.6543000000  0.9927824736  0.6101000000  1.1831299067  0.0054737194  7500.0000000  0.2623809874  0.0003695305  0.1690993309  0.0001071495  600          
[0.98, 1.0, 1.03, 1.06, 1.08, 1.1, 1.12, 1.15, 1.18, 1.2, 1.24]

final accuracies:
0.0    0.1    0.2    0.3    0.4    0.5    0.6    0.7    0.8    0.9    1.0   
0.729  0.722  0.707  0.688  0.677  0.657  0.651  0.634  0.621  0.613  0.592 
[0.98, 1.0, 1.03, 1.05, 1.07, 1.1, 1.12, 1.14, 1.17, 1.19, 1.23]

best accuracies:
0.0    0.1    0.2    0.3    0.4    0.5    0.6    0.7    0.8    0.9    1.0   
0.725  0.719  0.705  0.687  0.677  0.657  0.653  0.636  0.623  0.616  0.595 
Args:
	algorithm: groupdro
	alpha: 0.4
	batch_size: 25000
	data_dir: ..\data
	deterministic: False
	dropout_p: 0.2
	erm_pretrain_iters: 400
	eval_freq: 50
	exp_name: domain_stress
	full_resolution: False
	groupdro_eta: 0.1
	loss_fn: nll
	lr: 0.0001
	lr_cos_sched: True
	lr_factor_reduction: 1
	mlp_hidden_dim: 390
	n_workers: 0
	network: FiLMedMLP
	other_arg: default
	output_dir: ..\results\cmnist_exp
	penalty_weight: 1000
	save_ckpts: True
	seed: 1
	steps: 1000
	test_env_ms: 0.9
	test_envs: 0.1,0.5,0.9
	train_env_ps: (0.01, 0.12, 0.5, 0.99)
	train_env_size_mode: random
	train_env_sizes: 2000,2000,2000,2000
	train_env_sizes_parsed: (2000, 2000, 2000, 2000)
	train_envs: 0.01,0.12,0.5,0.99
	weight_decay: 0
Train environment sample counts: [2000, 2000, 2000, 2000]
train_sandbox.py:189: FutureWarning: You are using `torch.load` with `weights_only=False` (the current default value), which uses the default pickle module implicitly. It is possible to construct malicious pickle data which will execute arbitrary code during unpickling (See https://github.com/pytorch/pytorch/blob/main/SECURITY.md#untrusted-models for more details). In a future release, the default value for `weights_only` will be flipped to `True`. This limits the functions that could be executed during unpickling. Arbitrary objects will no longer be allowed to be loaded via this mode unless they are explicitly allowlisted by the user via `torch.serialization.add_safe_globals`. We recommend you start setting `weights_only=True` for any use case where you don't have full control of the loaded file. Please open an issue on GitHub for any issues related to this experimental feature.
  algorithm.load_state_dict(torch.load(erm_ckpt_pth, map_location=device), strict=False)
ERM-pretrained model loaded: 85d17bbc83d1821b60966956b6b2cff2.
0.1_acc       0.1_loss      0.5_acc       0.5_loss      0.9_acc       0.9_loss      avg_step_tim  epoch         loss          mem_gb        step         
0.7118000000  0.7418801785  0.6466000000  0.9600379467  0.5903000000  1.1546769142  0.0061481301  5625.0000000  0.2363804430  0.1395421028  450          
0.1_acc       0.1_loss      0.5_acc       0.5_loss      0.9_acc       0.9_loss      avg_step_tim  epoch         loss          mem_gb        step         
0.7068000000  0.7804048657  0.6444000000  1.0038837194  0.5894000000  1.2022513151  0.0053155241  6250.0000000  0.2208824456  0.1395425797  500          
0.1_acc       0.1_loss      0.5_acc       0.5_loss      0.9_acc       0.9_loss      avg_step_tim  epoch         loss          mem_gb        step         
0.7014000000  0.8334146142  0.6442000000  1.0456593037  0.5950000000  1.2330644131  0.0054463733  6875.0000000  0.2033741325  0.1395425797  550          
0.1_acc       0.1_loss      0.5_acc       0.5_loss      0.9_acc       0.9_loss      avg_step_tim  epoch         loss          mem_gb        step         
0.7027000000  0.8534221649  0.6401000000  1.0884848833  0.5891000000  1.2981309891  0.0053538918  7500.0000000  0.1941435635  0.1395425797  600          
0.1_acc       0.1_loss      0.5_acc       0.5_loss      0.9_acc       0.9_loss      avg_step_tim  epoch         loss          mem_gb        step         
0.7077000000  0.8589560390  0.6384000000  1.1335566044  0.5793000000  1.3841199875  0.0050094678  8125.0000000  0.1703404486  0.1395425797  650          
0.1_acc       0.1_loss      0.5_acc       0.5_loss      0.9_acc       0.9_loss      avg_step_tim  epoch         loss          mem_gb        step         
0.7062000000  0.8776555657  0.6373000000  1.1630450487  0.5792000000  1.4243409634  0.0044809634  8750.0000000  0.1572805047  0.1395425797  700          
0.1_acc       0.1_loss      0.5_acc       0.5_loss      0.9_acc       0.9_loss      avg_step_tim  epoch         loss          mem_gb        step         
0.7053000000  0.8933115005  0.6354000000  1.1900564432  0.5755000000  1.4626332521  0.0044288944  9375.0000000  0.1554114521  0.1395425797  750          
0.1_acc       0.1_loss      0.5_acc       0.5_loss      0.9_acc       0.9_loss      avg_step_tim  epoch         loss          mem_gb        step         
0.7040000000  0.9109236002  0.6353000000  1.2066907883  0.5768000000  1.4778417349  0.0039773738  10000.000000  0.1480003744  0.1395425797  800          
0.1_acc       0.1_loss      0.5_acc       0.5_loss      0.9_acc       0.9_loss      avg_step_tim  epoch         loss          mem_gb        step         
0.7063000000  0.9150782228  0.6349000000  1.2201273441  0.5747000000  1.5005950928  0.0039679022  10625.000000  0.1542538404  0.1395425797  850          
0.1_acc       0.1_loss      0.5_acc       0.5_loss      0.9_acc       0.9_loss      avg_step_tim  epoch         loss          mem_gb        step         
0.7052000000  0.9191142321  0.6349000000  1.2236386538  0.5756000000  1.5042608976  0.0035573724  11250.000000  0.1498526931  0.1395425797  900          
0.1_acc       0.1_loss      0.5_acc       0.5_loss      0.9_acc       0.9_loss      avg_step_tim  epoch         loss          mem_gb        step         
0.7034000000  0.9254345298  0.6360000000  1.2244755030  0.5767000000  1.4992710352  0.0034219368  11875.000000  0.1516713500  0.1395425797  950          
0.1_acc       0.1_loss      0.5_acc       0.5_loss      0.9_acc       0.9_loss      avg_step_tim  epoch         loss          mem_gb        step         
0.7031000000  0.9266717434  0.6361000000  1.2244733572  0.5773000000  1.4978729486  0.0032360361  12500.000000  0.1559848487  0.1395425797  1000         
[1.21, 1.25, 1.29, 1.33, 1.36, 1.39, 1.42, 1.46, 1.49, 1.53, 1.58]

final accuracies:
0.0    0.1    0.2    0.3    0.4    0.5    0.6    0.7    0.8    0.9    1.0   
0.727  0.712  0.699  0.671  0.657  0.636  0.629  0.607  0.590  0.580  0.557 
[1.03, 1.06, 1.08, 1.11, 1.13, 1.16, 1.18, 1.2, 1.23, 1.25, 1.29]

best accuracies:
0.0    0.1    0.2    0.3    0.4    0.5    0.6    0.7    0.8    0.9    1.0   
0.720  0.710  0.694  0.674  0.663  0.645  0.640  0.620  0.605  0.596  0.577 
Args:
	algorithm: iro
	alpha: 0.4
	batch_size: 25000
	data_dir: ..\data
	deterministic: False
	dropout_p: 0.2
	erm_pretrain_iters: 400
	eval_freq: 50
	exp_name: domain_stress
	full_resolution: False
	groupdro_eta: 1.0
	loss_fn: nll
	lr: 0.0001
	lr_cos_sched: True
	lr_factor_reduction: 1
	mlp_hidden_dim: 390
	n_workers: 0
	network: FiLMedMLP
	other_arg: default
	output_dir: ..\results\cmnist_exp
	penalty_weight: 1000
	save_ckpts: True
	seed: 1
	steps: 600
	test_env_ms: 0.9
	test_envs: 0.1,0.5,0.9
	train_env_ps: (0.01, 0.12, 0.5, 0.99)
	train_env_size_mode: random
	train_env_sizes: 2000,2000,2000,2000
	train_env_sizes_parsed: (2000, 2000, 2000, 2000)
	train_envs: 0.01,0.12,0.5,0.99
	weight_decay: 0
Train environment sample counts: [2000, 2000, 2000, 2000]
train_sandbox.py:189: FutureWarning: You are using `torch.load` with `weights_only=False` (the current default value), which uses the default pickle module implicitly. It is possible to construct malicious pickle data which will execute arbitrary code during unpickling (See https://github.com/pytorch/pytorch/blob/main/SECURITY.md#untrusted-models for more details). In a future release, the default value for `weights_only` will be flipped to `True`. This limits the functions that could be executed during unpickling. Arbitrary objects will no longer be allowed to be loaded via this mode unless they are explicitly allowlisted by the user via `torch.serialization.add_safe_globals`. We recommend you start setting `weights_only=True` for any use case where you don't have full control of the loaded file. Please open an issue on GitHub for any issues related to this experimental feature.
  algorithm.load_state_dict(torch.load(erm_ckpt_pth, map_location=device), strict=False)
ERM-pretrained model loaded: 85d17bbc83d1821b60966956b6b2cff2.
0.1_acc       0.1_loss      0.5_acc       0.5_loss      0.9_acc       0.9_loss      avg_step_tim  epoch         loss          mem_gb        step         
0.6855000000  0.6648077965  0.6261000000  0.6573041677  0.6160000000  0.6657450795  0.0475059308  5625.0000000  0.0999315307  1.3667187691  450          
0.1_acc       0.1_loss      0.5_acc       0.5_loss      0.9_acc       0.9_loss      avg_step_tim  epoch         loss          mem_gb        step         
0.7117000000  0.6285714507  0.6600000000  0.6334384680  0.6467000000  0.6474285722  0.0420433583  6250.0000000  0.0902841389  1.3667187691  500          
0.1_acc       0.1_loss      0.5_acc       0.5_loss      0.9_acc       0.9_loss      avg_step_tim  epoch         loss          mem_gb        step         
0.7125000000  0.6193812490  0.6692000000  0.6326639652  0.6488000000  0.6507363319  0.0382059149  6875.0000000  0.0831809193  1.3667187691  550          
0.1_acc       0.1_loss      0.5_acc       0.5_loss      0.9_acc       0.9_loss      avg_step_tim  epoch         loss          mem_gb        step         
0.7130000000  0.6179119945  0.6684000000  0.6331851482  0.6480000000  0.6521741748  0.0346003803  7500.0000000  0.0852794349  1.3667187691  600          
[0.63, 0.63, 0.63, 0.63, 0.63, 0.63, 0.64, 0.64, 0.64, 0.65, 0.66] [0.68, 0.68, 0.67, 0.67, 0.67, 0.67, 0.66, 0.66, 0.66, 0.66, 0.65]

final accuracies:
0.0    0.1    0.2    0.3    0.4    0.5    0.6    0.7    0.8    0.9    1.0   
0.721  0.713  0.708  0.698  0.691  0.693  0.675  0.671  0.654  0.655  0.649 
[0.63, 0.63, 0.63, 0.63, 0.63, 0.63, 0.64, 0.64, 0.64, 0.65, 0.65] [0.68, 0.68, 0.67, 0.67, 0.67, 0.67, 0.66, 0.66, 0.66, 0.66, 0.65]

best accuracies:
0.0    0.1    0.2    0.3    0.4    0.5    0.6    0.7    0.8    0.9    1.0   
0.721  0.713  0.707  0.699  0.691  0.693  0.675  0.672  0.653  0.655  0.648 
Args:
	algorithm: inftask
	alpha: 0.4
	batch_size: 25000
	data_dir: ..\data
	deterministic: False
	dropout_p: 0.2
	erm_pretrain_iters: 400
	eval_freq: 50
	exp_name: domain_stress
	full_resolution: False
	groupdro_eta: 1.0
	loss_fn: nll
	lr: 0.0001
	lr_cos_sched: True
	lr_factor_reduction: 1
	mlp_hidden_dim: 390
	n_workers: 0
	network: FiLMedMLP
	other_arg: default
	output_dir: ..\results\cmnist_exp
	penalty_weight: 1000
	save_ckpts: True
	seed: 1
	steps: 600
	test_env_ms: 0.9
	test_envs: 0.1,0.5,0.9
	train_env_ps: (0.01, 0.12, 0.5, 0.99)
	train_env_size_mode: random
	train_env_sizes: 2000,2000,2000,2000
	train_env_sizes_parsed: (2000, 2000, 2000, 2000)
	train_envs: 0.01,0.12,0.5,0.99
	weight_decay: 0
Train environment sample counts: [2000, 2000, 2000, 2000]
train_sandbox.py:189: FutureWarning: You are using `torch.load` with `weights_only=False` (the current default value), which uses the default pickle module implicitly. It is possible to construct malicious pickle data which will execute arbitrary code during unpickling (See https://github.com/pytorch/pytorch/blob/main/SECURITY.md#untrusted-models for more details). In a future release, the default value for `weights_only` will be flipped to `True`. This limits the functions that could be executed during unpickling. Arbitrary objects will no longer be allowed to be loaded via this mode unless they are explicitly allowlisted by the user via `torch.serialization.add_safe_globals`. We recommend you start setting `weights_only=True` for any use case where you don't have full control of the loaded file. Please open an issue on GitHub for any issues related to this experimental feature.
  algorithm.load_state_dict(torch.load(erm_ckpt_pth, map_location=device), strict=False)
ERM-pretrained model loaded: 85d17bbc83d1821b60966956b6b2cff2.
0.1_acc       0.1_loss      0.5_acc       0.5_loss      0.9_acc       0.9_loss      avg_step_tim  epoch         loss          mem_gb        step         
0.6816000000  0.6628505588  0.6182000000  0.6580446362  0.6044000000  0.6672752500  0.0151805009  5625.0000000  0.1200001985  0.5484056473  450          
0.1_acc       0.1_loss      0.5_acc       0.5_loss      0.9_acc       0.9_loss      avg_step_tim  epoch         loss          mem_gb        step         
0.7072000000  0.6321145892  0.6596000000  0.6334771514  0.6462000000  0.6471003294  0.0132975221  6250.0000000  0.1050162092  0.5484056473  500          
0.1_acc       0.1_loss      0.5_acc       0.5_loss      0.9_acc       0.9_loss      avg_step_tim  epoch         loss          mem_gb        step         
0.7123000000  0.6204360127  0.6680000000  0.6325369477  0.6489000000  0.6486030817  0.0121665239  6875.0000000  0.1029933020  0.5484056473  550          
0.1_acc       0.1_loss      0.5_acc       0.5_loss      0.9_acc       0.9_loss      avg_step_tim  epoch         loss          mem_gb        step         
0.7135000000  0.6186898947  0.6686000000  0.6329783797  0.6472000000  0.6521344781  0.0111259754  7500.0000000  0.1024773195  0.5484056473  600          
[0.63, 0.63, 0.63, 0.63, 0.63, 0.63, 0.64, 0.64, 0.64, 0.65, 0.66] [0.68, 0.68, 0.67, 0.67, 0.67, 0.67, 0.66, 0.66, 0.66, 0.65, 0.64]

final accuracies:
0.0    0.1    0.2    0.3    0.4    0.5    0.6    0.7    0.8    0.9    1.0   
0.724  0.715  0.716  0.698  0.690  0.686  0.678  0.665  0.654  0.656  0.643 
[0.64, 0.64, 0.63, 0.63, 0.63, 0.63, 0.63, 0.64, 0.64, 0.65, 0.65] [0.68, 0.68, 0.67, 0.67, 0.67, 0.67, 0.67, 0.66, 0.66, 0.65, 0.64]

best accuracies:
0.0    0.1    0.2    0.3    0.4    0.5    0.6    0.7    0.8    0.9    1.0   
0.724  0.714  0.716  0.698  0.688  0.685  0.679  0.666  0.656  0.658  0.644 
Args:
	algorithm: erm
	alpha: 0.4
	batch_size: 25000
	data_dir: ..\data
	deterministic: False
	dropout_p: 0.2
	erm_pretrain_iters: 0
	eval_freq: 50
	exp_name: domain_stress
	full_resolution: False
	groupdro_eta: 1.0
	loss_fn: nll
	lr: 0.0001
	lr_cos_sched: False
	lr_factor_reduction: 1
	mlp_hidden_dim: 390
	n_workers: 0
	network: FiLMedMLP
	other_arg: default
	output_dir: ..\results\cmnist_exp
	penalty_weight: 1000
	save_ckpts: False
	seed: 1
	steps: 600
	test_env_ms: 0.9
	test_envs: 0.1,0.5,0.9
	train_env_ps: (0.01, 0.12, 0.5, 0.99)
	train_env_size_mode: random
	train_env_sizes: 4000,4000,4000,4000
	train_env_sizes_parsed: (4000, 4000, 4000, 4000)
	train_envs: 0.01,0.12,0.5,0.99
	weight_decay: 0
Train environment sample counts: [4000, 4000, 4000, 4000]
0.1_acc       0.1_loss      0.5_acc       0.5_loss      0.9_acc       0.9_loss      avg_step_tim  epoch         loss          mem_gb        step         
0.7789000000  0.5084869266  0.6214000000  0.6591595411  0.4719000000  0.8055405617  0.1143536615  312.50000000  0.6239894032  0.2717189789  50           
0.1_acc       0.1_loss      0.5_acc       0.5_loss      0.9_acc       0.9_loss      avg_step_tim  epoch         loss          mem_gb        step         
0.7653000000  0.4948295653  0.6578000000  0.6411032081  0.5647000000  0.7745563388  0.0657717276  625.00000000  0.5886198878  0.2717189789  100          
0.1_acc       0.1_loss      0.5_acc       0.5_loss      0.9_acc       0.9_loss      avg_step_tim  epoch         loss          mem_gb        step         
0.7586000000  0.4910306633  0.6749000000  0.6369649768  0.6036000000  0.7689982057  0.0452636321  937.50000000  0.5602922440  0.2717189789  150          
0.1_acc       0.1_loss      0.5_acc       0.5_loss      0.9_acc       0.9_loss      avg_step_tim  epoch         loss          mem_gb        step         
0.7576000000  0.4920998812  0.6823000000  0.6420947313  0.6160000000  0.7793413997  0.0336535013  1250.0000000  0.5314359069  0.2717189789  200          
0.1_acc       0.1_loss      0.5_acc       0.5_loss      0.9_acc       0.9_loss      avg_step_tim  epoch         loss          mem_gb        step         
0.7569000000  0.4989292920  0.6772000000  0.6581963897  0.6091000000  0.8042262197  0.0266057348  1562.5000000  0.4981214106  0.2717189789  250          
0.1_acc       0.1_loss      0.5_acc       0.5_loss      0.9_acc       0.9_loss      avg_step_tim  epoch         loss          mem_gb        step         
0.7468000000  0.5243078470  0.6718000000  0.6811388731  0.6102000000  0.8259366751  0.0225390569  1875.0000000  0.4560372829  0.2717189789  300          
0.1_acc       0.1_loss      0.5_acc       0.5_loss      0.9_acc       0.9_loss      avg_step_tim  epoch         loss          mem_gb        step         
0.7478000000  0.5362865925  0.6644000000  0.7188506722  0.5896000000  0.8911885619  0.0194236292  2187.5000000  0.4164063931  0.2717189789  350          
0.1_acc       0.1_loss      0.5_acc       0.5_loss      0.9_acc       0.9_loss      avg_step_tim  epoch         loss          mem_gb        step         
0.7437000000  0.5639153719  0.6561000000  0.7573682666  0.5814000000  0.9395001531  0.0181399357  2500.0000000  0.3759430945  0.2717189789  400          
0.1_acc       0.1_loss      0.5_acc       0.5_loss      0.9_acc       0.9_loss      avg_step_tim  epoch         loss          mem_gb        step         
0.7406000000  0.5906367302  0.6484000000  0.8034755588  0.5708000000  1.0057990551  0.0153766214  2812.5000000  0.3455572426  0.2717189789  450          
0.1_acc       0.1_loss      0.5_acc       0.5_loss      0.9_acc       0.9_loss      avg_step_tim  epoch         loss          mem_gb        step         
0.7388000000  0.6165685654  0.6474000000  0.8473061323  0.5653000000  1.0672354698  0.0134254661  3125.0000000  0.3085268736  0.2717189789  500          
0.1_acc       0.1_loss      0.5_acc       0.5_loss      0.9_acc       0.9_loss      avg_step_tim  epoch         loss          mem_gb        step         
0.7295000000  0.6569712162  0.6453000000  0.8884935379  0.5720000000  1.1069682837  0.0122412942  3437.5000000  0.2765598297  0.2717189789  550          
0.1_acc       0.1_loss      0.5_acc       0.5_loss      0.9_acc       0.9_loss      avg_step_tim  epoch         loss          mem_gb        step         
0.7226000000  0.6949676871  0.6431000000  0.9338583946  0.5694000000  1.1581530571  0.0111872884  3750.0000000  0.2562958300  0.2717189789  600          
[0.91, 0.94, 0.97, 1.0, 1.03, 1.05, 1.08, 1.11, 1.14, 1.17, 1.2]

final accuracies:
0.0    0.1    0.2    0.3    0.4    0.5    0.6    0.7    0.8    0.9    1.0   
0.750  0.732  0.713  0.688  0.671  0.651  0.635  0.611  0.591  0.581  0.556 
[0.63, 0.65, 0.67, 0.69, 0.7, 0.72, 0.74, 0.76, 0.78, 0.79, 0.82]

best accuracies:
0.0    0.1    0.2    0.3    0.4    0.5    0.6    0.7    0.8    0.9    1.0   
0.777  0.764  0.750  0.727  0.710  0.685  0.679  0.654  0.635  0.627  0.604 
Args:
	algorithm: irm
	alpha: 0.4
	batch_size: 25000
	data_dir: ..\data
	deterministic: False
	dropout_p: 0.2
	erm_pretrain_iters: 400
	eval_freq: 50
	exp_name: domain_stress
	full_resolution: False
	groupdro_eta: 1.0
	loss_fn: nll
	lr: 0.0001
	lr_cos_sched: True
	lr_factor_reduction: 1
	mlp_hidden_dim: 390
	n_workers: 0
	network: FiLMedMLP
	other_arg: default
	output_dir: ..\results\cmnist_exp
	penalty_weight: 1000.0
	save_ckpts: True
	seed: 1
	steps: 600
	test_env_ms: 0.9
	test_envs: 0.1,0.5,0.9
	train_env_ps: (0.01, 0.12, 0.5, 0.99)
	train_env_size_mode: random
	train_env_sizes: 4000,4000,4000,4000
	train_env_sizes_parsed: (4000, 4000, 4000, 4000)
	train_envs: 0.01,0.12,0.5,0.99
	weight_decay: 0
Train environment sample counts: [4000, 4000, 4000, 4000]
0.1_acc       0.1_loss      0.5_acc       0.5_loss      0.9_acc       0.9_loss      avg_step_tim  epoch         loss          mem_gb        step         
0.7789000000  0.5084869266  0.6214000000  0.6591595411  0.4719000000  0.8055405617  0.1128707600  312.50000000  0.6239894032  0.2717189789  50           
0.1_acc       0.1_loss      0.5_acc       0.5_loss      0.9_acc       0.9_loss      avg_step_tim  epoch         loss          mem_gb        step         
0.7653000000  0.4948295653  0.6578000000  0.6411032081  0.5647000000  0.7745563388  0.0660533237  625.00000000  0.5886198878  0.2717189789  100          
0.1_acc       0.1_loss      0.5_acc       0.5_loss      0.9_acc       0.9_loss      avg_step_tim  epoch         loss          mem_gb        step         
0.7586000000  0.4910306633  0.6749000000  0.6369649768  0.6036000000  0.7689982057  0.0454336532  937.50000000  0.5602922440  0.2717189789  150          
0.1_acc       0.1_loss      0.5_acc       0.5_loss      0.9_acc       0.9_loss      avg_step_tim  epoch         loss          mem_gb        step         
0.7576000000  0.4920998812  0.6823000000  0.6420947313  0.6160000000  0.7793413997  0.0335102165  1250.0000000  0.5314359069  0.2717189789  200          
0.1_acc       0.1_loss      0.5_acc       0.5_loss      0.9_acc       0.9_loss      avg_step_tim  epoch         loss          mem_gb        step         
0.7569000000  0.4989292920  0.6772000000  0.6581963897  0.6091000000  0.8042262197  0.0275751753  1562.5000000  0.4981214106  0.2717189789  250          
0.1_acc       0.1_loss      0.5_acc       0.5_loss      0.9_acc       0.9_loss      avg_step_tim  epoch         loss          mem_gb        step         
0.7468000000  0.5243078470  0.6718000000  0.6811388731  0.6102000000  0.8259366751  0.0225595395  1875.0000000  0.4560372829  0.2717189789  300          
0.1_acc       0.1_loss      0.5_acc       0.5_loss      0.9_acc       0.9_loss      avg_step_tim  epoch         loss          mem_gb        step         
0.7478000000  0.5362865925  0.6644000000  0.7188506722  0.5896000000  0.8911885619  0.0191875110  2187.5000000  0.4164063931  0.2717189789  350          
0.1_acc       0.1_loss      0.5_acc       0.5_loss      0.9_acc       0.9_loss      avg_step_tim  epoch         loss          mem_gb        step         
0.7437000000  0.5639153719  0.6561000000  0.7573682666  0.5814000000  0.9395001531  0.0167559761  2500.0000000  0.3759430945  0.2717189789  400          
Saved ERM-pretrained model.
0.1_acc       0.1_loss      0.5_acc       0.5_loss      0.9_acc       0.9_loss      avg_step_tim  epoch         erm_loss      loss          mem_gb        penalty       step         
0.7026000000  0.6785300374  0.6709000000  0.7599460483  0.6542000000  0.8228158951  0.0155973604  2812.5000000  0.3936114013  0.0004229434  0.2717237473  0.0000293320  450          
0.1_acc       0.1_loss      0.5_acc       0.5_loss      0.9_acc       0.9_loss      avg_step_tim  epoch         erm_loss      loss          mem_gb        penalty       step         
0.7060000000  0.6695634723  0.6715000000  0.7614793777  0.6503000000  0.8330380917  0.0139844322  3125.0000000  0.3893553615  0.0004271949  0.2717237473  0.0000378395  500          
0.1_acc       0.1_loss      0.5_acc       0.5_loss      0.9_acc       0.9_loss      avg_step_tim  epoch         erm_loss      loss          mem_gb        penalty       step         
0.7037000000  0.6780031323  0.6701000000  0.7597587705  0.6542000000  0.8215159178  0.0127752781  3437.5000000  0.3848539591  0.0004489821  0.2717237473  0.0000641281  550          
0.1_acc       0.1_loss      0.5_acc       0.5_loss      0.9_acc       0.9_loss      avg_step_tim  epoch         erm_loss      loss          mem_gb        penalty       step         
0.7024000000  0.6815985441  0.6698000000  0.7604634166  0.6567000000  0.8192466497  0.0117682326  3750.0000000  0.3904353380  0.0003987722  0.2717237473  0.0000083369  600          
[0.74, 0.75, 0.76, 0.77, 0.78, 0.78, 0.79, 0.8, 0.81, 0.82, 0.83]

final accuracies:
0.0    0.1    0.2    0.3    0.4    0.5    0.6    0.7    0.8    0.9    1.0   
0.713  0.711  0.708  0.699  0.690  0.678  0.681  0.673  0.662  0.664  0.651 
[0.74, 0.75, 0.76, 0.77, 0.78, 0.78, 0.79, 0.8, 0.81, 0.82, 0.83]

best accuracies:
0.0    0.1    0.2    0.3    0.4    0.5    0.6    0.7    0.8    0.9    1.0   
0.713  0.711  0.708  0.699  0.690  0.678  0.681  0.673  0.662  0.664  0.651 
Args:
	algorithm: groupdro
	alpha: 0.4
	batch_size: 25000
	data_dir: ..\data
	deterministic: False
	dropout_p: 0.2
	erm_pretrain_iters: 400
	eval_freq: 50
	exp_name: domain_stress
	full_resolution: False
	groupdro_eta: 0.1
	loss_fn: nll
	lr: 0.0001
	lr_cos_sched: True
	lr_factor_reduction: 1
	mlp_hidden_dim: 390
	n_workers: 0
	network: FiLMedMLP
	other_arg: default
	output_dir: ..\results\cmnist_exp
	penalty_weight: 1000
	save_ckpts: True
	seed: 1
	steps: 1000
	test_env_ms: 0.9
	test_envs: 0.1,0.5,0.9
	train_env_ps: (0.01, 0.12, 0.5, 0.99)
	train_env_size_mode: random
	train_env_sizes: 4000,4000,4000,4000
	train_env_sizes_parsed: (4000, 4000, 4000, 4000)
	train_envs: 0.01,0.12,0.5,0.99
	weight_decay: 0
Train environment sample counts: [4000, 4000, 4000, 4000]
train_sandbox.py:189: FutureWarning: You are using `torch.load` with `weights_only=False` (the current default value), which uses the default pickle module implicitly. It is possible to construct malicious pickle data which will execute arbitrary code during unpickling (See https://github.com/pytorch/pytorch/blob/main/SECURITY.md#untrusted-models for more details). In a future release, the default value for `weights_only` will be flipped to `True`. This limits the functions that could be executed during unpickling. Arbitrary objects will no longer be allowed to be loaded via this mode unless they are explicitly allowlisted by the user via `torch.serialization.add_safe_globals`. We recommend you start setting `weights_only=True` for any use case where you don't have full control of the loaded file. Please open an issue on GitHub for any issues related to this experimental feature.
  algorithm.load_state_dict(torch.load(erm_ckpt_pth, map_location=device), strict=False)
ERM-pretrained model loaded: dd67d7ca5c9f26a0d387f4de35ee4f8c.
0.1_acc       0.1_loss      0.5_acc       0.5_loss      0.9_acc       0.9_loss      avg_step_tim  epoch         loss          mem_gb        step         
0.7055000000  0.6580619216  0.6611000000  0.7574467063  0.6342000000  0.8418761492  0.0129292430  2812.5000000  0.3667055368  0.2166242599  450          
0.1_acc       0.1_loss      0.5_acc       0.5_loss      0.9_acc       0.9_loss      avg_step_tim  epoch         loss          mem_gb        step         
0.6961000000  0.6924319267  0.6609000000  0.7824209929  0.6373000000  0.8566304445  0.0136219835  3125.0000000  0.3495335579  0.2166247368  500          
0.1_acc       0.1_loss      0.5_acc       0.5_loss      0.9_acc       0.9_loss      avg_step_tim  epoch         loss          mem_gb        step         
0.7029000000  0.6934493184  0.6539000000  0.8137020469  0.6216000000  0.9187107086  0.0138491219  3437.5000000  0.3309131861  0.2166247368  550          
0.1_acc       0.1_loss      0.5_acc       0.5_loss      0.9_acc       0.9_loss      avg_step_tim  epoch         loss          mem_gb        step         
0.7042000000  0.7050670981  0.6502000000  0.8399133682  0.6163000000  0.9584345222  0.0114320656  3750.0000000  0.3083991706  0.2166247368  600          
0.1_acc       0.1_loss      0.5_acc       0.5_loss      0.9_acc       0.9_loss      avg_step_tim  epoch         loss          mem_gb        step         
0.6986000000  0.7342076898  0.6489000000  0.8610326052  0.6219000000  0.9717304707  0.0106906205  4062.5000000  0.2953259051  0.2166247368  650          
0.1_acc       0.1_loss      0.5_acc       0.5_loss      0.9_acc       0.9_loss      avg_step_tim  epoch         loss          mem_gb        step         
0.7041000000  0.7274500132  0.6473000000  0.8852755427  0.6089000000  1.0276993513  0.0102442346  4375.0000000  0.2852409482  0.2166247368  700          
0.1_acc       0.1_loss      0.5_acc       0.5_loss      0.9_acc       0.9_loss      avg_step_tim  epoch         loss          mem_gb        step         
0.7031000000  0.7404677272  0.6470000000  0.9011419415  0.6095000000  1.0456045866  0.0096258446  4687.5000000  0.2690224946  0.2166247368  750          
0.1_acc       0.1_loss      0.5_acc       0.5_loss      0.9_acc       0.9_loss      avg_step_tim  epoch         loss          mem_gb        step         
0.7032000000  0.7485935092  0.6474000000  0.9114056230  0.6087000000  1.0581066608  0.0087047616  5000.0000000  0.2663058043  0.2166247368  800          
0.1_acc       0.1_loss      0.5_acc       0.5_loss      0.9_acc       0.9_loss      avg_step_tim  epoch         loss          mem_gb        step         
0.7043000000  0.7526671886  0.6466000000  0.9198732972  0.6066000000  1.0711736679  0.0083521052  5312.5000000  0.2641066909  0.2166247368  850          
0.1_acc       0.1_loss      0.5_acc       0.5_loss      0.9_acc       0.9_loss      avg_step_tim  epoch         loss          mem_gb        step         
0.7029000000  0.7571781278  0.6465000000  0.9240158200  0.6064000000  1.0743712187  0.0077319802  5625.0000000  0.2602834404  0.2166247368  900          
0.1_acc       0.1_loss      0.5_acc       0.5_loss      0.9_acc       0.9_loss      avg_step_tim  epoch         loss          mem_gb        step         
0.7038000000  0.7551110983  0.6462000000  0.9262022972  0.6043000000  1.0813540220  0.0074351022  5937.5000000  0.2636485100  0.2166247368  950          
0.1_acc       0.1_loss      0.5_acc       0.5_loss      0.9_acc       0.9_loss      avg_step_tim  epoch         loss          mem_gb        step         
0.7037000000  0.7557088137  0.6462000000  0.9262118936  0.6051000000  1.0806879997  0.0069253249  6250.0000000  0.2634067535  0.2166247368  1000         
[0.9, 0.92, 0.94, 0.97, 0.98, 1.0, 1.02, 1.04, 1.06, 1.08, 1.11]

final accuracies:
0.0    0.1    0.2    0.3    0.4    0.5    0.6    0.7    0.8    0.9    1.0   
0.724  0.714  0.701  0.684  0.672  0.656  0.647  0.632  0.616  0.610  0.591 
[0.77, 0.78, 0.79, 0.8, 0.81, 0.81, 0.82, 0.83, 0.84, 0.85, 0.87]

best accuracies:
0.0    0.1    0.2    0.3    0.4    0.5    0.6    0.7    0.8    0.9    1.0   
0.709  0.704  0.695  0.684  0.677  0.667  0.664  0.658  0.646  0.643  0.629 
Args:
	algorithm: iro
	alpha: 0.4
	batch_size: 25000
	data_dir: ..\data
	deterministic: False
	dropout_p: 0.2
	erm_pretrain_iters: 400
	eval_freq: 50
	exp_name: domain_stress
	full_resolution: False
	groupdro_eta: 1.0
	loss_fn: nll
	lr: 0.0001
	lr_cos_sched: True
	lr_factor_reduction: 1
	mlp_hidden_dim: 390
	n_workers: 0
	network: FiLMedMLP
	other_arg: default
	output_dir: ..\results\cmnist_exp
	penalty_weight: 1000
	save_ckpts: True
	seed: 1
	steps: 600
	test_env_ms: 0.9
	test_envs: 0.1,0.5,0.9
	train_env_ps: (0.01, 0.12, 0.5, 0.99)
	train_env_size_mode: random
	train_env_sizes: 4000,4000,4000,4000
	train_env_sizes_parsed: (4000, 4000, 4000, 4000)
	train_envs: 0.01,0.12,0.5,0.99
	weight_decay: 0
Train environment sample counts: [4000, 4000, 4000, 4000]
train_sandbox.py:189: FutureWarning: You are using `torch.load` with `weights_only=False` (the current default value), which uses the default pickle module implicitly. It is possible to construct malicious pickle data which will execute arbitrary code during unpickling (See https://github.com/pytorch/pytorch/blob/main/SECURITY.md#untrusted-models for more details). In a future release, the default value for `weights_only` will be flipped to `True`. This limits the functions that could be executed during unpickling. Arbitrary objects will no longer be allowed to be loaded via this mode unless they are explicitly allowlisted by the user via `torch.serialization.add_safe_globals`. We recommend you start setting `weights_only=True` for any use case where you don't have full control of the loaded file. Please open an issue on GitHub for any issues related to this experimental feature.
  algorithm.load_state_dict(torch.load(erm_ckpt_pth, map_location=device), strict=False)
ERM-pretrained model loaded: dd67d7ca5c9f26a0d387f4de35ee4f8c.
0.1_acc       0.1_loss      0.5_acc       0.5_loss      0.9_acc       0.9_loss      avg_step_tim  epoch         loss          mem_gb        step         
0.6573000000  0.6707043052  0.6237000000  0.6621909142  0.6289000000  0.6615166664  0.1089397261  2812.5000000  0.0700124577  2.6915106773  450          
0.1_acc       0.1_loss      0.5_acc       0.5_loss      0.9_acc       0.9_loss      avg_step_tim  epoch         loss          mem_gb        step         
0.6952000000  0.6411224604  0.6635000000  0.6356614828  0.6634000000  0.6395401955  0.0939000893  3125.0000000  0.0653926879  2.6915106773  500          
0.1_acc       0.1_loss      0.5_acc       0.5_loss      0.9_acc       0.9_loss      avg_step_tim  epoch         loss          mem_gb        step         
0.6926000000  0.6338616014  0.6691000000  0.6297907233  0.6706000000  0.6316487193  0.0844712383  3437.5000000  0.0624294542  2.6915106773  550          
0.1_acc       0.1_loss      0.5_acc       0.5_loss      0.9_acc       0.9_loss      avg_step_tim  epoch         loss          mem_gb        step         
0.6965000000  0.6309412122  0.6708000000  0.6292187572  0.6694000000  0.6327555776  0.0777312589  3750.0000000  0.0630641282  2.6915106773  600          
[0.64, 0.64, 0.64, 0.63, 0.63, 0.63, 0.63, 0.63, 0.63, 0.63, 0.63] [0.68, 0.68, 0.67, 0.68, 0.68, 0.67, 0.67, 0.67, 0.67, 0.67, 0.66]

final accuracies:
0.0    0.1    0.2    0.3    0.4    0.5    0.6    0.7    0.8    0.9    1.0   
0.706  0.703  0.701  0.688  0.685  0.690  0.679  0.679  0.663  0.674  0.669 
[0.64, 0.64, 0.64, 0.63, 0.63, 0.63, 0.63, 0.63, 0.63, 0.63, 0.63] [0.68, 0.68, 0.67, 0.67, 0.68, 0.68, 0.68, 0.67, 0.67, 0.67, 0.66]

best accuracies:
0.0    0.1    0.2    0.3    0.4    0.5    0.6    0.7    0.8    0.9    1.0   
0.702  0.701  0.697  0.686  0.684  0.688  0.679  0.678  0.663  0.675  0.671 
Args:
	algorithm: inftask
	alpha: 0.4
	batch_size: 25000
	data_dir: ..\data
	deterministic: False
	dropout_p: 0.2
	erm_pretrain_iters: 400
	eval_freq: 50
	exp_name: domain_stress
	full_resolution: False
	groupdro_eta: 1.0
	loss_fn: nll
	lr: 0.0001
	lr_cos_sched: True
	lr_factor_reduction: 1
	mlp_hidden_dim: 390
	n_workers: 0
	network: FiLMedMLP
	other_arg: default
	output_dir: ..\results\cmnist_exp
	penalty_weight: 1000
	save_ckpts: True
	seed: 1
	steps: 600
	test_env_ms: 0.9
	test_envs: 0.1,0.5,0.9
	train_env_ps: (0.01, 0.12, 0.5, 0.99)
	train_env_size_mode: random
	train_env_sizes: 4000,4000,4000,4000
	train_env_sizes_parsed: (4000, 4000, 4000, 4000)
	train_envs: 0.01,0.12,0.5,0.99
	weight_decay: 0
Train environment sample counts: [4000, 4000, 4000, 4000]
train_sandbox.py:189: FutureWarning: You are using `torch.load` with `weights_only=False` (the current default value), which uses the default pickle module implicitly. It is possible to construct malicious pickle data which will execute arbitrary code during unpickling (See https://github.com/pytorch/pytorch/blob/main/SECURITY.md#untrusted-models for more details). In a future release, the default value for `weights_only` will be flipped to `True`. This limits the functions that could be executed during unpickling. Arbitrary objects will no longer be allowed to be loaded via this mode unless they are explicitly allowlisted by the user via `torch.serialization.add_safe_globals`. We recommend you start setting `weights_only=True` for any use case where you don't have full control of the loaded file. Please open an issue on GitHub for any issues related to this experimental feature.
  algorithm.load_state_dict(torch.load(erm_ckpt_pth, map_location=device), strict=False)
ERM-pretrained model loaded: dd67d7ca5c9f26a0d387f4de35ee4f8c.
0.1_acc       0.1_loss      0.5_acc       0.5_loss      0.9_acc       0.9_loss      avg_step_tim  epoch         loss          mem_gb        step         
0.7104000000  0.6636641622  0.6272000000  0.6615333557  0.6311000000  0.6606727242  0.0408150111  2812.5000000  0.0794686601  1.0639986992  450          
0.1_acc       0.1_loss      0.5_acc       0.5_loss      0.9_acc       0.9_loss      avg_step_tim  epoch         loss          mem_gb        step         
0.6899000000  0.6479135752  0.6624000000  0.6382386088  0.6620000000  0.6413304806  0.0332612801  3125.0000000  0.0737331212  1.0639986992  500          
0.1_acc       0.1_loss      0.5_acc       0.5_loss      0.9_acc       0.9_loss      avg_step_tim  epoch         loss          mem_gb        step         
0.6920000000  0.6393359303  0.6668000000  0.6316816211  0.6695000000  0.6316275001  0.0309095573  3437.5000000  0.0721027479  1.0639986992  550          
0.1_acc       0.1_loss      0.5_acc       0.5_loss      0.9_acc       0.9_loss      avg_step_tim  epoch         loss          mem_gb        step         
0.6939000000  0.6370763779  0.6680000000  0.6307278872  0.6670000000  0.6345821023  0.0289156210  3750.0000000  0.0720157102  1.0639986992  600          
[0.64, 0.64, 0.64, 0.64, 0.64, 0.63, 0.63, 0.63, 0.63, 0.64, 0.64] [0.68, 0.68, 0.67, 0.67, 0.67, 0.67, 0.67, 0.67, 0.67, 0.66, 0.67]

final accuracies:
0.0    0.1    0.2    0.3    0.4    0.5    0.6    0.7    0.8    0.9    1.0   
0.706  0.700  0.700  0.682  0.676  0.676  0.680  0.672  0.665  0.674  0.665 
[0.64, 0.64, 0.64, 0.64, 0.64, 0.64, 0.63, 0.63, 0.63, 0.63, 0.63] [0.68, 0.67, 0.67, 0.67, 0.67, 0.67, 0.67, 0.67, 0.67, 0.67, 0.67]

best accuracies:
0.0    0.1    0.2    0.3    0.4    0.5    0.6    0.7    0.8    0.9    1.0   
0.702  0.696  0.698  0.678  0.674  0.675  0.678  0.671  0.666  0.676  0.667 
Args:
	algorithm: erm
	alpha: 0.4
	batch_size: 25000
	data_dir: ..\data
	deterministic: False
	dropout_p: 0.2
	erm_pretrain_iters: 0
	eval_freq: 50
	exp_name: domain_stress
	full_resolution: False
	groupdro_eta: 1.0
	loss_fn: nll
	lr: 0.0001
	lr_cos_sched: False
	lr_factor_reduction: 1
	mlp_hidden_dim: 390
	n_workers: 0
	network: FiLMedMLP
	other_arg: default
	output_dir: ..\results\cmnist_exp
	penalty_weight: 1000
	save_ckpts: False
	seed: 1
	steps: 600
	test_env_ms: 0.9
	test_envs: 0.1,0.5,0.9
	train_env_ps: (0.01, 0.12, 0.5, 0.99)
	train_env_size_mode: random
	train_env_sizes: 8000,8000,8000,8000
	train_env_sizes_parsed: (8000, 8000, 8000, 8000)
	train_envs: 0.01,0.12,0.5,0.99
	weight_decay: 0
Train environment sample counts: [8000, 8000, 8000, 8000]
0.1_acc       0.1_loss      0.5_acc       0.5_loss      0.9_acc       0.9_loss      avg_step_tim  epoch         loss          mem_gb        step         
0.7751000000  0.5086348653  0.6258000000  0.6563823223  0.4908000000  0.7989016175  0.4319908237  156.25000000  0.6221712232  0.4771904945  50           
0.1_acc       0.1_loss      0.5_acc       0.5_loss      0.9_acc       0.9_loss      avg_step_tim  epoch         loss          mem_gb        step         
0.7641000000  0.4938240945  0.6658000000  0.6356223226  0.5783000000  0.7645293474  0.2189704895  312.50000000  0.5928002000  0.4771904945  100          
0.1_acc       0.1_loss      0.5_acc       0.5_loss      0.9_acc       0.9_loss      avg_step_tim  epoch         loss          mem_gb        step         
0.7606000000  0.4867324233  0.6872000000  0.6269918084  0.6201000000  0.7543815970  0.1461971362  468.75000000  0.5708084106  0.4771904945  150          
0.1_acc       0.1_loss      0.5_acc       0.5_loss      0.9_acc       0.9_loss      avg_step_tim  epoch         loss          mem_gb        step         
0.7598000000  0.4839267433  0.6949000000  0.6257076263  0.6370000000  0.7555947900  0.1102283835  625.00000000  0.5557259917  0.4771904945  200          
0.1_acc       0.1_loss      0.5_acc       0.5_loss      0.9_acc       0.9_loss      avg_step_tim  epoch         loss          mem_gb        step         
0.7579000000  0.4854473472  0.6950000000  0.6288172007  0.6425000000  0.7607881427  0.0871532478  781.25000000  0.5368775725  0.4771904945  250          
0.1_acc       0.1_loss      0.5_acc       0.5_loss      0.9_acc       0.9_loss      avg_step_tim  epoch         loss          mem_gb        step         
0.7536000000  0.4913936853  0.6905000000  0.6365023255  0.6405000000  0.7710334063  0.0727829973  937.50000000  0.5175818801  0.4771904945  300          
0.1_acc       0.1_loss      0.5_acc       0.5_loss      0.9_acc       0.9_loss      avg_step_tim  epoch         loss          mem_gb        step         
0.7536000000  0.5000910759  0.6862000000  0.6482425928  0.6355000000  0.7859025002  0.0630909770  1093.7500000  0.4961030483  0.4771904945  350          
0.1_acc       0.1_loss      0.5_acc       0.5_loss      0.9_acc       0.9_loss      avg_step_tim  epoch         loss          mem_gb        step         
0.7535000000  0.5111706257  0.6808000000  0.6654034257  0.6264000000  0.8097262383  0.0544747657  1250.0000000  0.4698799849  0.4771904945  400          
0.1_acc       0.1_loss      0.5_acc       0.5_loss      0.9_acc       0.9_loss      avg_step_tim  epoch         loss          mem_gb        step         
0.7503000000  0.5230090618  0.6731000000  0.6862013936  0.6155000000  0.8391809464  0.0490235551  1406.2500000  0.4466795921  0.4771904945  450          
0.1_acc       0.1_loss      0.5_acc       0.5_loss      0.9_acc       0.9_loss      avg_step_tim  epoch         loss          mem_gb        step         
0.7480000000  0.5407362580  0.6679000000  0.7072595954  0.6087000000  0.8642425537  0.0436749024  1562.5000000  0.4202457666  0.4771904945  500          
0.1_acc       0.1_loss      0.5_acc       0.5_loss      0.9_acc       0.9_loss      avg_step_tim  epoch         loss          mem_gb        step         
0.7460000000  0.5517791510  0.6625000000  0.7315590382  0.5973000000  0.9020733237  0.0399621981  1718.7500000  0.3956419826  0.4771904945  550          
0.1_acc       0.1_loss      0.5_acc       0.5_loss      0.9_acc       0.9_loss      avg_step_tim  epoch         loss          mem_gb        step         
0.7430000000  0.5678377151  0.6608000000  0.7563633323  0.5924000000  0.9369437099  0.0368811591  1875.0000000  0.3751437068  0.4771904945  600          
[0.74, 0.76, 0.79, 0.81, 0.83, 0.85, 0.87, 0.9, 0.92, 0.94, 0.96]

final accuracies:
0.0    0.1    0.2    0.3    0.4    0.5    0.6    0.7    0.8    0.9    1.0   
0.765  0.746  0.729  0.711  0.687  0.668  0.657  0.636  0.616  0.601  0.579 
[0.62, 0.64, 0.65, 0.67, 0.69, 0.7, 0.72, 0.74, 0.75, 0.77, 0.79]

best accuracies:
0.0    0.1    0.2    0.3    0.4    0.5    0.6    0.7    0.8    0.9    1.0   
0.775  0.763  0.750  0.732  0.720  0.702  0.697  0.678  0.662  0.656  0.637 
Args:
	algorithm: irm
	alpha: 0.4
	batch_size: 25000
	data_dir: ..\data
	deterministic: False
	dropout_p: 0.2
	erm_pretrain_iters: 400
	eval_freq: 50
	exp_name: domain_stress
	full_resolution: False
	groupdro_eta: 1.0
	loss_fn: nll
	lr: 0.0001
	lr_cos_sched: True
	lr_factor_reduction: 1
	mlp_hidden_dim: 390
	n_workers: 0
	network: FiLMedMLP
	other_arg: default
	output_dir: ..\results\cmnist_exp
	penalty_weight: 1000.0
	save_ckpts: True
	seed: 1
	steps: 600
	test_env_ms: 0.9
	test_envs: 0.1,0.5,0.9
	train_env_ps: (0.01, 0.12, 0.5, 0.99)
	train_env_size_mode: random
	train_env_sizes: 8000,8000,8000,8000
	train_env_sizes_parsed: (8000, 8000, 8000, 8000)
	train_envs: 0.01,0.12,0.5,0.99
	weight_decay: 0
Train environment sample counts: [8000, 8000, 8000, 8000]
0.1_acc       0.1_loss      0.5_acc       0.5_loss      0.9_acc       0.9_loss      avg_step_tim  epoch         loss          mem_gb        step         
0.7751000000  0.5086348653  0.6258000000  0.6563823223  0.4908000000  0.7989016175  0.4326652288  156.25000000  0.6221712232  0.4771904945  50           
0.1_acc       0.1_loss      0.5_acc       0.5_loss      0.9_acc       0.9_loss      avg_step_tim  epoch         loss          mem_gb        step         
0.7641000000  0.4938240945  0.6658000000  0.6356223226  0.5783000000  0.7645293474  0.2258168745  312.50000000  0.5928002000  0.4771904945  100          
0.1_acc       0.1_loss      0.5_acc       0.5_loss      0.9_acc       0.9_loss      avg_step_tim  epoch         loss          mem_gb        step         
0.7606000000  0.4867324233  0.6872000000  0.6269918084  0.6201000000  0.7543815970  0.1833181938  468.75000000  0.5708084106  0.4771904945  150          
0.1_acc       0.1_loss      0.5_acc       0.5_loss      0.9_acc       0.9_loss      avg_step_tim  epoch         loss          mem_gb        step         
0.7598000000  0.4839267433  0.6949000000  0.6257076263  0.6370000000  0.7555947900  0.1233841836  625.00000000  0.5557259917  0.4771904945  200          
0.1_acc       0.1_loss      0.5_acc       0.5_loss      0.9_acc       0.9_loss      avg_step_tim  epoch         loss          mem_gb        step         
0.7579000000  0.4854473472  0.6950000000  0.6288172007  0.6425000000  0.7607881427  0.0929655333  781.25000000  0.5368775725  0.4771904945  250          
0.1_acc       0.1_loss      0.5_acc       0.5_loss      0.9_acc       0.9_loss      avg_step_tim  epoch         loss          mem_gb        step         
0.7536000000  0.4913936853  0.6905000000  0.6365023255  0.6405000000  0.7710334063  0.0742611106  937.50000000  0.5175818801  0.4771904945  300          
0.1_acc       0.1_loss      0.5_acc       0.5_loss      0.9_acc       0.9_loss      avg_step_tim  epoch         loss          mem_gb        step         
0.7536000000  0.5000910759  0.6862000000  0.6482425928  0.6355000000  0.7859025002  0.0623030683  1093.7500000  0.4961030483  0.4771904945  350          
0.1_acc       0.1_loss      0.5_acc       0.5_loss      0.9_acc       0.9_loss      avg_step_tim  epoch         loss          mem_gb        step         
0.7535000000  0.5111706257  0.6808000000  0.6654034257  0.6264000000  0.8097262383  0.0544170332  1250.0000000  0.4698799849  0.4771904945  400          
Saved ERM-pretrained model.
0.1_acc       0.1_loss      0.5_acc       0.5_loss      0.9_acc       0.9_loss      avg_step_tim  epoch         erm_loss      loss          mem_gb        penalty       step         
0.7113000000  0.6226446033  0.6953000000  0.6525466442  0.6965000000  0.6647471786  0.0505827618  1406.2500000  0.4885668159  0.0005220667  0.4771952629  0.0000334999  450          
0.1_acc       0.1_loss      0.5_acc       0.5_loss      0.9_acc       0.9_loss      avg_step_tim  epoch         erm_loss      loss          mem_gb        penalty       step         
0.7140000000  0.6149230599  0.6951000000  0.6535103321  0.6938000000  0.6745981574  0.0443871064  1562.5000000  0.4846110046  0.0005009104  0.4771952629  0.0000162994  500          
0.1_acc       0.1_loss      0.5_acc       0.5_loss      0.9_acc       0.9_loss      avg_step_tim  epoch         erm_loss      loss          mem_gb        penalty       step         
0.7133000000  0.6164260507  0.6948000000  0.6544680595  0.6940000000  0.6748537421  0.0410855415  1718.7500000  0.4850240946  0.0004889043  0.4771952629  0.0000038802  550          
0.1_acc       0.1_loss      0.5_acc       0.5_loss      0.9_acc       0.9_loss      avg_step_tim  epoch         erm_loss      loss          mem_gb        penalty       step         
0.7128000000  0.6174792647  0.6948000000  0.6543490887  0.6943000000  0.6735318899  0.0366952197  1875.0000000  0.4874110818  0.0005064562  0.4771952629  0.0000190451  600          
[0.64, 0.64, 0.65, 0.65, 0.65, 0.65, 0.66, 0.66, 0.66, 0.66, 0.67]

final accuracies:
0.0    0.1    0.2    0.3    0.4    0.5    0.6    0.7    0.8    0.9    1.0   
0.716  0.715  0.716  0.711  0.707  0.706  0.708  0.706  0.702  0.708  0.699 
[0.64, 0.64, 0.64, 0.65, 0.65, 0.65, 0.65, 0.65, 0.65, 0.66, 0.66]

best accuracies:
0.0    0.1    0.2    0.3    0.4    0.5    0.6    0.7    0.8    0.9    1.0   
0.712  0.712  0.714  0.710  0.706  0.706  0.710  0.706  0.704  0.711  0.703 
Args:
	algorithm: groupdro
	alpha: 0.4
	batch_size: 25000
	data_dir: ..\data
	deterministic: False
	dropout_p: 0.2
	erm_pretrain_iters: 400
	eval_freq: 50
	exp_name: domain_stress
	full_resolution: False
	groupdro_eta: 0.1
	loss_fn: nll
	lr: 0.0001
	lr_cos_sched: True
	lr_factor_reduction: 1
	mlp_hidden_dim: 390
	n_workers: 0
	network: FiLMedMLP
	other_arg: default
	output_dir: ..\results\cmnist_exp
	penalty_weight: 1000
	save_ckpts: True
	seed: 1
	steps: 1000
	test_env_ms: 0.9
	test_envs: 0.1,0.5,0.9
	train_env_ps: (0.01, 0.12, 0.5, 0.99)
	train_env_size_mode: random
	train_env_sizes: 8000,8000,8000,8000
	train_env_sizes_parsed: (8000, 8000, 8000, 8000)
	train_envs: 0.01,0.12,0.5,0.99
	weight_decay: 0
Train environment sample counts: [8000, 8000, 8000, 8000]
train_sandbox.py:189: FutureWarning: You are using `torch.load` with `weights_only=False` (the current default value), which uses the default pickle module implicitly. It is possible to construct malicious pickle data which will execute arbitrary code during unpickling (See https://github.com/pytorch/pytorch/blob/main/SECURITY.md#untrusted-models for more details). In a future release, the default value for `weights_only` will be flipped to `True`. This limits the functions that could be executed during unpickling. Arbitrary objects will no longer be allowed to be loaded via this mode unless they are explicitly allowlisted by the user via `torch.serialization.add_safe_globals`. We recommend you start setting `weights_only=True` for any use case where you don't have full control of the loaded file. Please open an issue on GitHub for any issues related to this experimental feature.
  algorithm.load_state_dict(torch.load(erm_ckpt_pth, map_location=device), strict=False)
ERM-pretrained model loaded: 69c128f5c73607f6b7728a5009ccc1bc.
0.1_acc       0.1_loss      0.5_acc       0.5_loss      0.9_acc       0.9_loss      avg_step_tim  epoch         loss          mem_gb        step         
0.7144000000  0.6046429276  0.6859000000  0.6573381424  0.6794000000  0.6960243583  0.0488000128  1406.2500000  0.4739589393  0.3594012260  450          
0.1_acc       0.1_loss      0.5_acc       0.5_loss      0.9_acc       0.9_loss      avg_step_tim  epoch         loss          mem_gb        step         
0.7115000000  0.6156958938  0.6833000000  0.6698442101  0.6744000000  0.7100539804  0.0446566916  1562.5000000  0.4549964368  0.3594017029  500          
0.1_acc       0.1_loss      0.5_acc       0.5_loss      0.9_acc       0.9_loss      avg_step_tim  epoch         loss          mem_gb        step         
0.7074000000  0.6236181259  0.6792000000  0.6819996834  0.6713000000  0.7270698547  0.0403874948  1718.7500000  0.4398430884  0.3594017029  550          
0.1_acc       0.1_loss      0.5_acc       0.5_loss      0.9_acc       0.9_loss      avg_step_tim  epoch         loss          mem_gb        step         
0.7077000000  0.6307154298  0.6776000000  0.6944531202  0.6648000000  0.7457084656  0.0371866457  1875.0000000  0.4246640205  0.3594017029  600          
0.1_acc       0.1_loss      0.5_acc       0.5_loss      0.9_acc       0.9_loss      avg_step_tim  epoch         loss          mem_gb        step         
0.7075000000  0.6329066157  0.6735000000  0.7062668800  0.6564000000  0.7683750391  0.0341011612  2031.2500000  0.4091874361  0.3594017029  650          
0.1_acc       0.1_loss      0.5_acc       0.5_loss      0.9_acc       0.9_loss      avg_step_tim  epoch         loss          mem_gb        step         
0.7077000000  0.6395559311  0.6721000000  0.7163907290  0.6538000000  0.7819448113  0.0315573903  2187.5000000  0.4018400908  0.3594017029  700          
0.1_acc       0.1_loss      0.5_acc       0.5_loss      0.9_acc       0.9_loss      avg_step_tim  epoch         loss          mem_gb        step         
0.7096000000  0.6378290653  0.6719000000  0.7251957059  0.6493000000  0.8018664718  0.0290443681  2343.7500000  0.3965355158  0.3594017029  750          
0.1_acc       0.1_loss      0.5_acc       0.5_loss      0.9_acc       0.9_loss      avg_step_tim  epoch         loss          mem_gb        step         
0.7070000000  0.6444535851  0.6706000000  0.7314056754  0.6487000000  0.8073428273  0.0275912371  2500.0000000  0.3865258694  0.3594017029  800          
0.1_acc       0.1_loss      0.5_acc       0.5_loss      0.9_acc       0.9_loss      avg_step_tim  epoch         loss          mem_gb        step         
0.7082000000  0.6449860930  0.6682000000  0.7354136109  0.6469000000  0.8155426383  0.0258890160  2656.2500000  0.3859361410  0.3594017029  850          
0.1_acc       0.1_loss      0.5_acc       0.5_loss      0.9_acc       0.9_loss      avg_step_tim  epoch         loss          mem_gb        step         
0.7080000000  0.6457701325  0.6693000000  0.7372512817  0.6454000000  0.8184364438  0.0241886897  2812.5000000  0.3815223575  0.3594017029  900          
0.1_acc       0.1_loss      0.5_acc       0.5_loss      0.9_acc       0.9_loss      avg_step_tim  epoch         loss          mem_gb        step         
0.7084000000  0.6445253491  0.6687000000  0.7383106351  0.6446000000  0.8217948079  0.0227175346  2968.7500000  0.3818529546  0.3594017029  950          
0.1_acc       0.1_loss      0.5_acc       0.5_loss      0.9_acc       0.9_loss      avg_step_tim  epoch         loss          mem_gb        step         
0.7080000000  0.6458100080  0.6690000000  0.7382472754  0.6450000000  0.8203867674  0.0219912593  3125.0000000  0.3803828955  0.3594017029  1000         
[0.72, 0.73, 0.74, 0.75, 0.76, 0.77, 0.78, 0.79, 0.8, 0.81, 0.82]

final accuracies:
0.0    0.1    0.2    0.3    0.4    0.5    0.6    0.7    0.8    0.9    1.0   
0.718  0.710  0.704  0.697  0.687  0.678  0.677  0.669  0.656  0.651  0.643 
[0.64, 0.65, 0.65, 0.66, 0.66, 0.67, 0.67, 0.68, 0.68, 0.68, 0.7]

best accuracies:
0.0    0.1    0.2    0.3    0.4    0.5    0.6    0.7    0.8    0.9    1.0   
0.721  0.719  0.716  0.708  0.702  0.697  0.702  0.695  0.691  0.692  0.681 
Args:
	algorithm: iro
	alpha: 0.4
	batch_size: 25000
	data_dir: ..\data
	deterministic: False
	dropout_p: 0.2
	erm_pretrain_iters: 400
	eval_freq: 50
	exp_name: domain_stress
	full_resolution: False
	groupdro_eta: 1.0
	loss_fn: nll
	lr: 0.0001
	lr_cos_sched: True
	lr_factor_reduction: 1
	mlp_hidden_dim: 390
	n_workers: 0
	network: FiLMedMLP
	other_arg: default
	output_dir: ..\results\cmnist_exp
	penalty_weight: 1000
	save_ckpts: True
	seed: 1
	steps: 600
	test_env_ms: 0.9
	test_envs: 0.1,0.5,0.9
	train_env_ps: (0.01, 0.12, 0.5, 0.99)
	train_env_size_mode: random
	train_env_sizes: 8000,8000,8000,8000
	train_env_sizes_parsed: (8000, 8000, 8000, 8000)
	train_envs: 0.01,0.12,0.5,0.99
	weight_decay: 0
Train environment sample counts: [8000, 8000, 8000, 8000]
train_sandbox.py:189: FutureWarning: You are using `torch.load` with `weights_only=False` (the current default value), which uses the default pickle module implicitly. It is possible to construct malicious pickle data which will execute arbitrary code during unpickling (See https://github.com/pytorch/pytorch/blob/main/SECURITY.md#untrusted-models for more details). In a future release, the default value for `weights_only` will be flipped to `True`. This limits the functions that could be executed during unpickling. Arbitrary objects will no longer be allowed to be loaded via this mode unless they are explicitly allowlisted by the user via `torch.serialization.add_safe_globals`. We recommend you start setting `weights_only=True` for any use case where you don't have full control of the loaded file. Please open an issue on GitHub for any issues related to this experimental feature.
  algorithm.load_state_dict(torch.load(erm_ckpt_pth, map_location=device), strict=False)
ERM-pretrained model loaded: 69c128f5c73607f6b7728a5009ccc1bc.
0.1_acc       0.1_loss      0.5_acc       0.5_loss      0.9_acc       0.9_loss      avg_step_tim  epoch         loss          mem_gb        step         
0.6732000000  0.6757118702  0.6168000000  0.6690067053  0.6094000000  0.6681760550  0.1839037636  1406.2500000  0.0441752113  5.2909116745  450          
0.1_acc       0.1_loss      0.5_acc       0.5_loss      0.9_acc       0.9_loss      avg_step_tim  epoch         loss          mem_gb        step         
0.6898000000  0.6537881494  0.6655000000  0.6428241730  0.6647000000  0.6433685422  0.1650517077  1562.5000000  0.0420532227  5.2909116745  500          
0.1_acc       0.1_loss      0.5_acc       0.5_loss      0.9_acc       0.9_loss      avg_step_tim  epoch         loss          mem_gb        step         
0.6888000000  0.6451694369  0.6728000000  0.6334999800  0.6760000000  0.6297799349  0.1485391478  1718.7500000  0.0406756997  5.2909116745  550          
0.1_acc       0.1_loss      0.5_acc       0.5_loss      0.9_acc       0.9_loss      avg_step_tim  epoch         loss          mem_gb        step         
0.6910000000  0.6426841617  0.6747000000  0.6321233511  0.6757000000  0.6292676926  0.1376737336  1875.0000000  0.0409485139  5.2909116745  600          
[0.65, 0.65, 0.64, 0.64, 0.64, 0.64, 0.64, 0.64, 0.63, 0.63, 0.63] [0.68, 0.68, 0.67, 0.67, 0.68, 0.68, 0.68, 0.68, 0.67, 0.67, 0.67]

final accuracies:
0.0    0.1    0.2    0.3    0.4    0.5    0.6    0.7    0.8    0.9    1.0   
0.696  0.694  0.694  0.688  0.685  0.689  0.683  0.681  0.670  0.686  0.676 
[0.65, 0.65, 0.65, 0.64, 0.64, 0.64, 0.64, 0.64, 0.63, 0.63, 0.63] [0.68, 0.67, 0.67, 0.67, 0.68, 0.68, 0.68, 0.68, 0.67, 0.67, 0.67]

best accuracies:
0.0    0.1    0.2    0.3    0.4    0.5    0.6    0.7    0.8    0.9    1.0   
0.694  0.693  0.692  0.686  0.683  0.687  0.682  0.680  0.669  0.687  0.677 
Args:
	algorithm: inftask
	alpha: 0.4
	batch_size: 25000
	data_dir: ..\data
	deterministic: False
	dropout_p: 0.2
	erm_pretrain_iters: 400
	eval_freq: 50
	exp_name: domain_stress
	full_resolution: False
	groupdro_eta: 1.0
	loss_fn: nll
	lr: 0.0001
	lr_cos_sched: True
	lr_factor_reduction: 1
	mlp_hidden_dim: 390
	n_workers: 0
	network: FiLMedMLP
	other_arg: default
	output_dir: ..\results\cmnist_exp
	penalty_weight: 1000
	save_ckpts: True
	seed: 1
	steps: 600
	test_env_ms: 0.9
	test_envs: 0.1,0.5,0.9
	train_env_ps: (0.01, 0.12, 0.5, 0.99)
	train_env_size_mode: random
	train_env_sizes: 8000,8000,8000,8000
	train_env_sizes_parsed: (8000, 8000, 8000, 8000)
	train_envs: 0.01,0.12,0.5,0.99
	weight_decay: 0
Train environment sample counts: [8000, 8000, 8000, 8000]
train_sandbox.py:189: FutureWarning: You are using `torch.load` with `weights_only=False` (the current default value), which uses the default pickle module implicitly. It is possible to construct malicious pickle data which will execute arbitrary code during unpickling (See https://github.com/pytorch/pytorch/blob/main/SECURITY.md#untrusted-models for more details). In a future release, the default value for `weights_only` will be flipped to `True`. This limits the functions that could be executed during unpickling. Arbitrary objects will no longer be allowed to be loaded via this mode unless they are explicitly allowlisted by the user via `torch.serialization.add_safe_globals`. We recommend you start setting `weights_only=True` for any use case where you don't have full control of the loaded file. Please open an issue on GitHub for any issues related to this experimental feature.
  algorithm.load_state_dict(torch.load(erm_ckpt_pth, map_location=device), strict=False)
ERM-pretrained model loaded: 69c128f5c73607f6b7728a5009ccc1bc.
0.1_acc       0.1_loss      0.5_acc       0.5_loss      0.9_acc       0.9_loss      avg_step_tim  epoch         loss          mem_gb        step         
0.6913000000  0.6728662848  0.6076000000  0.6683123112  0.5971000000  0.6685938239  0.0731678406  1406.2500000  0.0470486507  2.0122299194  450          
0.1_acc       0.1_loss      0.5_acc       0.5_loss      0.9_acc       0.9_loss      avg_step_tim  epoch         loss          mem_gb        step         
0.6869000000  0.6558338404  0.6638000000  0.6425369382  0.6607000000  0.6447197795  0.0641396050  1562.5000000  0.0445631109  2.0122299194  500          
0.1_acc       0.1_loss      0.5_acc       0.5_loss      0.9_acc       0.9_loss      avg_step_tim  epoch         loss          mem_gb        step         
0.6919000000  0.6449160576  0.6720000000  0.6331230402  0.6745000000  0.6313801408  0.0583995828  1718.7500000  0.0436773710  2.0122299194  550          
0.1_acc       0.1_loss      0.5_acc       0.5_loss      0.9_acc       0.9_loss      avg_step_tim  epoch         loss          mem_gb        step         
0.6916000000  0.6436336637  0.6747000000  0.6315363646  0.6763000000  0.6288887262  0.0549921119  1875.0000000  0.0436207578  2.0122299194  600          
[0.65, 0.65, 0.65, 0.64, 0.64, 0.64, 0.64, 0.63, 0.63, 0.63, 0.63] [0.68, 0.68, 0.67, 0.68, 0.68, 0.68, 0.68, 0.68, 0.68, 0.68, 0.67]

final accuracies:
0.0    0.1    0.2    0.3    0.4    0.5    0.6    0.7    0.8    0.9    1.0   
0.697  0.695  0.695  0.685  0.679  0.683  0.684  0.676  0.674  0.682  0.677 
[0.65, 0.65, 0.65, 0.64, 0.64, 0.64, 0.64, 0.63, 0.63, 0.63, 0.63] [0.68, 0.68, 0.67, 0.68, 0.68, 0.68, 0.68, 0.68, 0.68, 0.68, 0.67]

best accuracies:
0.0    0.1    0.2    0.3    0.4    0.5    0.6    0.7    0.8    0.9    1.0   
0.697  0.695  0.695  0.685  0.679  0.683  0.684  0.676  0.674  0.682  0.677 
Args:
	algorithm: erm
	alpha: 0.4
	batch_size: 25000
	data_dir: ..\data
	deterministic: False
	dropout_p: 0.2
	erm_pretrain_iters: 0
	eval_freq: 50
	exp_name: domain_stress
	full_resolution: False
	groupdro_eta: 1.0
	loss_fn: nll
	lr: 0.0001
	lr_cos_sched: False
	lr_factor_reduction: 1
	mlp_hidden_dim: 390
	n_workers: 0
	network: FiLMedMLP
	other_arg: default
	output_dir: ..\results\cmnist_exp
	penalty_weight: 1000
	save_ckpts: False
	seed: 1
	steps: 600
	test_env_ms: 0.9
	test_envs: 0.1,0.5,0.9
	train_env_ps: (0.01, 0.12, 0.5, 0.99)
	train_env_size_mode: random
	train_env_sizes: 2000,2000,2000,2000
	train_env_sizes_parsed: (2000, 2000, 2000, 2000)
	train_envs: 0.01,0.12,0.5,0.99
	weight_decay: 0
Train environment sample counts: [2000, 2000, 2000, 2000]
0.1_acc       0.1_loss      0.5_acc       0.5_loss      0.9_acc       0.9_loss      avg_step_tim  epoch         loss          mem_gb        step         
0.7893000000  0.5119346976  0.6091000000  0.6624814868  0.4444000000  0.8087719679  0.0960679674  625.00000000  0.6266055703  0.1690945625  50           
0.1_acc       0.1_loss      0.5_acc       0.5_loss      0.9_acc       0.9_loss      avg_step_tim  epoch         loss          mem_gb        step         
0.7675000000  0.4950601459  0.6495000000  0.6453343034  0.5520000000  0.7825006843  0.0495858121  1250.0000000  0.5812208652  0.1690945625  100          
0.1_acc       0.1_loss      0.5_acc       0.5_loss      0.9_acc       0.9_loss      avg_step_tim  epoch         loss          mem_gb        step         
0.7620000000  0.4954776168  0.6666000000  0.6486114860  0.5834000000  0.7887311578  0.0353379440  1875.0000000  0.5362558961  0.1690945625  150          
0.1_acc       0.1_loss      0.5_acc       0.5_loss      0.9_acc       0.9_loss      avg_step_tim  epoch         loss          mem_gb        step         
0.7564000000  0.5092212558  0.6637000000  0.6731675863  0.5861000000  0.8255814314  0.0287463617  2500.0000000  0.4843537509  0.1690945625  200          
0.1_acc       0.1_loss      0.5_acc       0.5_loss      0.9_acc       0.9_loss      avg_step_tim  epoch         loss          mem_gb        step         
0.7542000000  0.5240142345  0.6550000000  0.7219214439  0.5719000000  0.9077507854  0.0220382757  3125.0000000  0.4159306884  0.1690945625  250          
0.1_acc       0.1_loss      0.5_acc       0.5_loss      0.9_acc       0.9_loss      avg_step_tim  epoch         loss          mem_gb        step         
0.7418000000  0.5690222383  0.6506000000  0.7847766876  0.5728000000  0.9836742878  0.0196719162  3750.0000000  0.3516453505  0.1690945625  300          
0.1_acc       0.1_loss      0.5_acc       0.5_loss      0.9_acc       0.9_loss      avg_step_tim  epoch         loss          mem_gb        step         
0.7328000000  0.6230182648  0.6479000000  0.8560931683  0.5751000000  1.0681605339  0.0156461552  4375.0000000  0.3000570238  0.1690945625  350          
0.1_acc       0.1_loss      0.5_acc       0.5_loss      0.9_acc       0.9_loss      avg_step_tim  epoch         loss          mem_gb        step         
0.7351000000  0.6569356918  0.6413000000  0.9365513325  0.5613000000  1.1944735050  0.0142099041  5000.0000000  0.2570919394  0.1690945625  400          
0.1_acc       0.1_loss      0.5_acc       0.5_loss      0.9_acc       0.9_loss      avg_step_tim  epoch         loss          mem_gb        step         
0.7330000000  0.7058062553  0.6376000000  1.0121458769  0.5554000000  1.2980877161  0.0123732985  5625.0000000  0.2192063034  0.1690945625  450          
0.1_acc       0.1_loss      0.5_acc       0.5_loss      0.9_acc       0.9_loss      avg_step_tim  epoch         loss          mem_gb        step         
0.7264000000  0.7669675350  0.6362000000  1.0845050812  0.5600000000  1.3770642281  0.0115355291  6250.0000000  0.1944970489  0.1690945625  500          
0.1_acc       0.1_loss      0.5_acc       0.5_loss      0.9_acc       0.9_loss      avg_step_tim  epoch         loss          mem_gb        step         
0.7242000000  0.8117778301  0.6320000000  1.1509968042  0.5554000000  1.4714708328  0.0101057447  6875.0000000  0.1662408859  0.1690945625  550          
0.1_acc       0.1_loss      0.5_acc       0.5_loss      0.9_acc       0.9_loss      avg_step_tim  epoch         loss          mem_gb        step         
0.7236000000  0.8592070937  0.6309000000  1.2231075764  0.5551000000  1.5599837303  0.0098620788  7500.0000000  0.1462747902  0.1690945625  600          
[1.21, 1.26, 1.3, 1.35, 1.39, 1.43, 1.47, 1.52, 1.56, 1.6, 1.67]

final accuracies:
0.0    0.1    0.2    0.3    0.4    0.5    0.6    0.7    0.8    0.9    1.0   
0.749  0.729  0.711  0.679  0.659  0.632  0.617  0.591  0.567  0.551  0.525 
[0.67, 0.69, 0.71, 0.73, 0.75, 0.77, 0.78, 0.81, 0.82, 0.84, 0.87]

best accuracies:
0.0    0.1    0.2    0.3    0.4    0.5    0.6    0.7    0.8    0.9    1.0   
0.778  0.762  0.746  0.716  0.696  0.671  0.656  0.631  0.611  0.594  0.566 
Args:
	algorithm: irm
	alpha: 0.4
	batch_size: 25000
	data_dir: ..\data
	deterministic: False
	dropout_p: 0.2
	erm_pretrain_iters: 400
	eval_freq: 50
	exp_name: domain_stress
	full_resolution: False
	groupdro_eta: 1.0
	loss_fn: nll
	lr: 0.0001
	lr_cos_sched: True
	lr_factor_reduction: 1
	mlp_hidden_dim: 390
	n_workers: 0
	network: FiLMedMLP
	other_arg: default
	output_dir: ..\results\cmnist_exp
	penalty_weight: 1000.0
	save_ckpts: True
	seed: 1
	steps: 600
	test_env_ms: 0.9
	test_envs: 0.1,0.5,0.9
	train_env_ps: (0.01, 0.12, 0.5, 0.99)
	train_env_size_mode: random
	train_env_sizes: 2000,2000,2000,2000
	train_env_sizes_parsed: (2000, 2000, 2000, 2000)
	train_envs: 0.01,0.12,0.5,0.99
	weight_decay: 0
Train environment sample counts: [2000, 2000, 2000, 2000]
train_sandbox.py:189: FutureWarning: You are using `torch.load` with `weights_only=False` (the current default value), which uses the default pickle module implicitly. It is possible to construct malicious pickle data which will execute arbitrary code during unpickling (See https://github.com/pytorch/pytorch/blob/main/SECURITY.md#untrusted-models for more details). In a future release, the default value for `weights_only` will be flipped to `True`. This limits the functions that could be executed during unpickling. Arbitrary objects will no longer be allowed to be loaded via this mode unless they are explicitly allowlisted by the user via `torch.serialization.add_safe_globals`. We recommend you start setting `weights_only=True` for any use case where you don't have full control of the loaded file. Please open an issue on GitHub for any issues related to this experimental feature.
  algorithm.load_state_dict(torch.load(erm_ckpt_pth, map_location=device), strict=False)
ERM-pretrained model loaded: 85d17bbc83d1821b60966956b6b2cff2.
0.1_acc       0.1_loss      0.5_acc       0.5_loss      0.9_acc       0.9_loss      avg_step_tim  epoch         erm_loss      loss          mem_gb        penalty       step         
0.7079000000  0.8033182621  0.6542000000  0.9994835854  0.6150000000  1.1664534807  0.0116055663  5625.0000000  0.2759232223  0.0004343403  0.1690993309  0.0001584170  450          
0.1_acc       0.1_loss      0.5_acc       0.5_loss      0.9_acc       0.9_loss      avg_step_tim  epoch         erm_loss      loss          mem_gb        penalty       step         
0.7071000000  0.7869511843  0.6535000000  0.9828018546  0.6116000000  1.1485923529  0.0110484705  6250.0000000  0.2558297813  0.0004206101  0.1690993309  0.0001647803  500          
0.1_acc       0.1_loss      0.5_acc       0.5_loss      0.9_acc       0.9_loss      avg_step_tim  epoch         erm_loss      loss          mem_gb        penalty       step         
0.7091000000  0.7982655168  0.6575000000  0.9858648181  0.6199000000  1.1406754255  0.0109524475  6875.0000000  0.2655901909  0.0003746903  0.1690993309  0.0001091001  550          
0.1_acc       0.1_loss      0.5_acc       0.5_loss      0.9_acc       0.9_loss      avg_step_tim  epoch         erm_loss      loss          mem_gb        penalty       step         
0.7133000000  0.7873701453  0.6571000000  0.9923329949  0.6157000000  1.1647490263  0.0098643323  7500.0000000  0.2694173455  0.0003338525  0.1690993309  0.0000644352  600          
[0.98, 1.0, 1.02, 1.05, 1.07, 1.09, 1.12, 1.14, 1.16, 1.18, 1.21]

final accuracies:
0.0    0.1    0.2    0.3    0.4    0.5    0.6    0.7    0.8    0.9    1.0   
0.726  0.712  0.710  0.691  0.677  0.661  0.658  0.633  0.623  0.615  0.600 
[0.97, 0.99, 1.01, 1.03, 1.06, 1.08, 1.1, 1.12, 1.14, 1.15, 1.18]

best accuracies:
0.0    0.1    0.2    0.3    0.4    0.5    0.6    0.7    0.8    0.9    1.0   
0.719  0.708  0.706  0.687  0.675  0.661  0.659  0.636  0.626  0.619  0.605 
Args:
	algorithm: groupdro
	alpha: 0.4
	batch_size: 25000
	data_dir: ..\data
	deterministic: False
	dropout_p: 0.2
	erm_pretrain_iters: 400
	eval_freq: 50
	exp_name: domain_stress
	full_resolution: False
	groupdro_eta: 0.1
	loss_fn: nll
	lr: 0.0001
	lr_cos_sched: True
	lr_factor_reduction: 1
	mlp_hidden_dim: 390
	n_workers: 0
	network: FiLMedMLP
	other_arg: default
	output_dir: ..\results\cmnist_exp
	penalty_weight: 1000
	save_ckpts: True
	seed: 1
	steps: 1000
	test_env_ms: 0.9
	test_envs: 0.1,0.5,0.9
	train_env_ps: (0.01, 0.12, 0.5, 0.99)
	train_env_size_mode: random
	train_env_sizes: 2000,2000,2000,2000
	train_env_sizes_parsed: (2000, 2000, 2000, 2000)
	train_envs: 0.01,0.12,0.5,0.99
	weight_decay: 0
Train environment sample counts: [2000, 2000, 2000, 2000]
train_sandbox.py:189: FutureWarning: You are using `torch.load` with `weights_only=False` (the current default value), which uses the default pickle module implicitly. It is possible to construct malicious pickle data which will execute arbitrary code during unpickling (See https://github.com/pytorch/pytorch/blob/main/SECURITY.md#untrusted-models for more details). In a future release, the default value for `weights_only` will be flipped to `True`. This limits the functions that could be executed during unpickling. Arbitrary objects will no longer be allowed to be loaded via this mode unless they are explicitly allowlisted by the user via `torch.serialization.add_safe_globals`. We recommend you start setting `weights_only=True` for any use case where you don't have full control of the loaded file. Please open an issue on GitHub for any issues related to this experimental feature.
  algorithm.load_state_dict(torch.load(erm_ckpt_pth, map_location=device), strict=False)
ERM-pretrained model loaded: 85d17bbc83d1821b60966956b6b2cff2.
0.1_acc       0.1_loss      0.5_acc       0.5_loss      0.9_acc       0.9_loss      avg_step_tim  epoch         loss          mem_gb        step         
0.7118000000  0.7418801785  0.6466000000  0.9600379467  0.5903000000  1.1546769142  0.0112701554  5625.0000000  0.2363804430  0.1395421028  450          
0.1_acc       0.1_loss      0.5_acc       0.5_loss      0.9_acc       0.9_loss      avg_step_tim  epoch         loss          mem_gb        step         
0.7068000000  0.7804048657  0.6444000000  1.0038837194  0.5894000000  1.2022513151  0.0108219671  6250.0000000  0.2208824456  0.1395425797  500          
0.1_acc       0.1_loss      0.5_acc       0.5_loss      0.9_acc       0.9_loss      avg_step_tim  epoch         loss          mem_gb        step         
0.7014000000  0.8334146142  0.6442000000  1.0456593037  0.5950000000  1.2330644131  0.0111946388  6875.0000000  0.2033741325  0.1395425797  550          
0.1_acc       0.1_loss      0.5_acc       0.5_loss      0.9_acc       0.9_loss      avg_step_tim  epoch         loss          mem_gb        step         
0.7027000000  0.8534221649  0.6401000000  1.0884848833  0.5891000000  1.2981309891  0.0092769448  7500.0000000  0.1941435635  0.1395425797  600          
0.1_acc       0.1_loss      0.5_acc       0.5_loss      0.9_acc       0.9_loss      avg_step_tim  epoch         loss          mem_gb        step         
0.7077000000  0.8589560390  0.6384000000  1.1335566044  0.5793000000  1.3841199875  0.0092467202  8125.0000000  0.1703404486  0.1395425797  650          
0.1_acc       0.1_loss      0.5_acc       0.5_loss      0.9_acc       0.9_loss      avg_step_tim  epoch         loss          mem_gb        step         
0.7062000000  0.8776555657  0.6373000000  1.1630450487  0.5792000000  1.4243409634  0.0080322548  8750.0000000  0.1572805047  0.1395425797  700          
0.1_acc       0.1_loss      0.5_acc       0.5_loss      0.9_acc       0.9_loss      avg_step_tim  epoch         loss          mem_gb        step         
0.7053000000  0.8933115005  0.6354000000  1.1900564432  0.5755000000  1.4626332521  0.0081082268  9375.0000000  0.1554114521  0.1395425797  750          
0.1_acc       0.1_loss      0.5_acc       0.5_loss      0.9_acc       0.9_loss      avg_step_tim  epoch         loss          mem_gb        step         
0.7040000000  0.9109236002  0.6353000000  1.2066907883  0.5768000000  1.4778417349  0.0071322557  10000.000000  0.1480003744  0.1395425797  800          
0.1_acc       0.1_loss      0.5_acc       0.5_loss      0.9_acc       0.9_loss      avg_step_tim  epoch         loss          mem_gb        step         
0.7063000000  0.9150782228  0.6349000000  1.2201273441  0.5747000000  1.5005950928  0.0069951663  10625.000000  0.1542538404  0.1395425797  850          
0.1_acc       0.1_loss      0.5_acc       0.5_loss      0.9_acc       0.9_loss      avg_step_tim  epoch         loss          mem_gb        step         
0.7052000000  0.9191142321  0.6349000000  1.2236386538  0.5756000000  1.5042608976  0.0061641696  11250.000000  0.1498526931  0.1395425797  900          
0.1_acc       0.1_loss      0.5_acc       0.5_loss      0.9_acc       0.9_loss      avg_step_tim  epoch         loss          mem_gb        step         
0.7034000000  0.9254345298  0.6360000000  1.2244755030  0.5767000000  1.4992710352  0.0063213446  11875.000000  0.1516713500  0.1395425797  950          
0.1_acc       0.1_loss      0.5_acc       0.5_loss      0.9_acc       0.9_loss      avg_step_tim  epoch         loss          mem_gb        step         
0.7031000000  0.9266717434  0.6361000000  1.2244733572  0.5773000000  1.4978729486  0.0055560572  12500.000000  0.1559848487  0.1395425797  1000         
[1.21, 1.25, 1.29, 1.33, 1.36, 1.39, 1.42, 1.46, 1.49, 1.53, 1.58]

final accuracies:
0.0    0.1    0.2    0.3    0.4    0.5    0.6    0.7    0.8    0.9    1.0   
0.727  0.712  0.699  0.671  0.657  0.636  0.629  0.607  0.590  0.580  0.557 
[1.03, 1.06, 1.08, 1.11, 1.13, 1.16, 1.18, 1.2, 1.23, 1.25, 1.29]

best accuracies:
0.0    0.1    0.2    0.3    0.4    0.5    0.6    0.7    0.8    0.9    1.0   
0.720  0.710  0.694  0.674  0.663  0.645  0.640  0.620  0.605  0.596  0.577 
Args:
	algorithm: iro
	alpha: 0.4
	batch_size: 25000
	data_dir: ..\data
	deterministic: False
	dropout_p: 0.2
	erm_pretrain_iters: 400
	eval_freq: 50
	exp_name: domain_stress
	full_resolution: False
	groupdro_eta: 1.0
	loss_fn: nll
	lr: 0.0001
	lr_cos_sched: True
	lr_factor_reduction: 1
	mlp_hidden_dim: 390
	n_workers: 0
	network: FiLMedMLP
	other_arg: default
	output_dir: ..\results\cmnist_exp
	penalty_weight: 1000
	save_ckpts: True
	seed: 1
	steps: 600
	test_env_ms: 0.9
	test_envs: 0.1,0.5,0.9
	train_env_ps: (0.01, 0.12, 0.5, 0.99)
	train_env_size_mode: random
	train_env_sizes: 2000,2000,2000,2000
	train_env_sizes_parsed: (2000, 2000, 2000, 2000)
	train_envs: 0.01,0.12,0.5,0.99
	weight_decay: 0
Train environment sample counts: [2000, 2000, 2000, 2000]
train_sandbox.py:189: FutureWarning: You are using `torch.load` with `weights_only=False` (the current default value), which uses the default pickle module implicitly. It is possible to construct malicious pickle data which will execute arbitrary code during unpickling (See https://github.com/pytorch/pytorch/blob/main/SECURITY.md#untrusted-models for more details). In a future release, the default value for `weights_only` will be flipped to `True`. This limits the functions that could be executed during unpickling. Arbitrary objects will no longer be allowed to be loaded via this mode unless they are explicitly allowlisted by the user via `torch.serialization.add_safe_globals`. We recommend you start setting `weights_only=True` for any use case where you don't have full control of the loaded file. Please open an issue on GitHub for any issues related to this experimental feature.
  algorithm.load_state_dict(torch.load(erm_ckpt_pth, map_location=device), strict=False)
ERM-pretrained model loaded: 85d17bbc83d1821b60966956b6b2cff2.
0.1_acc       0.1_loss      0.5_acc       0.5_loss      0.9_acc       0.9_loss      avg_step_tim  epoch         loss          mem_gb        step         
0.6855000000  0.6648077965  0.6261000000  0.6573041677  0.6160000000  0.6657450795  0.0584651666  5625.0000000  0.0999315307  1.3667187691  450          
0.1_acc       0.1_loss      0.5_acc       0.5_loss      0.9_acc       0.9_loss      avg_step_tim  epoch         loss          mem_gb        step         
0.7117000000  0.6285714507  0.6600000000  0.6334384680  0.6467000000  0.6474285722  0.0488756242  6250.0000000  0.0902841389  1.3667187691  500          
0.1_acc       0.1_loss      0.5_acc       0.5_loss      0.9_acc       0.9_loss      avg_step_tim  epoch         loss          mem_gb        step         
0.7125000000  0.6193812490  0.6692000000  0.6326639652  0.6488000000  0.6507363319  0.0402468703  6875.0000000  0.0831809193  1.3667187691  550          
0.1_acc       0.1_loss      0.5_acc       0.5_loss      0.9_acc       0.9_loss      avg_step_tim  epoch         loss          mem_gb        step         
0.7130000000  0.6179119945  0.6684000000  0.6331851482  0.6480000000  0.6521741748  0.0367142570  7500.0000000  0.0852794349  1.3667187691  600          
[0.63, 0.63, 0.63, 0.63, 0.63, 0.63, 0.64, 0.64, 0.64, 0.65, 0.66] [0.68, 0.68, 0.67, 0.67, 0.67, 0.67, 0.66, 0.66, 0.66, 0.66, 0.65]

final accuracies:
0.0    0.1    0.2    0.3    0.4    0.5    0.6    0.7    0.8    0.9    1.0   
0.721  0.713  0.708  0.698  0.691  0.693  0.675  0.671  0.654  0.655  0.649 
[0.63, 0.63, 0.63, 0.63, 0.63, 0.63, 0.64, 0.64, 0.64, 0.65, 0.65] [0.68, 0.68, 0.67, 0.67, 0.67, 0.67, 0.66, 0.66, 0.66, 0.66, 0.65]

best accuracies:
0.0    0.1    0.2    0.3    0.4    0.5    0.6    0.7    0.8    0.9    1.0   
0.721  0.713  0.707  0.699  0.691  0.693  0.675  0.672  0.653  0.655  0.648 
Args:
	algorithm: inftask
	alpha: 0.4
	batch_size: 25000
	data_dir: ..\data
	deterministic: False
	dropout_p: 0.2
	erm_pretrain_iters: 400
	eval_freq: 50
	exp_name: domain_stress
	full_resolution: False
	groupdro_eta: 1.0
	loss_fn: nll
	lr: 0.0001
	lr_cos_sched: True
	lr_factor_reduction: 1
	mlp_hidden_dim: 390
	n_workers: 0
	network: FiLMedMLP
	other_arg: default
	output_dir: ..\results\cmnist_exp
	penalty_weight: 1000
	save_ckpts: True
	seed: 1
	steps: 600
	test_env_ms: 0.9
	test_envs: 0.1,0.5,0.9
	train_env_ps: (0.01, 0.12, 0.5, 0.99)
	train_env_size_mode: random
	train_env_sizes: 2000,2000,2000,2000
	train_env_sizes_parsed: (2000, 2000, 2000, 2000)
	train_envs: 0.01,0.12,0.5,0.99
	weight_decay: 0
Train environment sample counts: [2000, 2000, 2000, 2000]
train_sandbox.py:189: FutureWarning: You are using `torch.load` with `weights_only=False` (the current default value), which uses the default pickle module implicitly. It is possible to construct malicious pickle data which will execute arbitrary code during unpickling (See https://github.com/pytorch/pytorch/blob/main/SECURITY.md#untrusted-models for more details). In a future release, the default value for `weights_only` will be flipped to `True`. This limits the functions that could be executed during unpickling. Arbitrary objects will no longer be allowed to be loaded via this mode unless they are explicitly allowlisted by the user via `torch.serialization.add_safe_globals`. We recommend you start setting `weights_only=True` for any use case where you don't have full control of the loaded file. Please open an issue on GitHub for any issues related to this experimental feature.
  algorithm.load_state_dict(torch.load(erm_ckpt_pth, map_location=device), strict=False)
ERM-pretrained model loaded: 85d17bbc83d1821b60966956b6b2cff2.
0.1_acc       0.1_loss      0.5_acc       0.5_loss      0.9_acc       0.9_loss      avg_step_tim  epoch         loss          mem_gb        step         
0.6816000000  0.6628505588  0.6182000000  0.6580446362  0.6044000000  0.6672752500  0.0156744205  5625.0000000  0.1200001985  0.5484056473  450          
0.1_acc       0.1_loss      0.5_acc       0.5_loss      0.9_acc       0.9_loss      avg_step_tim  epoch         loss          mem_gb        step         
0.7072000000  0.6321145892  0.6596000000  0.6334771514  0.6462000000  0.6471003294  0.0146230726  6250.0000000  0.1050162092  0.5484056473  500          
0.1_acc       0.1_loss      0.5_acc       0.5_loss      0.9_acc       0.9_loss      avg_step_tim  epoch         loss          mem_gb        step         
0.7123000000  0.6204360127  0.6680000000  0.6325369477  0.6489000000  0.6486030817  0.0130220721  6875.0000000  0.1029933020  0.5484056473  550          
0.1_acc       0.1_loss      0.5_acc       0.5_loss      0.9_acc       0.9_loss      avg_step_tim  epoch         loss          mem_gb        step         
0.7135000000  0.6186898947  0.6686000000  0.6329783797  0.6472000000  0.6521344781  0.0118825885  7500.0000000  0.1024773195  0.5484056473  600          
[0.63, 0.63, 0.63, 0.63, 0.63, 0.63, 0.64, 0.64, 0.64, 0.65, 0.66] [0.68, 0.68, 0.67, 0.67, 0.67, 0.67, 0.66, 0.66, 0.66, 0.65, 0.64]

final accuracies:
0.0    0.1    0.2    0.3    0.4    0.5    0.6    0.7    0.8    0.9    1.0   
0.724  0.715  0.716  0.698  0.690  0.686  0.678  0.665  0.654  0.656  0.643 
[0.64, 0.64, 0.63, 0.63, 0.63, 0.63, 0.63, 0.64, 0.64, 0.65, 0.65] [0.68, 0.68, 0.67, 0.67, 0.67, 0.67, 0.67, 0.66, 0.66, 0.65, 0.64]

best accuracies:
0.0    0.1    0.2    0.3    0.4    0.5    0.6    0.7    0.8    0.9    1.0   
0.724  0.714  0.716  0.698  0.688  0.685  0.679  0.666  0.656  0.658  0.644 
Args:
	algorithm: erm
	alpha: 0.4
	batch_size: 25000
	data_dir: ..\data
	deterministic: False
	dropout_p: 0.2
	erm_pretrain_iters: 0
	eval_freq: 50
	exp_name: domain_stress
	full_resolution: False
	groupdro_eta: 1.0
	loss_fn: nll
	lr: 0.0001
	lr_cos_sched: False
	lr_factor_reduction: 1
	mlp_hidden_dim: 390
	n_workers: 0
	network: FiLMedMLP
	other_arg: default
	output_dir: ..\results\cmnist_exp
	penalty_weight: 1000
	save_ckpts: False
	seed: 1
	steps: 600
	test_env_ms: 0.9
	test_envs: 0.1,0.5,0.9
	train_env_ps: (0.01, 0.12, 0.5, 0.99)
	train_env_size_mode: random
	train_env_sizes: 2000,2000,2000,4000
	train_env_sizes_parsed: (2000, 2000, 2000, 4000)
	train_envs: 0.01,0.12,0.5,0.99
	weight_decay: 0
Train environment sample counts: [2000, 2000, 2000, 4000]
0.1_acc       0.1_loss      0.5_acc       0.5_loss      0.9_acc       0.9_loss      avg_step_tim  epoch         loss          mem_gb        step         
0.6342000000  0.6605268121  0.6543000000  0.6413234472  0.6800000000  0.6112453938  0.0697858238  500.00000000  0.6378928423  0.1948385239  50           
0.1_acc       0.1_loss      0.5_acc       0.5_loss      0.9_acc       0.9_loss      avg_step_tim  epoch         loss          mem_gb        step         
0.6674000000  0.6419026256  0.6751000000  0.6275999546  0.7036000000  0.5954414010  0.0442967510  1000.0000000  0.5956136584  0.1948385239  100          
0.1_acc       0.1_loss      0.5_acc       0.5_loss      0.9_acc       0.9_loss      avg_step_tim  epoch         loss          mem_gb        step         
0.6762000000  0.6483764648  0.6853000000  0.6297461987  0.7076000000  0.5933279395  0.0376386182  1500.0000000  0.5578994155  0.1948385239  150          
0.1_acc       0.1_loss      0.5_acc       0.5_loss      0.9_acc       0.9_loss      avg_step_tim  epoch         loss          mem_gb        step         
0.6741000000  0.6699211001  0.6827000000  0.6464808583  0.7037000000  0.6067680717  0.0290883112  2000.0000000  0.5079171658  0.1948385239  200          
0.1_acc       0.1_loss      0.5_acc       0.5_loss      0.9_acc       0.9_loss      avg_step_tim  epoch         loss          mem_gb        step         
0.6625000000  0.6986457109  0.6739000000  0.6783204079  0.6986000000  0.6426742077  0.0245035334  2500.0000000  0.4469365180  0.1948385239  250          
0.1_acc       0.1_loss      0.5_acc       0.5_loss      0.9_acc       0.9_loss      avg_step_tim  epoch         loss          mem_gb        step         
0.6531000000  0.7453445196  0.6656000000  0.7237943411  0.6926000000  0.6855087876  0.0198796590  3000.0000000  0.4009933472  0.1948385239  300          
0.1_acc       0.1_loss      0.5_acc       0.5_loss      0.9_acc       0.9_loss      avg_step_tim  epoch         loss          mem_gb        step         
0.6449000000  0.8099533916  0.6559000000  0.7805721760  0.6846000000  0.7343145609  0.0155331475  3500.0000000  0.3492528498  0.1948385239  350          
0.1_acc       0.1_loss      0.5_acc       0.5_loss      0.9_acc       0.9_loss      avg_step_tim  epoch         loss          mem_gb        step         
0.6481000000  0.8529739976  0.6530000000  0.8391480446  0.6714000000  0.8101359606  0.0143039167  4000.0000000  0.3092511594  0.1948385239  400          
0.1_acc       0.1_loss      0.5_acc       0.5_loss      0.9_acc       0.9_loss      avg_step_tim  epoch         loss          mem_gb        step         
0.6430000000  0.9131921530  0.6503000000  0.8986948729  0.6681000000  0.8670359254  0.0129785114  4500.0000000  0.2687615156  0.1948385239  450          
0.1_acc       0.1_loss      0.5_acc       0.5_loss      0.9_acc       0.9_loss      avg_step_tim  epoch         loss          mem_gb        step         
0.6310000000  0.9943110943  0.6495000000  0.9553992152  0.6729000000  0.9003447294  0.0114019961  5000.0000000  0.2374198139  0.1948385239  500          
0.1_acc       0.1_loss      0.5_acc       0.5_loss      0.9_acc       0.9_loss      avg_step_tim  epoch         loss          mem_gb        step         
0.6327000000  1.0429565907  0.6458000000  1.0131425858  0.6664000000  0.9634751678  0.0105002893  5500.0000000  0.2118455470  0.1948385239  550          
0.1_acc       0.1_loss      0.5_acc       0.5_loss      0.9_acc       0.9_loss      avg_step_tim  epoch         loss          mem_gb        step         
0.6311000000  1.0970093012  0.6463000000  1.0663107634  0.6630000000  1.0179672241  0.0096446673  6000.0000000  0.1907904595  0.1948385239  600          
[1.05, 1.05, 1.06, 1.07, 1.07, 1.08, 1.08, 1.09, 1.09, 1.1, 1.11]

final accuracies:
0.0    0.1    0.2    0.3    0.4    0.5    0.6    0.7    0.8    0.9    1.0   
0.638  0.648  0.646  0.640  0.648  0.645  0.656  0.655  0.665  0.667  0.660 
[0.62, 0.62, 0.62, 0.63, 0.63, 0.63, 0.64, 0.64, 0.64, 0.65, 0.65]

best accuracies:
0.0    0.1    0.2    0.3    0.4    0.5    0.6    0.7    0.8    0.9    1.0   
0.677  0.688  0.691  0.691  0.692  0.696  0.709  0.704  0.710  0.723  0.717 
Args:
	algorithm: irm
	alpha: 0.4
	batch_size: 25000
	data_dir: ..\data
	deterministic: False
	dropout_p: 0.2
	erm_pretrain_iters: 400
	eval_freq: 50
	exp_name: domain_stress
	full_resolution: False
	groupdro_eta: 1.0
	loss_fn: nll
	lr: 0.0001
	lr_cos_sched: True
	lr_factor_reduction: 1
	mlp_hidden_dim: 390
	n_workers: 0
	network: FiLMedMLP
	other_arg: default
	output_dir: ..\results\cmnist_exp
	penalty_weight: 1000.0
	save_ckpts: True
	seed: 1
	steps: 600
	test_env_ms: 0.9
	test_envs: 0.1,0.5,0.9
	train_env_ps: (0.01, 0.12, 0.5, 0.99)
	train_env_size_mode: random
	train_env_sizes: 2000,2000,2000,4000
	train_env_sizes_parsed: (2000, 2000, 2000, 4000)
	train_envs: 0.01,0.12,0.5,0.99
	weight_decay: 0
Train environment sample counts: [2000, 2000, 2000, 4000]
0.1_acc       0.1_loss      0.5_acc       0.5_loss      0.9_acc       0.9_loss      avg_step_tim  epoch         loss          mem_gb        step         
0.6342000000  0.6605268121  0.6543000000  0.6413234472  0.6800000000  0.6112453938  0.0692176533  500.00000000  0.6378928423  0.1948385239  50           
0.1_acc       0.1_loss      0.5_acc       0.5_loss      0.9_acc       0.9_loss      avg_step_tim  epoch         loss          mem_gb        step         
0.6674000000  0.6419026256  0.6751000000  0.6275999546  0.7036000000  0.5954414010  0.0443868971  1000.0000000  0.5956136584  0.1948385239  100          
0.1_acc       0.1_loss      0.5_acc       0.5_loss      0.9_acc       0.9_loss      avg_step_tim  epoch         loss          mem_gb        step         
0.6762000000  0.6483764648  0.6853000000  0.6297461987  0.7076000000  0.5933279395  0.0403565280  1500.0000000  0.5578994155  0.1948385239  150          
0.1_acc       0.1_loss      0.5_acc       0.5_loss      0.9_acc       0.9_loss      avg_step_tim  epoch         loss          mem_gb        step         
0.6741000000  0.6699211001  0.6827000000  0.6464808583  0.7037000000  0.6067680717  0.0296985185  2000.0000000  0.5079171658  0.1948385239  200          
0.1_acc       0.1_loss      0.5_acc       0.5_loss      0.9_acc       0.9_loss      avg_step_tim  epoch         loss          mem_gb        step         
0.6625000000  0.6986457109  0.6739000000  0.6783204079  0.6986000000  0.6426742077  0.0235430365  2500.0000000  0.4469365180  0.1948385239  250          
0.1_acc       0.1_loss      0.5_acc       0.5_loss      0.9_acc       0.9_loss      avg_step_tim  epoch         loss          mem_gb        step         
0.6531000000  0.7453445196  0.6656000000  0.7237943411  0.6926000000  0.6855087876  0.0197423021  3000.0000000  0.4009933472  0.1948385239  300          
0.1_acc       0.1_loss      0.5_acc       0.5_loss      0.9_acc       0.9_loss      avg_step_tim  epoch         loss          mem_gb        step         
0.6449000000  0.8099533916  0.6559000000  0.7805721760  0.6846000000  0.7343145609  0.0173175083  3500.0000000  0.3492528498  0.1948385239  350          
0.1_acc       0.1_loss      0.5_acc       0.5_loss      0.9_acc       0.9_loss      avg_step_tim  epoch         loss          mem_gb        step         
0.6481000000  0.8529739976  0.6530000000  0.8391480446  0.6714000000  0.8101359606  0.0140357149  4000.0000000  0.3092511594  0.1948385239  400          
Saved ERM-pretrained model.
0.1_acc       0.1_loss      0.5_acc       0.5_loss      0.9_acc       0.9_loss      avg_step_tim  epoch         erm_loss      loss          mem_gb        penalty       step         
0.6645000000  0.8655413985  0.6581000000  0.8878365755  0.6638000000  0.8952910900  0.0129728863  4500.0000000  0.3082529008  0.0004224265  0.1948432922  0.0001141736  450          
0.1_acc       0.1_loss      0.5_acc       0.5_loss      0.9_acc       0.9_loss      avg_step_tim  epoch         erm_loss      loss          mem_gb        penalty       step         
0.6656000000  0.8579804301  0.6579000000  0.8848460913  0.6653000000  0.8938753605  0.0117533116  5000.0000000  0.3091359437  0.0003444531  0.1948432922  0.0000353172  500          
0.1_acc       0.1_loss      0.5_acc       0.5_loss      0.9_acc       0.9_loss      avg_step_tim  epoch         erm_loss      loss          mem_gb        penalty       step         
0.6574000000  0.8866171837  0.6579000000  0.8869110942  0.6736000000  0.8690288663  0.0108735952  5500.0000000  0.3065866828  0.0003220181  0.1948432922  0.0000154314  550          
0.1_acc       0.1_loss      0.5_acc       0.5_loss      0.9_acc       0.9_loss      avg_step_tim  epoch         erm_loss      loss          mem_gb        penalty       step         
0.6627000000  0.8738706708  0.6584000000  0.8869849443  0.6698000000  0.8823500872  0.0102908115  6000.0000000  0.3088464737  0.0003758836  0.1948432922  0.0000670371  600          
[0.87, 0.87, 0.87, 0.88, 0.88, 0.88, 0.88, 0.89, 0.89, 0.89, 0.89]

final accuracies:
0.0    0.1    0.2    0.3    0.4    0.5    0.6    0.7    0.8    0.9    1.0   
0.664  0.673  0.670  0.666  0.670  0.667  0.676  0.670  0.675  0.678  0.671 
[0.62, 0.62, 0.62, 0.63, 0.63, 0.63, 0.64, 0.64, 0.64, 0.65, 0.65]

best accuracies:
0.0    0.1    0.2    0.3    0.4    0.5    0.6    0.7    0.8    0.9    1.0   
0.677  0.688  0.691  0.691  0.692  0.696  0.709  0.704  0.710  0.723  0.717 
Args:
	algorithm: groupdro
	alpha: 0.4
	batch_size: 25000
	data_dir: ..\data
	deterministic: False
	dropout_p: 0.2
	erm_pretrain_iters: 400
	eval_freq: 50
	exp_name: domain_stress
	full_resolution: False
	groupdro_eta: 0.1
	loss_fn: nll
	lr: 0.0001
	lr_cos_sched: True
	lr_factor_reduction: 1
	mlp_hidden_dim: 390
	n_workers: 0
	network: FiLMedMLP
	other_arg: default
	output_dir: ..\results\cmnist_exp
	penalty_weight: 1000
	save_ckpts: True
	seed: 1
	steps: 1000
	test_env_ms: 0.9
	test_envs: 0.1,0.5,0.9
	train_env_ps: (0.01, 0.12, 0.5, 0.99)
	train_env_size_mode: random
	train_env_sizes: 2000,2000,2000,4000
	train_env_sizes_parsed: (2000, 2000, 2000, 4000)
	train_envs: 0.01,0.12,0.5,0.99
	weight_decay: 0
Train environment sample counts: [2000, 2000, 2000, 4000]
train_sandbox.py:189: FutureWarning: You are using `torch.load` with `weights_only=False` (the current default value), which uses the default pickle module implicitly. It is possible to construct malicious pickle data which will execute arbitrary code during unpickling (See https://github.com/pytorch/pytorch/blob/main/SECURITY.md#untrusted-models for more details). In a future release, the default value for `weights_only` will be flipped to `True`. This limits the functions that could be executed during unpickling. Arbitrary objects will no longer be allowed to be loaded via this mode unless they are explicitly allowlisted by the user via `torch.serialization.add_safe_globals`. We recommend you start setting `weights_only=True` for any use case where you don't have full control of the loaded file. Please open an issue on GitHub for any issues related to this experimental feature.
  algorithm.load_state_dict(torch.load(erm_ckpt_pth, map_location=device), strict=False)
ERM-pretrained model loaded: 7a58a9e8287d64f83c290d8ea8bcc0e4.
0.1_acc       0.1_loss      0.5_acc       0.5_loss      0.9_acc       0.9_loss      avg_step_tim  epoch         loss          mem_gb        step         
0.6600000000  0.8565414548  0.6512000000  0.8830153942  0.6537000000  0.8965146542  0.0078030316  4500.0000000  0.2802810669  0.1638736725  450          
0.1_acc       0.1_loss      0.5_acc       0.5_loss      0.9_acc       0.9_loss      avg_step_tim  epoch         loss          mem_gb        step         
0.6528000000  0.9125431180  0.6495000000  0.9181255698  0.6585000000  0.9080972672  0.0086831117  5000.0000000  0.2615306675  0.1638741493  500          
0.1_acc       0.1_loss      0.5_acc       0.5_loss      0.9_acc       0.9_loss      avg_step_tim  epoch         loss          mem_gb        step         
0.6434000000  0.9679226279  0.6470000000  0.9602919817  0.6613000000  0.9346083999  0.0101405655  5500.0000000  0.2398596853  0.1638741493  550          
0.1_acc       0.1_loss      0.5_acc       0.5_loss      0.9_acc       0.9_loss      avg_step_tim  epoch         loss          mem_gb        step         
0.6394000000  1.0079122782  0.6463000000  0.9916741848  0.6608000000  0.9606759548  0.0094007405  6000.0000000  0.2268959880  0.1638741493  600          
0.1_acc       0.1_loss      0.5_acc       0.5_loss      0.9_acc       0.9_loss      avg_step_tim  epoch         loss          mem_gb        step         
0.6396000000  1.0375573635  0.6471000000  1.0223174095  0.6611000000  0.9918269515  0.0091212251  6500.0000000  0.2080357075  0.1638741493  650          
0.1_acc       0.1_loss      0.5_acc       0.5_loss      0.9_acc       0.9_loss      avg_step_tim  epoch         loss          mem_gb        step         
0.6300000000  1.0940873623  0.6460000000  1.0522176027  0.6657000000  0.9943122864  0.0081961516  7000.0000000  0.2017036527  0.1638741493  700          
0.1_acc       0.1_loss      0.5_acc       0.5_loss      0.9_acc       0.9_loss      avg_step_tim  epoch         loss          mem_gb        step         
0.6388000000  1.0886471272  0.6460000000  1.0667800903  0.6587000000  1.0312855244  0.0077454322  7500.0000000  0.1892719716  0.1638741493  750          
0.1_acc       0.1_loss      0.5_acc       0.5_loss      0.9_acc       0.9_loss      avg_step_tim  epoch         loss          mem_gb        step         
0.6361000000  1.1055095196  0.6462000000  1.0810710192  0.6599000000  1.0409786701  0.0071240425  8000.0000000  0.1917374432  0.1638741493  800          
0.1_acc       0.1_loss      0.5_acc       0.5_loss      0.9_acc       0.9_loss      avg_step_tim  epoch         loss          mem_gb        step         
0.6336000000  1.1205110550  0.6449000000  1.0902657509  0.6603000000  1.0461362600  0.0068714523  8500.0000000  0.1862740964  0.1638741493  850          
0.1_acc       0.1_loss      0.5_acc       0.5_loss      0.9_acc       0.9_loss      avg_step_tim  epoch         loss          mem_gb        step         
0.6371000000  1.1179194450  0.6457000000  1.0953408480  0.6578000000  1.0581622124  0.0067044078  9000.0000000  0.1813825965  0.1638741493  900          
0.1_acc       0.1_loss      0.5_acc       0.5_loss      0.9_acc       0.9_loss      avg_step_tim  epoch         loss          mem_gb        step         
0.6360000000  1.1233384609  0.6455000000  1.0976890326  0.6584000000  1.0572317839  0.0057201539  9500.0000000  0.1852584779  0.1638741493  950          
0.1_acc       0.1_loss      0.5_acc       0.5_loss      0.9_acc       0.9_loss      avg_step_tim  epoch         loss          mem_gb        step         
0.6357000000  1.1229735613  0.6447000000  1.0981376171  0.6580000000  1.0585856438  0.0053180997  10000.000000  0.1806875318  0.1638741493  1000         
[1.08, 1.09, 1.09, 1.1, 1.1, 1.11, 1.11, 1.12, 1.12, 1.13, 1.14]

final accuracies:
0.0    0.1    0.2    0.3    0.4    0.5    0.6    0.7    0.8    0.9    1.0   
0.642  0.651  0.647  0.640  0.647  0.646  0.654  0.653  0.659  0.661  0.655 
[1.04, 1.04, 1.05, 1.06, 1.06, 1.07, 1.08, 1.08, 1.09, 1.1, 1.11]

best accuracies:
0.0    0.1    0.2    0.3    0.4    0.5    0.6    0.7    0.8    0.9    1.0   
0.635  0.647  0.644  0.641  0.647  0.648  0.658  0.658  0.665  0.669  0.663 
Args:
	algorithm: iro
	alpha: 0.4
	batch_size: 25000
	data_dir: ..\data
	deterministic: False
	dropout_p: 0.2
	erm_pretrain_iters: 400
	eval_freq: 50
	exp_name: domain_stress
	full_resolution: False
	groupdro_eta: 1.0
	loss_fn: nll
	lr: 0.0001
	lr_cos_sched: True
	lr_factor_reduction: 1
	mlp_hidden_dim: 390
	n_workers: 0
	network: FiLMedMLP
	other_arg: default
	output_dir: ..\results\cmnist_exp
	penalty_weight: 1000
	save_ckpts: True
	seed: 1
	steps: 600
	test_env_ms: 0.9
	test_envs: 0.1,0.5,0.9
	train_env_ps: (0.01, 0.12, 0.5, 0.99)
	train_env_size_mode: random
	train_env_sizes: 2000,2000,2000,4000
	train_env_sizes_parsed: (2000, 2000, 2000, 4000)
	train_envs: 0.01,0.12,0.5,0.99
	weight_decay: 0
Train environment sample counts: [2000, 2000, 2000, 4000]
train_sandbox.py:189: FutureWarning: You are using `torch.load` with `weights_only=False` (the current default value), which uses the default pickle module implicitly. It is possible to construct malicious pickle data which will execute arbitrary code during unpickling (See https://github.com/pytorch/pytorch/blob/main/SECURITY.md#untrusted-models for more details). In a future release, the default value for `weights_only` will be flipped to `True`. This limits the functions that could be executed during unpickling. Arbitrary objects will no longer be allowed to be loaded via this mode unless they are explicitly allowlisted by the user via `torch.serialization.add_safe_globals`. We recommend you start setting `weights_only=True` for any use case where you don't have full control of the loaded file. Please open an issue on GitHub for any issues related to this experimental feature.
  algorithm.load_state_dict(torch.load(erm_ckpt_pth, map_location=device), strict=False)
ERM-pretrained model loaded: 7a58a9e8287d64f83c290d8ea8bcc0e4.
0.1_acc       0.1_loss      0.5_acc       0.5_loss      0.9_acc       0.9_loss      avg_step_tim  epoch         loss          mem_gb        step         
0.6459000000  0.6710481048  0.6250000000  0.6577978134  0.6310000000  0.6574590802  0.0604756641  4500.0000000  0.0634232536  1.6982975006  450          
0.1_acc       0.1_loss      0.5_acc       0.5_loss      0.9_acc       0.9_loss      avg_step_tim  epoch         loss          mem_gb        step         
0.6919000000  0.6376673579  0.6627000000  0.6333526373  0.6659000000  0.6324048638  0.0540010743  5000.0000000  0.0578088909  1.6982975006  500          
0.1_acc       0.1_loss      0.5_acc       0.5_loss      0.9_acc       0.9_loss      avg_step_tim  epoch         loss          mem_gb        step         
0.6878000000  0.6337429285  0.6690000000  0.6307215691  0.6732000000  0.6240289807  0.0485441420  5500.0000000  0.0542378202  1.6982975006  550          
0.1_acc       0.1_loss      0.5_acc       0.5_loss      0.9_acc       0.9_loss      avg_step_tim  epoch         loss          mem_gb        step         
0.6912000000  0.6311613321  0.6695000000  0.6306452155  0.6719000000  0.6263764501  0.0447088754  6000.0000000  0.0551359542  1.6982975006  600          
[0.63, 0.63, 0.63, 0.63, 0.63, 0.63, 0.62, 0.62, 0.63, 0.63, 0.63] [0.68, 0.68, 0.68, 0.68, 0.68, 0.68, 0.68, 0.68, 0.68, 0.68, 0.67]

final accuracies:
0.0    0.1    0.2    0.3    0.4    0.5    0.6    0.7    0.8    0.9    1.0   
0.694  0.692  0.694  0.687  0.683  0.694  0.683  0.683  0.674  0.680  0.680 
[0.64, 0.63, 0.63, 0.63, 0.63, 0.63, 0.63, 0.63, 0.63, 0.63, 0.63] [0.68, 0.68, 0.67, 0.68, 0.68, 0.68, 0.68, 0.68, 0.68, 0.68, 0.67]

best accuracies:
0.0    0.1    0.2    0.3    0.4    0.5    0.6    0.7    0.8    0.9    1.0   
0.690  0.690  0.692  0.684  0.682  0.693  0.683  0.683  0.674  0.682  0.682 
Args:
	algorithm: inftask
	alpha: 0.4
	batch_size: 25000
	data_dir: ..\data
	deterministic: False
	dropout_p: 0.2
	erm_pretrain_iters: 400
	eval_freq: 50
	exp_name: domain_stress
	full_resolution: False
	groupdro_eta: 1.0
	loss_fn: nll
	lr: 0.0001
	lr_cos_sched: True
	lr_factor_reduction: 1
	mlp_hidden_dim: 390
	n_workers: 0
	network: FiLMedMLP
	other_arg: default
	output_dir: ..\results\cmnist_exp
	penalty_weight: 1000
	save_ckpts: True
	seed: 1
	steps: 600
	test_env_ms: 0.9
	test_envs: 0.1,0.5,0.9
	train_env_ps: (0.01, 0.12, 0.5, 0.99)
	train_env_size_mode: random
	train_env_sizes: 2000,2000,2000,4000
	train_env_sizes_parsed: (2000, 2000, 2000, 4000)
	train_envs: 0.01,0.12,0.5,0.99
	weight_decay: 0
Train environment sample counts: [2000, 2000, 2000, 4000]
train_sandbox.py:189: FutureWarning: You are using `torch.load` with `weights_only=False` (the current default value), which uses the default pickle module implicitly. It is possible to construct malicious pickle data which will execute arbitrary code during unpickling (See https://github.com/pytorch/pytorch/blob/main/SECURITY.md#untrusted-models for more details). In a future release, the default value for `weights_only` will be flipped to `True`. This limits the functions that could be executed during unpickling. Arbitrary objects will no longer be allowed to be loaded via this mode unless they are explicitly allowlisted by the user via `torch.serialization.add_safe_globals`. We recommend you start setting `weights_only=True` for any use case where you don't have full control of the loaded file. Please open an issue on GitHub for any issues related to this experimental feature.
  algorithm.load_state_dict(torch.load(erm_ckpt_pth, map_location=device), strict=False)
ERM-pretrained model loaded: 7a58a9e8287d64f83c290d8ea8bcc0e4.
0.1_acc       0.1_loss      0.5_acc       0.5_loss      0.9_acc       0.9_loss      avg_step_tim  epoch         loss          mem_gb        step         
0.6762000000  0.6683893204  0.6048000000  0.6623526216  0.5846000000  0.6712672114  0.0195706717  4500.0000000  0.0598600134  0.6866245270  450          
0.1_acc       0.1_loss      0.5_acc       0.5_loss      0.9_acc       0.9_loss      avg_step_tim  epoch         loss          mem_gb        step         
0.6879000000  0.6465440989  0.6595000000  0.6373086572  0.6713000000  0.6279192567  0.0178066087  5000.0000000  0.0536651015  0.6866245270  500          
0.1_acc       0.1_loss      0.5_acc       0.5_loss      0.9_acc       0.9_loss      avg_step_tim  epoch         loss          mem_gb        step         
0.6822000000  0.6400806308  0.6643000000  0.6321849227  0.6714000000  0.6249427795  0.0166893963  5500.0000000  0.0522696376  0.6866245270  550          
0.1_acc       0.1_loss      0.5_acc       0.5_loss      0.9_acc       0.9_loss      avg_step_tim  epoch         loss          mem_gb        step         
0.6832000000  0.6391012669  0.6670000000  0.6312202215  0.6698000000  0.6249803901  0.0154067612  6000.0000000  0.0522760041  0.6866245270  600          
[0.64, 0.64, 0.64, 0.63, 0.63, 0.63, 0.63, 0.63, 0.63, 0.63, 0.63] [0.68, 0.67, 0.67, 0.67, 0.68, 0.68, 0.68, 0.68, 0.68, 0.68, 0.67]

final accuracies:
0.0    0.1    0.2    0.3    0.4    0.5    0.6    0.7    0.8    0.9    1.0   
0.687  0.688  0.690  0.683  0.677  0.678  0.682  0.677  0.674  0.684  0.675 
[0.64, 0.64, 0.64, 0.64, 0.63, 0.63, 0.63, 0.63, 0.63, 0.63, 0.63] [0.68, 0.67, 0.67, 0.67, 0.67, 0.68, 0.68, 0.68, 0.68, 0.68, 0.68]

best accuracies:
0.0    0.1    0.2    0.3    0.4    0.5    0.6    0.7    0.8    0.9    1.0   
0.686  0.686  0.690  0.678  0.671  0.676  0.678  0.675  0.674  0.685  0.676 
Args:
	algorithm: erm
	alpha: 0.4
	batch_size: 25000
	data_dir: ..\data
	deterministic: False
	dropout_p: 0.2
	erm_pretrain_iters: 0
	eval_freq: 50
	exp_name: domain_stress
	full_resolution: False
	groupdro_eta: 1.0
	loss_fn: nll
	lr: 0.0001
	lr_cos_sched: False
	lr_factor_reduction: 1
	mlp_hidden_dim: 390
	n_workers: 0
	network: FiLMedMLP
	other_arg: default
	output_dir: ..\results\cmnist_exp
	penalty_weight: 1000
	save_ckpts: False
	seed: 1
	steps: 600
	test_env_ms: 0.9
	test_envs: 0.1,0.5,0.9
	train_env_ps: (0.01, 0.12, 0.5, 0.99)
	train_env_size_mode: random
	train_env_sizes: 2000,2000,2000,10000
	train_env_sizes_parsed: (2000, 2000, 2000, 10000)
	train_envs: 0.01,0.12,0.5,0.99
	weight_decay: 0
Train environment sample counts: [2000, 2000, 2000, 10000]
0.1_acc       0.1_loss      0.5_acc       0.5_loss      0.9_acc       0.9_loss      avg_step_tim  epoch         loss          mem_gb        step         
0.1150000000  1.0249226093  0.4991000000  0.7385696769  0.8951000000  0.4387174249  0.1213670540  312.50000000  0.5910390615  0.2716751099  50           
0.1_acc       0.1_loss      0.5_acc       0.5_loss      0.9_acc       0.9_loss      avg_step_tim  epoch         loss          mem_gb        step         
0.3349000000  0.9831355214  0.5782000000  0.7125436068  0.8388000000  0.4120970070  0.0864465046  625.00000000  0.5545760989  0.2716751099  100          
0.1_acc       0.1_loss      0.5_acc       0.5_loss      0.9_acc       0.9_loss      avg_step_tim  epoch         loss          mem_gb        step         
0.4056000000  0.9722787142  0.6091000000  0.7055667043  0.8249000000  0.4034954011  0.0627062972  937.50000000  0.5292827487  0.2716751099  150          
0.1_acc       0.1_loss      0.5_acc       0.5_loss      0.9_acc       0.9_loss      avg_step_tim  epoch         loss          mem_gb        step         
0.4410000000  0.9853433371  0.6178000000  0.7107433677  0.8186000000  0.3986322582  0.0446739340  1250.0000000  0.5009427667  0.2716751099  200          
0.1_acc       0.1_loss      0.5_acc       0.5_loss      0.9_acc       0.9_loss      avg_step_tim  epoch         loss          mem_gb        step         
0.4536000000  1.0160362720  0.6234000000  0.7285245061  0.8120000000  0.3997358084  0.0380950184  1562.5000000  0.4731874466  0.2716751099  250          
0.1_acc       0.1_loss      0.5_acc       0.5_loss      0.9_acc       0.9_loss      avg_step_tim  epoch         loss          mem_gb        step         
0.4571000000  1.0600792170  0.6218000000  0.7575156093  0.8072000000  0.4094344974  0.0312793374  1875.0000000  0.4387855530  0.2716751099  300          
0.1_acc       0.1_loss      0.5_acc       0.5_loss      0.9_acc       0.9_loss      avg_step_tim  epoch         loss          mem_gb        step         
0.4645000000  1.1069121361  0.6215000000  0.7928172946  0.8010000000  0.4288881719  0.0266000400  2187.5000000  0.4035225213  0.2716751099  350          
0.1_acc       0.1_loss      0.5_acc       0.5_loss      0.9_acc       0.9_loss      avg_step_tim  epoch         loss          mem_gb        step         
0.4643000000  1.1778494120  0.6183000000  0.8397396207  0.7972000000  0.4485677481  0.0218946403  2500.0000000  0.3680790663  0.2716751099  400          
0.1_acc       0.1_loss      0.5_acc       0.5_loss      0.9_acc       0.9_loss      avg_step_tim  epoch         loss          mem_gb        step         
0.4542000000  1.2711858749  0.6147000000  0.8975573182  0.7969000000  0.4651250243  0.0212963767  2812.5000000  0.3282225132  0.2716751099  450          
0.1_acc       0.1_loss      0.5_acc       0.5_loss      0.9_acc       0.9_loss      avg_step_tim  epoch         loss          mem_gb        step         
0.4561000000  1.3472439051  0.6138000000  0.9497447014  0.7920000000  0.4889238775  0.0200582633  3125.0000000  0.2938612401  0.2716751099  500          
0.1_acc       0.1_loss      0.5_acc       0.5_loss      0.9_acc       0.9_loss      avg_step_tim  epoch         loss          mem_gb        step         
0.4542000000  1.4248862267  0.6128000000  1.0011847019  0.7884000000  0.5106132030  0.0158155775  3437.5000000  0.2739606202  0.2716751099  550          
0.1_acc       0.1_loss      0.5_acc       0.5_loss      0.9_acc       0.9_loss      avg_step_tim  epoch         loss          mem_gb        step         
0.4568000000  1.4977482557  0.6125000000  1.0527929068  0.7851000000  0.5384085774  0.0143864508  3750.0000000  0.2434616834  0.2716751099  600          
[1.02, 1.07, 1.14, 1.2, 1.26, 1.32, 1.38, 1.44, 1.49, 1.56, 1.63]

final accuracies:
0.0    0.1    0.2    0.3    0.4    0.5    0.6    0.7    0.8    0.9    1.0   
0.423  0.468  0.504  0.540  0.583  0.628  0.666  0.708  0.747  0.790  0.820 
[0.73, 0.77, 0.81, 0.84, 0.88, 0.92, 0.96, 0.99, 1.03, 1.07, 1.11]

best accuracies:
0.0    0.1    0.2    0.3    0.4    0.5    0.6    0.7    0.8    0.9    1.0   
0.018  0.114  0.215  0.311  0.407  0.506  0.602  0.708  0.801  0.904  0.994 
Args:
	algorithm: irm
	alpha: 0.4
	batch_size: 25000
	data_dir: ..\data
	deterministic: False
	dropout_p: 0.2
	erm_pretrain_iters: 400
	eval_freq: 50
	exp_name: domain_stress
	full_resolution: False
	groupdro_eta: 1.0
	loss_fn: nll
	lr: 0.0001
	lr_cos_sched: True
	lr_factor_reduction: 1
	mlp_hidden_dim: 390
	n_workers: 0
	network: FiLMedMLP
	other_arg: default
	output_dir: ..\results\cmnist_exp
	penalty_weight: 1000.0
	save_ckpts: True
	seed: 1
	steps: 600
	test_env_ms: 0.9
	test_envs: 0.1,0.5,0.9
	train_env_ps: (0.01, 0.12, 0.5, 0.99)
	train_env_size_mode: random
	train_env_sizes: 2000,2000,2000,10000
	train_env_sizes_parsed: (2000, 2000, 2000, 10000)
	train_envs: 0.01,0.12,0.5,0.99
	weight_decay: 0
Train environment sample counts: [2000, 2000, 2000, 10000]
0.1_acc       0.1_loss      0.5_acc       0.5_loss      0.9_acc       0.9_loss      avg_step_tim  epoch         loss          mem_gb        step         
0.1150000000  1.0249226093  0.4991000000  0.7385696769  0.8951000000  0.4387174249  0.1187023401  312.50000000  0.5910390615  0.2716751099  50           
0.1_acc       0.1_loss      0.5_acc       0.5_loss      0.9_acc       0.9_loss      avg_step_tim  epoch         loss          mem_gb        step         
0.3349000000  0.9831355214  0.5782000000  0.7125436068  0.8388000000  0.4120970070  0.0875541234  625.00000000  0.5545760989  0.2716751099  100          
0.1_acc       0.1_loss      0.5_acc       0.5_loss      0.9_acc       0.9_loss      avg_step_tim  epoch         loss          mem_gb        step         
0.4056000000  0.9722787142  0.6091000000  0.7055667043  0.8249000000  0.4034954011  0.0606293408  937.50000000  0.5292827487  0.2716751099  150          
0.1_acc       0.1_loss      0.5_acc       0.5_loss      0.9_acc       0.9_loss      avg_step_tim  epoch         loss          mem_gb        step         
0.4410000000  0.9853433371  0.6178000000  0.7107433677  0.8186000000  0.3986322582  0.0445137191  1250.0000000  0.5009427667  0.2716751099  200          
0.1_acc       0.1_loss      0.5_acc       0.5_loss      0.9_acc       0.9_loss      avg_step_tim  epoch         loss          mem_gb        step         
0.4536000000  1.0160362720  0.6234000000  0.7285245061  0.8120000000  0.3997358084  0.0333703651  1562.5000000  0.4731874466  0.2716751099  250          
0.1_acc       0.1_loss      0.5_acc       0.5_loss      0.9_acc       0.9_loss      avg_step_tim  epoch         loss          mem_gb        step         
0.4571000000  1.0600792170  0.6218000000  0.7575156093  0.8072000000  0.4094344974  0.0311830711  1875.0000000  0.4387855530  0.2716751099  300          
0.1_acc       0.1_loss      0.5_acc       0.5_loss      0.9_acc       0.9_loss      avg_step_tim  epoch         loss          mem_gb        step         
0.4645000000  1.1069121361  0.6215000000  0.7928172946  0.8010000000  0.4288881719  0.0269206987  2187.5000000  0.4035225213  0.2716751099  350          
0.1_acc       0.1_loss      0.5_acc       0.5_loss      0.9_acc       0.9_loss      avg_step_tim  epoch         loss          mem_gb        step         
0.4643000000  1.1778494120  0.6183000000  0.8397396207  0.7972000000  0.4485677481  0.0229205155  2500.0000000  0.3680790663  0.2716751099  400          
Saved ERM-pretrained model.
0.1_acc       0.1_loss      0.5_acc       0.5_loss      0.9_acc       0.9_loss      avg_step_tim  epoch         erm_loss      loss          mem_gb        penalty       step         
0.6323000000  0.8232827783  0.6625000000  0.7476021051  0.7197000000  0.6219696403  0.0216972976  2812.5000000  0.4156087041  0.0004429615  0.2716798782  0.0000273528  450          
0.1_acc       0.1_loss      0.5_acc       0.5_loss      0.9_acc       0.9_loss      avg_step_tim  epoch         erm_loss      loss          mem_gb        penalty       step         
0.6345000000  0.8199501038  0.6620000000  0.7464012504  0.7194000000  0.6232179403  0.0204703813  3125.0000000  0.4120588303  0.0004453424  0.2716798782  0.0000332835  500          
0.1_acc       0.1_loss      0.5_acc       0.5_loss      0.9_acc       0.9_loss      avg_step_tim  epoch         erm_loss      loss          mem_gb        penalty       step         
0.6349000000  0.8150480986  0.6629000000  0.7447522283  0.7187000000  0.6249061227  0.0170678269  3437.5000000  0.4186884165  0.0004416294  0.2716798782  0.0000229409  550          
0.1_acc       0.1_loss      0.5_acc       0.5_loss      0.9_acc       0.9_loss      avg_step_tim  epoch         erm_loss      loss          mem_gb        penalty       step         
0.6321000000  0.8221403956  0.6628000000  0.7468931675  0.7208000000  0.6215760708  0.0158629727  3750.0000000  0.4156853557  0.0004605083  0.2716798782  0.0000448230  600          
[0.72, 0.73, 0.75, 0.76, 0.77, 0.78, 0.8, 0.81, 0.82, 0.83, 0.85]

final accuracies:
0.0    0.1    0.2    0.3    0.4    0.5    0.6    0.7    0.8    0.9    1.0   
0.625  0.641  0.652  0.656  0.666  0.677  0.694  0.698  0.708  0.725  0.729 
[0.73, 0.77, 0.81, 0.84, 0.88, 0.92, 0.96, 0.99, 1.03, 1.07, 1.11]

best accuracies:
0.0    0.1    0.2    0.3    0.4    0.5    0.6    0.7    0.8    0.9    1.0   
0.018  0.114  0.215  0.311  0.407  0.506  0.602  0.708  0.801  0.904  0.994 
Args:
	algorithm: groupdro
	alpha: 0.4
	batch_size: 25000
	data_dir: ..\data
	deterministic: False
	dropout_p: 0.2
	erm_pretrain_iters: 400
	eval_freq: 50
	exp_name: domain_stress
	full_resolution: False
	groupdro_eta: 0.1
	loss_fn: nll
	lr: 0.0001
	lr_cos_sched: True
	lr_factor_reduction: 1
	mlp_hidden_dim: 390
	n_workers: 0
	network: FiLMedMLP
	other_arg: default
	output_dir: ..\results\cmnist_exp
	penalty_weight: 1000
	save_ckpts: True
	seed: 1
	steps: 1000
	test_env_ms: 0.9
	test_envs: 0.1,0.5,0.9
	train_env_ps: (0.01, 0.12, 0.5, 0.99)
	train_env_size_mode: random
	train_env_sizes: 2000,2000,2000,10000
	train_env_sizes_parsed: (2000, 2000, 2000, 10000)
	train_envs: 0.01,0.12,0.5,0.99
	weight_decay: 0
Train environment sample counts: [2000, 2000, 2000, 10000]
train_sandbox.py:189: FutureWarning: You are using `torch.load` with `weights_only=False` (the current default value), which uses the default pickle module implicitly. It is possible to construct malicious pickle data which will execute arbitrary code during unpickling (See https://github.com/pytorch/pytorch/blob/main/SECURITY.md#untrusted-models for more details). In a future release, the default value for `weights_only` will be flipped to `True`. This limits the functions that could be executed during unpickling. Arbitrary objects will no longer be allowed to be loaded via this mode unless they are explicitly allowlisted by the user via `torch.serialization.add_safe_globals`. We recommend you start setting `weights_only=True` for any use case where you don't have full control of the loaded file. Please open an issue on GitHub for any issues related to this experimental feature.
  algorithm.load_state_dict(torch.load(erm_ckpt_pth, map_location=device), strict=False)
ERM-pretrained model loaded: ae5e3d00daa22914af5825abaa470f57.
0.1_acc       0.1_loss      0.5_acc       0.5_loss      0.9_acc       0.9_loss      avg_step_tim  epoch         loss          mem_gb        step         
0.6452000000  0.7881237864  0.6603000000  0.7467312217  0.6984000000  0.6590033770  0.0136951786  2812.5000000  0.3949300051  0.2298140526  450          
0.1_acc       0.1_loss      0.5_acc       0.5_loss      0.9_acc       0.9_loss      avg_step_tim  epoch         loss          mem_gb        step         
0.6138000000  0.8821603060  0.6537000000  0.7791247368  0.7201000000  0.6267319918  0.0183883629  3125.0000000  0.3742878735  0.2298140526  500          
0.1_acc       0.1_loss      0.5_acc       0.5_loss      0.9_acc       0.9_loss      avg_step_tim  epoch         loss          mem_gb        step         
0.5905000000  0.9467158914  0.6477000000  0.8045771122  0.7318000000  0.6120019555  0.0161433497  3437.5000000  0.3595582247  0.2298140526  550          
0.1_acc       0.1_loss      0.5_acc       0.5_loss      0.9_acc       0.9_loss      avg_step_tim  epoch         loss          mem_gb        step         
0.5814000000  0.9907085896  0.6444000000  0.8292204738  0.7337000000  0.6147959828  0.0156324025  3750.0000000  0.3419514894  0.2298140526  600          
0.1_acc       0.1_loss      0.5_acc       0.5_loss      0.9_acc       0.9_loss      avg_step_tim  epoch         loss          mem_gb        step         
0.5761000000  1.0151743889  0.6422000000  0.8449425697  0.7336000000  0.6209061146  0.0133227954  4062.5000000  0.3359788060  0.2298140526  650          
0.1_acc       0.1_loss      0.5_acc       0.5_loss      0.9_acc       0.9_loss      avg_step_tim  epoch         loss          mem_gb        step         
0.5681000000  1.0566467047  0.6411000000  0.8657564521  0.7375000000  0.6197520494  0.0134371291  4375.0000000  0.3242347240  0.2298140526  700          
0.1_acc       0.1_loss      0.5_acc       0.5_loss      0.9_acc       0.9_loss      avg_step_tim  epoch         loss          mem_gb        step         
0.5649000000  1.0844122171  0.6387000000  0.8819453716  0.7379000000  0.6231395006  0.0120293563  4687.5000000  0.3141037822  0.2298140526  750          
0.1_acc       0.1_loss      0.5_acc       0.5_loss      0.9_acc       0.9_loss      avg_step_tim  epoch         loss          mem_gb        step         
0.5642000000  1.0977358818  0.6387000000  0.8919017315  0.7376000000  0.6291874051  0.0115418401  5000.0000000  0.3045721650  0.2298140526  800          
0.1_acc       0.1_loss      0.5_acc       0.5_loss      0.9_acc       0.9_loss      avg_step_tim  epoch         loss          mem_gb        step         
0.5604000000  1.1166291237  0.6374000000  0.9016557336  0.7400000000  0.6281960011  0.0106391441  5312.5000000  0.3012921214  0.2298140526  850          
0.1_acc       0.1_loss      0.5_acc       0.5_loss      0.9_acc       0.9_loss      avg_step_tim  epoch         loss          mem_gb        step         
0.5590000000  1.1211210489  0.6367000000  0.9049695134  0.7396000000  0.6297559142  0.0104055749  5625.0000000  0.3048795760  0.2298140526  900          
0.1_acc       0.1_loss      0.5_acc       0.5_loss      0.9_acc       0.9_loss      avg_step_tim  epoch         loss          mem_gb        step         
0.5590000000  1.1235045195  0.6369000000  0.9068800807  0.7392000000  0.6312647462  0.0101520144  5937.5000000  0.2946785986  0.2298140526  950          
0.1_acc       0.1_loss      0.5_acc       0.5_loss      0.9_acc       0.9_loss      avg_step_tim  epoch         loss          mem_gb        step         
0.5590000000  1.1242991686  0.6369000000  0.9072589874  0.7395000000  0.6311998963  0.0093949132  6250.0000000  0.2951025367  0.2298140526  1000         
[0.88, 0.91, 0.94, 0.97, 1.01, 1.04, 1.07, 1.1, 1.12, 1.16, 1.2]

final accuracies:
0.0    0.1    0.2    0.3    0.4    0.5    0.6    0.7    0.8    0.9    1.0   
0.546  0.571  0.593  0.606  0.628  0.653  0.677  0.692  0.717  0.738  0.754 
[0.87, 0.9, 0.94, 0.97, 1.0, 1.03, 1.06, 1.09, 1.12, 1.15, 1.19]

best accuracies:
0.0    0.1    0.2    0.3    0.4    0.5    0.6    0.7    0.8    0.9    1.0   
0.546  0.571  0.593  0.606  0.628  0.653  0.677  0.693  0.718  0.739  0.754 
Args:
	algorithm: iro
	alpha: 0.4
	batch_size: 25000
	data_dir: ..\data
	deterministic: False
	dropout_p: 0.2
	erm_pretrain_iters: 400
	eval_freq: 50
	exp_name: domain_stress
	full_resolution: False
	groupdro_eta: 1.0
	loss_fn: nll
	lr: 0.0001
	lr_cos_sched: True
	lr_factor_reduction: 1
	mlp_hidden_dim: 390
	n_workers: 0
	network: FiLMedMLP
	other_arg: default
	output_dir: ..\results\cmnist_exp
	penalty_weight: 1000
	save_ckpts: True
	seed: 1
	steps: 600
	test_env_ms: 0.9
	test_envs: 0.1,0.5,0.9
	train_env_ps: (0.01, 0.12, 0.5, 0.99)
	train_env_size_mode: random
	train_env_sizes: 2000,2000,2000,10000
	train_env_sizes_parsed: (2000, 2000, 2000, 10000)
	train_envs: 0.01,0.12,0.5,0.99
	weight_decay: 0
Train environment sample counts: [2000, 2000, 2000, 10000]
train_sandbox.py:189: FutureWarning: You are using `torch.load` with `weights_only=False` (the current default value), which uses the default pickle module implicitly. It is possible to construct malicious pickle data which will execute arbitrary code during unpickling (See https://github.com/pytorch/pytorch/blob/main/SECURITY.md#untrusted-models for more details). In a future release, the default value for `weights_only` will be flipped to `True`. This limits the functions that could be executed during unpickling. Arbitrary objects will no longer be allowed to be loaded via this mode unless they are explicitly allowlisted by the user via `torch.serialization.add_safe_globals`. We recommend you start setting `weights_only=True` for any use case where you don't have full control of the loaded file. Please open an issue on GitHub for any issues related to this experimental feature.
  algorithm.load_state_dict(torch.load(erm_ckpt_pth, map_location=device), strict=False)
ERM-pretrained model loaded: ae5e3d00daa22914af5825abaa470f57.
0.1_acc       0.1_loss      0.5_acc       0.5_loss      0.9_acc       0.9_loss      avg_step_tim  epoch         loss          mem_gb        step         
0.6510000000  0.6739258766  0.6300000000  0.6623899937  0.6567000000  0.6554625034  0.0861210950  2812.5000000  0.5156645179  2.6632003784  450          
0.1_acc       0.1_loss      0.5_acc       0.5_loss      0.9_acc       0.9_loss      avg_step_tim  epoch         loss          mem_gb        step         
0.6744000000  0.6482294798  0.6596000000  0.6375087500  0.6795000000  0.6225621104  0.0781344686  3125.0000000  0.4800140560  2.6632003784  500          
0.1_acc       0.1_loss      0.5_acc       0.5_loss      0.9_acc       0.9_loss      avg_step_tim  epoch         loss          mem_gb        step         
0.6744000000  0.6418164372  0.6673000000  0.6318259835  0.6846000000  0.6109322906  0.0706080467  3437.5000000  0.4582614601  2.6632003784  550          
0.1_acc       0.1_loss      0.5_acc       0.5_loss      0.9_acc       0.9_loss      avg_step_tim  epoch         loss          mem_gb        step         
0.6735000000  0.6424179077  0.6682000000  0.6315244436  0.6861000000  0.6098765731  0.0657356679  3750.0000000  0.4639093876  2.6632003784  600          
[0.64, 0.64, 0.64, 0.64, 0.64, 0.63, 0.63, 0.64, 0.64, 0.64, 0.64] [0.68, 0.67, 0.67, 0.67, 0.67, 0.67, 0.67, 0.67, 0.67, 0.66, 0.66]

final accuracies:
0.0    0.1    0.2    0.3    0.4    0.5    0.6    0.7    0.8    0.9    1.0   
0.674  0.677  0.681  0.673  0.674  0.682  0.683  0.685  0.682  0.699  0.699 
[0.64, 0.64, 0.64, 0.64, 0.64, 0.63, 0.63, 0.64, 0.64, 0.64, 0.64] [0.68, 0.67, 0.67, 0.67, 0.67, 0.67, 0.67, 0.67, 0.67, 0.66, 0.66]

best accuracies:
0.0    0.1    0.2    0.3    0.4    0.5    0.6    0.7    0.8    0.9    1.0   
0.674  0.677  0.681  0.673  0.674  0.682  0.683  0.685  0.682  0.699  0.699 
Args:
	algorithm: inftask
	alpha: 0.4
	batch_size: 25000
	data_dir: ..\data
	deterministic: False
	dropout_p: 0.2
	erm_pretrain_iters: 400
	eval_freq: 50
	exp_name: domain_stress
	full_resolution: False
	groupdro_eta: 1.0
	loss_fn: nll
	lr: 0.0001
	lr_cos_sched: True
	lr_factor_reduction: 1
	mlp_hidden_dim: 390
	n_workers: 0
	network: FiLMedMLP
	other_arg: default
	output_dir: ..\results\cmnist_exp
	penalty_weight: 1000
	save_ckpts: True
	seed: 1
	steps: 600
	test_env_ms: 0.9
	test_envs: 0.1,0.5,0.9
	train_env_ps: (0.01, 0.12, 0.5, 0.99)
	train_env_size_mode: random
	train_env_sizes: 2000,2000,2000,10000
	train_env_sizes_parsed: (2000, 2000, 2000, 10000)
	train_envs: 0.01,0.12,0.5,0.99
	weight_decay: 0
Train environment sample counts: [2000, 2000, 2000, 10000]
train_sandbox.py:189: FutureWarning: You are using `torch.load` with `weights_only=False` (the current default value), which uses the default pickle module implicitly. It is possible to construct malicious pickle data which will execute arbitrary code during unpickling (See https://github.com/pytorch/pytorch/blob/main/SECURITY.md#untrusted-models for more details). In a future release, the default value for `weights_only` will be flipped to `True`. This limits the functions that could be executed during unpickling. Arbitrary objects will no longer be allowed to be loaded via this mode unless they are explicitly allowlisted by the user via `torch.serialization.add_safe_globals`. We recommend you start setting `weights_only=True` for any use case where you don't have full control of the loaded file. Please open an issue on GitHub for any issues related to this experimental feature.
  algorithm.load_state_dict(torch.load(erm_ckpt_pth, map_location=device), strict=False)
ERM-pretrained model loaded: ae5e3d00daa22914af5825abaa470f57.
0.1_acc       0.1_loss      0.5_acc       0.5_loss      0.9_acc       0.9_loss      avg_step_tim  epoch         loss          mem_gb        step         
0.6507000000  0.6763842702  0.6287000000  0.6640028954  0.6674000000  0.6526835561  0.0306217035  2812.5000000  0.4965196848  1.0588440895  450          
0.1_acc       0.1_loss      0.5_acc       0.5_loss      0.9_acc       0.9_loss      avg_step_tim  epoch         loss          mem_gb        step         
0.6657000000  0.6549457312  0.6545000000  0.6409572363  0.6777000000  0.6272844076  0.0290186615  3125.0000000  0.4592474699  1.0588440895  500          
0.1_acc       0.1_loss      0.5_acc       0.5_loss      0.9_acc       0.9_loss      avg_step_tim  epoch         loss          mem_gb        step         
0.6644000000  0.6489853263  0.6622000000  0.6344749928  0.6868000000  0.6143598557  0.0255685906  3437.5000000  0.4516544938  1.0588440895  550          
0.1_acc       0.1_loss      0.5_acc       0.5_loss      0.9_acc       0.9_loss      avg_step_tim  epoch         loss          mem_gb        step         
0.6677000000  0.6469435096  0.6631000000  0.6338666081  0.6861000000  0.6137462258  0.0231948507  3750.0000000  0.4495938420  1.0588440895  600          
[0.64, 0.64, 0.64, 0.64, 0.64, 0.64, 0.64, 0.64, 0.64, 0.64, 0.64] [0.67, 0.67, 0.66, 0.66, 0.66, 0.67, 0.67, 0.67, 0.66, 0.66, 0.65]

final accuracies:
0.0    0.1    0.2    0.3    0.4    0.5    0.6    0.7    0.8    0.9    1.0   
0.670  0.674  0.682  0.669  0.663  0.675  0.682  0.678  0.686  0.701  0.697 
[0.64, 0.64, 0.64, 0.64, 0.64, 0.64, 0.64, 0.64, 0.64, 0.64, 0.64] [0.67, 0.66, 0.66, 0.66, 0.66, 0.66, 0.66, 0.66, 0.66, 0.66, 0.65]

best accuracies:
0.0    0.1    0.2    0.3    0.4    0.5    0.6    0.7    0.8    0.9    1.0   
0.668  0.671  0.680  0.668  0.661  0.674  0.680  0.678  0.685  0.699  0.696 
