C:\Users\320257223\AppData\Local\Programs\Python\Python38\python.exe: can't open file 'train_sandbox.py': [Errno 2] No such file or directory
C:\Users\320257223\AppData\Local\Programs\Python\Python38\python.exe: can't open file 'train_sandbox.py': [Errno 2] No such file or directory
C:\Users\320257223\AppData\Local\Programs\Python\Python38\python.exe: can't open file 'train_sandbox.py': [Errno 2] No such file or directory
C:\Users\320257223\AppData\Local\Programs\Python\Python38\python.exe: can't open file 'train_sandbox.py': [Errno 2] No such file or directory
C:\Users\320257223\AppData\Local\Programs\Python\Python38\python.exe: can't open file 'train_sandbox.py': [Errno 2] No such file or directory
C:\Users\320257223\AppData\Local\Programs\Python\Python38\python.exe: can't open file 'train_sandbox.py': [Errno 2] No such file or directory
C:\Users\320257223\AppData\Local\Programs\Python\Python38\python.exe: can't open file 'train_sandbox.py': [Errno 2] No such file or directory
C:\Users\320257223\AppData\Local\Programs\Python\Python38\python.exe: can't open file 'train_sandbox.py': [Errno 2] No such file or directory
C:\Users\320257223\AppData\Local\Programs\Python\Python38\python.exe: can't open file 'train_sandbox.py': [Errno 2] No such file or directory
C:\Users\320257223\AppData\Local\Programs\Python\Python38\python.exe: can't open file 'train_sandbox.py': [Errno 2] No such file or directory
C:\Users\320257223\AppData\Local\Programs\Python\Python38\python.exe: can't open file 'train_sandbox.py': [Errno 2] No such file or directory
C:\Users\320257223\AppData\Local\Programs\Python\Python38\python.exe: can't open file 'train_sandbox.py': [Errno 2] No such file or directory
C:\Users\320257223\AppData\Local\Programs\Python\Python38\python.exe: can't open file 'train_sandbox.py': [Errno 2] No such file or directory
C:\Users\320257223\AppData\Local\Programs\Python\Python38\python.exe: can't open file 'train_sandbox.py': [Errno 2] No such file or directory
C:\Users\320257223\AppData\Local\Programs\Python\Python38\python.exe: can't open file 'train_sandbox.py': [Errno 2] No such file or directory
C:\Users\320257223\AppData\Local\Programs\Python\Python38\python.exe: can't open file 'train_sandbox.py': [Errno 2] No such file or directory
C:\Users\320257223\AppData\Local\Programs\Python\Python38\python.exe: can't open file 'train_sandbox.py': [Errno 2] No such file or directory
C:\Users\320257223\AppData\Local\Programs\Python\Python38\python.exe: can't open file 'train_sandbox.py': [Errno 2] No such file or directory
C:\Users\320257223\AppData\Local\Programs\Python\Python38\python.exe: can't open file 'train_sandbox.py': [Errno 2] No such file or directory
C:\Users\320257223\AppData\Local\Programs\Python\Python38\python.exe: can't open file 'train_sandbox.py': [Errno 2] No such file or directory
C:\Users\320257223\AppData\Local\Programs\Python\Python38\python.exe: can't open file 'train_sandbox.py': [Errno 2] No such file or directory
C:\Users\320257223\AppData\Local\Programs\Python\Python38\python.exe: can't open file 'train_sandbox.py': [Errno 2] No such file or directory
C:\Users\320257223\AppData\Local\Programs\Python\Python38\python.exe: can't open file 'train_sandbox.py': [Errno 2] No such file or directory
C:\Users\320257223\AppData\Local\Programs\Python\Python38\python.exe: can't open file 'train_sandbox.py': [Errno 2] No such file or directory
C:\Users\320257223\AppData\Local\Programs\Python\Python38\python.exe: can't open file 'train_sandbox.py': [Errno 2] No such file or directory
C:\Users\320257223\AppData\Local\Programs\Python\Python38\python.exe: can't open file 'train_sandbox.py': [Errno 2] No such file or directory
C:\Users\320257223\AppData\Local\Programs\Python\Python38\python.exe: can't open file 'train_sandbox.py': [Errno 2] No such file or directory
C:\Users\320257223\AppData\Local\Programs\Python\Python38\python.exe: can't open file 'train_sandbox.py': [Errno 2] No such file or directory
C:\Users\320257223\AppData\Local\Programs\Python\Python38\python.exe: can't open file 'train_sandbox.py': [Errno 2] No such file or directory
C:\Users\320257223\AppData\Local\Programs\Python\Python38\python.exe: can't open file 'train_sandbox.py': [Errno 2] No such file or directory
C:\Users\320257223\AppData\Local\Programs\Python\Python38\python.exe: can't open file 'train_sandbox.py': [Errno 2] No such file or directory
C:\Users\320257223\AppData\Local\Programs\Python\Python38\python.exe: can't open file 'train_sandbox.py': [Errno 2] No such file or directory
C:\Users\320257223\AppData\Local\Programs\Python\Python38\python.exe: can't open file 'train_sandbox.py': [Errno 2] No such file or directory
C:\Users\320257223\AppData\Local\Programs\Python\Python38\python.exe: can't open file 'train_sandbox.py': [Errno 2] No such file or directory
C:\Users\320257223\AppData\Local\Programs\Python\Python38\python.exe: can't open file 'train_sandbox.py': [Errno 2] No such file or directory
C:\Users\320257223\AppData\Local\Programs\Python\Python38\python.exe: can't open file 'train_sandbox.py': [Errno 2] No such file or directory
C:\Users\320257223\AppData\Local\Programs\Python\Python38\python.exe: can't open file 'train_sandbox.py': [Errno 2] No such file or directory
C:\Users\320257223\AppData\Local\Programs\Python\Python38\python.exe: can't open file 'train_sandbox.py': [Errno 2] No such file or directory
C:\Users\320257223\AppData\Local\Programs\Python\Python38\python.exe: can't open file 'train_sandbox.py': [Errno 2] No such file or directory
C:\Users\320257223\AppData\Local\Programs\Python\Python38\python.exe: can't open file 'train_sandbox.py': [Errno 2] No such file or directory
C:\Users\320257223\AppData\Local\Programs\Python\Python38\python.exe: can't open file 'train_sandbox.py': [Errno 2] No such file or directory
C:\Users\320257223\AppData\Local\Programs\Python\Python38\python.exe: can't open file 'train_sandbox.py': [Errno 2] No such file or directory
C:\Users\320257223\AppData\Local\Programs\Python\Python38\python.exe: can't open file 'train_sandbox.py': [Errno 2] No such file or directory
C:\Users\320257223\AppData\Local\Programs\Python\Python38\python.exe: can't open file 'train_sandbox.py': [Errno 2] No such file or directory
C:\Users\320257223\AppData\Local\Programs\Python\Python38\python.exe: can't open file 'train_sandbox.py': [Errno 2] No such file or directory
Args:
	algorithm: erm
	alpha: 0.4
	batch_size: 25000
	data_dir: ..\data
	deterministic: False
	dropout_p: 0.2
	erm_pretrain_iters: 0
	eval_freq: 50
	exp_name: e3b_tail_support
	full_resolution: False
	groupdro_eta: 1.0
	loss_fn: nll
	lr: 0.0001
	lr_cos_sched: False
	lr_factor_reduction: 1
	mlp_hidden_dim: 390
	n_workers: 0
	network: FiLMedMLP
	other_arg: default
	output_dir: ..\results\E3b_tail_support
	penalty_weight: 1000
	save_ckpts: False
	seed: 0
	steps: 600
	tail_support_condition: balanced_visible
	tail_support_head_env: 0.1
	tail_support_source_envs: 0.1,0.2,0.5,0.9
	tail_support_source_envs_parsed: (0.1, 0.2, 0.5, 0.9)
	tail_support_tail_env: 0.9
	test_env_ms: 0.9
	test_envs: 0.0,0.1,0.2,0.3,0.4,0.5,0.6,0.7,0.8,0.9,1.0
	train_env_ps: (0.1, 0.2, 0.5, 0.9)
	train_env_size_mode: random
	train_env_sizes: 2000,2000,2000,2000
	train_env_sizes_parsed: (2000, 2000, 2000, 2000)
	train_envs: 0.1,0.2,0.5,0.9
	weight_decay: 0
Train environment sample counts: [2000, 2000, 2000, 2000]
Requested train environments: [0.1, 0.2, 0.5, 0.9]
Active train environments: [0.1, 0.2, 0.5, 0.9]
Train domain count map: {'0.1': 2000, '0.2': 2000, '0.5': 2000, '0.9': 2000}
Empirical training prior map: {'0.1': 0.25, '0.2': 0.25, '0.5': 0.25, '0.9': 0.25}
0.0_acc       0.0_loss      0.1_acc       0.1_loss      0.2_acc       0.2_loss      0.3_acc       0.3_loss      0.4_acc       0.4_loss      0.5_acc       0.5_loss      0.6_acc       0.6_loss      0.7_acc       0.7_loss      0.8_acc       0.8_loss      0.9_acc       0.9_loss      1.0_acc       1.0_loss      avg_step_tim  epoch         loss          mem_gb        step         
0.7762000000  0.5169362426  0.7449000000  0.5473095775  0.7267000000  0.5658834577  0.6913000000  0.5989285707  0.6668000000  0.6204140186  0.6371000000  0.6465991139  0.6156000000  0.6713281274  0.5831000000  0.6990557313  0.5612000000  0.7216521502  0.5415000000  0.7438921332  0.5046000000  0.7791277766  0.0544327116  625.00000000  0.6280061603  0.2862210274  50           
0.0_acc       0.0_loss      0.1_acc       0.1_loss      0.2_acc       0.2_loss      0.3_acc       0.3_loss      0.4_acc       0.4_loss      0.5_acc       0.5_loss      0.6_acc       0.6_loss      0.7_acc       0.7_loss      0.8_acc       0.8_loss      0.9_acc       0.9_loss      1.0_acc       1.0_loss      avg_step_tim  epoch         loss          mem_gb        step         
0.7561000000  0.5096293092  0.7334000000  0.5394932032  0.7278000000  0.5527666211  0.7056000000  0.5855110288  0.6913000000  0.6030358076  0.6716000000  0.6332408786  0.6594000000  0.6535360217  0.6366000000  0.6819872856  0.6261000000  0.6994697452  0.6118000000  0.7176243663  0.5859000000  0.7561810613  0.0243364191  1250.0000000  0.5835312605  0.2862210274  100          
0.0_acc       0.0_loss      0.1_acc       0.1_loss      0.2_acc       0.2_loss      0.3_acc       0.3_loss      0.4_acc       0.4_loss      0.5_acc       0.5_loss      0.6_acc       0.6_loss      0.7_acc       0.7_loss      0.8_acc       0.8_loss      0.9_acc       0.9_loss      1.0_acc       1.0_loss      avg_step_tim  epoch         loss          mem_gb        step         
0.7505000000  0.5128764510  0.7316000000  0.5439886451  0.7296000000  0.5557624102  0.7065000000  0.5869786739  0.6975000000  0.6035376787  0.6796000000  0.6379616261  0.6683000000  0.6568874717  0.6534000000  0.6873185039  0.6448000000  0.6987671852  0.6338000000  0.7190864682  0.6120000000  0.7593771815  0.0199352217  1875.0000000  0.5397749543  0.2862210274  150          
0.0_acc       0.0_loss      0.1_acc       0.1_loss      0.2_acc       0.2_loss      0.3_acc       0.3_loss      0.4_acc       0.4_loss      0.5_acc       0.5_loss      0.6_acc       0.6_loss      0.7_acc       0.7_loss      0.8_acc       0.8_loss      0.9_acc       0.9_loss      1.0_acc       1.0_loss      avg_step_tim  epoch         loss          mem_gb        step         
0.7467000000  0.5257009864  0.7298000000  0.5612027049  0.7246000000  0.5734114051  0.7038000000  0.6044760346  0.6967000000  0.6233823895  0.6758000000  0.6654083133  0.6684000000  0.6829075217  0.6514000000  0.7178147435  0.6462000000  0.7240844965  0.6323000000  0.7499376535  0.6106000000  0.7939082384  0.0156945968  2500.0000000  0.4919548631  0.2862210274  200          
0.0_acc       0.0_loss      0.1_acc       0.1_loss      0.2_acc       0.2_loss      0.3_acc       0.3_loss      0.4_acc       0.4_loss      0.5_acc       0.5_loss      0.6_acc       0.6_loss      0.7_acc       0.7_loss      0.8_acc       0.8_loss      0.9_acc       0.9_loss      1.0_acc       1.0_loss      avg_step_tim  epoch         loss          mem_gb        step         
0.7390000000  0.5578005910  0.7205000000  0.5990181565  0.7139000000  0.6115425229  0.6958000000  0.6432738900  0.6880000000  0.6649410725  0.6678000000  0.7147598267  0.6581000000  0.7281731367  0.6396000000  0.7721125484  0.6387000000  0.7720007300  0.6240000000  0.8039589524  0.6040000000  0.8533588648  0.0124872074  3125.0000000  0.4297932386  0.2862210274  250          
0.0_acc       0.0_loss      0.1_acc       0.1_loss      0.2_acc       0.2_loss      0.3_acc       0.3_loss      0.4_acc       0.4_loss      0.5_acc       0.5_loss      0.6_acc       0.6_loss      0.7_acc       0.7_loss      0.8_acc       0.8_loss      0.9_acc       0.9_loss      1.0_acc       1.0_loss      avg_step_tim  epoch         loss          mem_gb        step         
0.7349000000  0.5961927176  0.7166000000  0.6443039179  0.7096000000  0.6602289677  0.6907000000  0.6944236755  0.6803000000  0.7220547795  0.6610000000  0.7818508148  0.6492000000  0.7914647460  0.6266000000  0.8473548889  0.6238000000  0.8437011242  0.6092000000  0.8840159774  0.5880000000  0.9409388304  0.0105125197  3750.0000000  0.3673948646  0.2862210274  300          
0.0_acc       0.0_loss      0.1_acc       0.1_loss      0.2_acc       0.2_loss      0.3_acc       0.3_loss      0.4_acc       0.4_loss      0.5_acc       0.5_loss      0.6_acc       0.6_loss      0.7_acc       0.7_loss      0.8_acc       0.8_loss      0.9_acc       0.9_loss      1.0_acc       1.0_loss      avg_step_tim  epoch         loss          mem_gb        step         
0.7190000000  0.6718462706  0.7026000000  0.7215706110  0.6972000000  0.7332680821  0.6847000000  0.7653079033  0.6750000000  0.7936955094  0.6574000000  0.8556923866  0.6464000000  0.8589423895  0.6292000000  0.9178517461  0.6266000000  0.9058019519  0.6173000000  0.9469345212  0.5949000000  1.0049721003  0.0090414292  4375.0000000  0.3107745945  0.2862210274  350          
0.0_acc       0.0_loss      0.1_acc       0.1_loss      0.2_acc       0.2_loss      0.3_acc       0.3_loss      0.4_acc       0.4_loss      0.5_acc       0.5_loss      0.6_acc       0.6_loss      0.7_acc       0.7_loss      0.8_acc       0.8_loss      0.9_acc       0.9_loss      1.0_acc       1.0_loss      avg_step_tim  epoch         loss          mem_gb        step         
0.7200000000  0.7083156109  0.6988000000  0.7693457603  0.6933000000  0.7884327173  0.6798000000  0.8267015219  0.6690000000  0.8656111360  0.6486000000  0.9394431114  0.6377000000  0.9457829595  0.6175000000  1.0172529221  0.6126000000  1.0084408522  0.6026000000  1.0595093966  0.5806000000  1.1276222467  0.0080522978  5000.0000000  0.2617619634  0.2862210274  400          
0.0_acc       0.0_loss      0.1_acc       0.1_loss      0.2_acc       0.2_loss      0.3_acc       0.3_loss      0.4_acc       0.4_loss      0.5_acc       0.5_loss      0.6_acc       0.6_loss      0.7_acc       0.7_loss      0.8_acc       0.8_loss      0.9_acc       0.9_loss      1.0_acc       1.0_loss      avg_step_tim  epoch         loss          mem_gb        step         
0.7108000000  0.7841765881  0.6893000000  0.8485560417  0.6855000000  0.8657840490  0.6740000000  0.9027668834  0.6623000000  0.9406660199  0.6430000000  1.0203382969  0.6366000000  1.0191795826  0.6197000000  1.0958466530  0.6144000000  1.0814675093  0.6045000000  1.1338341236  0.5842000000  1.2050999403  0.0066551410  5625.0000000  0.2291431427  0.2862210274  450          
0.0_acc       0.0_loss      0.1_acc       0.1_loss      0.2_acc       0.2_loss      0.3_acc       0.3_loss      0.4_acc       0.4_loss      0.5_acc       0.5_loss      0.6_acc       0.6_loss      0.7_acc       0.7_loss      0.8_acc       0.8_loss      0.9_acc       0.9_loss      1.0_acc       1.0_loss      avg_step_tim  epoch         loss          mem_gb        step         
0.7098000000  0.8374883533  0.6887000000  0.9089751840  0.6837000000  0.9296609163  0.6722000000  0.9703950882  0.6604000000  1.0139938593  0.6419000000  1.1003211737  0.6326000000  1.1016749144  0.6153000000  1.1867271662  0.6099000000  1.1707456112  0.6015000000  1.2281143665  0.5796000000  1.3079500198  0.0062941709  6250.0000000  0.2037320137  0.2862210274  500          
0.0_acc       0.0_loss      0.1_acc       0.1_loss      0.2_acc       0.2_loss      0.3_acc       0.3_loss      0.4_acc       0.4_loss      0.5_acc       0.5_loss      0.6_acc       0.6_loss      0.7_acc       0.7_loss      0.8_acc       0.8_loss      0.9_acc       0.9_loss      1.0_acc       1.0_loss      avg_step_tim  epoch         loss          mem_gb        step         
0.7082000000  0.8922674656  0.6872000000  0.9713589549  0.6837000000  0.9913917780  0.6721000000  1.0326679945  0.6605000000  1.0801751614  0.6411000000  1.1717540026  0.6307000000  1.1715050936  0.6157000000  1.2626637220  0.6092000000  1.2443296909  0.6011000000  1.3030869961  0.5797000000  1.3877556324  0.0058037446  6875.0000000  0.1713241339  0.2862210274  550          
0.0_acc       0.0_loss      0.1_acc       0.1_loss      0.2_acc       0.2_loss      0.3_acc       0.3_loss      0.4_acc       0.4_loss      0.5_acc       0.5_loss      0.6_acc       0.6_loss      0.7_acc       0.7_loss      0.8_acc       0.8_loss      0.9_acc       0.9_loss      1.0_acc       1.0_loss      avg_step_tim  epoch         loss          mem_gb        step         
0.7078000000  0.9460796714  0.6856000000  1.0313163996  0.6841000000  1.0532079935  0.6714000000  1.0977044106  0.6589000000  1.1471557617  0.6386000000  1.2446705103  0.6297000000  1.2455657721  0.6127000000  1.3430650234  0.6069000000  1.3237620592  0.5964000000  1.3870837688  0.5772000000  1.4783314466  0.0052187113  7500.0000000  0.1534083039  0.2862210274  600          
[1.18, 1.2, 1.23, 1.25, 1.27, 1.29, 1.31, 1.33, 1.35, 1.39, 1.41]

final accuracies:
0.0    0.1    0.2    0.3    0.4    0.5    0.6    0.7    0.8    0.9    1.0   
0.711  0.696  0.677  0.666  0.653  0.644  0.629  0.628  0.618  0.595  0.587 
[0.63, 0.64, 0.65, 0.67, 0.68, 0.69, 0.7, 0.71, 0.72, 0.73, 0.74]

best accuracies:
0.0    0.1    0.2    0.3    0.4    0.5    0.6    0.7    0.8    0.9    1.0   
0.755  0.741  0.725  0.712  0.698  0.690  0.669  0.665  0.656  0.635  0.630 
Args:
	algorithm: irm
	alpha: 0.4
	batch_size: 25000
	data_dir: ..\data
	deterministic: False
	dropout_p: 0.2
	erm_pretrain_iters: 400
	eval_freq: 50
	exp_name: e3b_tail_support
	full_resolution: False
	groupdro_eta: 1.0
	loss_fn: nll
	lr: 0.0001
	lr_cos_sched: True
	lr_factor_reduction: 1
	mlp_hidden_dim: 390
	n_workers: 0
	network: FiLMedMLP
	other_arg: default
	output_dir: ..\results\E3b_tail_support
	penalty_weight: 1000.0
	save_ckpts: True
	seed: 0
	steps: 600
	tail_support_condition: balanced_visible
	tail_support_head_env: 0.1
	tail_support_source_envs: 0.1,0.2,0.5,0.9
	tail_support_source_envs_parsed: (0.1, 0.2, 0.5, 0.9)
	tail_support_tail_env: 0.9
	test_env_ms: 0.9
	test_envs: 0.0,0.1,0.2,0.3,0.4,0.5,0.6,0.7,0.8,0.9,1.0
	train_env_ps: (0.1, 0.2, 0.5, 0.9)
	train_env_size_mode: random
	train_env_sizes: 2000,2000,2000,2000
	train_env_sizes_parsed: (2000, 2000, 2000, 2000)
	train_envs: 0.1,0.2,0.5,0.9
	weight_decay: 0
Train environment sample counts: [2000, 2000, 2000, 2000]
Requested train environments: [0.1, 0.2, 0.5, 0.9]
Active train environments: [0.1, 0.2, 0.5, 0.9]
Train domain count map: {'0.1': 2000, '0.2': 2000, '0.5': 2000, '0.9': 2000}
Empirical training prior map: {'0.1': 0.25, '0.2': 0.25, '0.5': 0.25, '0.9': 0.25}
0.0_acc       0.0_loss      0.1_acc       0.1_loss      0.2_acc       0.2_loss      0.3_acc       0.3_loss      0.4_acc       0.4_loss      0.5_acc       0.5_loss      0.6_acc       0.6_loss      0.7_acc       0.7_loss      0.8_acc       0.8_loss      0.9_acc       0.9_loss      1.0_acc       1.0_loss      avg_step_tim  epoch         loss          mem_gb        step         
0.7762000000  0.5169362426  0.7449000000  0.5473095775  0.7267000000  0.5658834577  0.6913000000  0.5989285707  0.6668000000  0.6204140186  0.6371000000  0.6465991139  0.6156000000  0.6713281274  0.5831000000  0.6990557313  0.5612000000  0.7216521502  0.5415000000  0.7438921332  0.5046000000  0.7791277766  0.0520773745  625.00000000  0.6280061603  0.2862210274  50           
0.0_acc       0.0_loss      0.1_acc       0.1_loss      0.2_acc       0.2_loss      0.3_acc       0.3_loss      0.4_acc       0.4_loss      0.5_acc       0.5_loss      0.6_acc       0.6_loss      0.7_acc       0.7_loss      0.8_acc       0.8_loss      0.9_acc       0.9_loss      1.0_acc       1.0_loss      avg_step_tim  epoch         loss          mem_gb        step         
0.7561000000  0.5096293092  0.7334000000  0.5394932032  0.7278000000  0.5527666211  0.7056000000  0.5855110288  0.6913000000  0.6030358076  0.6716000000  0.6332408786  0.6594000000  0.6535360217  0.6366000000  0.6819872856  0.6261000000  0.6994697452  0.6118000000  0.7176243663  0.5859000000  0.7561810613  0.0247066569  1250.0000000  0.5835312605  0.2862210274  100          
0.0_acc       0.0_loss      0.1_acc       0.1_loss      0.2_acc       0.2_loss      0.3_acc       0.3_loss      0.4_acc       0.4_loss      0.5_acc       0.5_loss      0.6_acc       0.6_loss      0.7_acc       0.7_loss      0.8_acc       0.8_loss      0.9_acc       0.9_loss      1.0_acc       1.0_loss      avg_step_tim  epoch         loss          mem_gb        step         
0.7505000000  0.5128764510  0.7316000000  0.5439886451  0.7296000000  0.5557624102  0.7065000000  0.5869786739  0.6975000000  0.6035376787  0.6796000000  0.6379616261  0.6683000000  0.6568874717  0.6534000000  0.6873185039  0.6448000000  0.6987671852  0.6338000000  0.7190864682  0.6120000000  0.7593771815  0.0203438870  1875.0000000  0.5397749543  0.2862210274  150          
0.0_acc       0.0_loss      0.1_acc       0.1_loss      0.2_acc       0.2_loss      0.3_acc       0.3_loss      0.4_acc       0.4_loss      0.5_acc       0.5_loss      0.6_acc       0.6_loss      0.7_acc       0.7_loss      0.8_acc       0.8_loss      0.9_acc       0.9_loss      1.0_acc       1.0_loss      avg_step_tim  epoch         loss          mem_gb        step         
0.7467000000  0.5257009864  0.7298000000  0.5612027049  0.7246000000  0.5734114051  0.7038000000  0.6044760346  0.6967000000  0.6233823895  0.6758000000  0.6654083133  0.6684000000  0.6829075217  0.6514000000  0.7178147435  0.6462000000  0.7240844965  0.6323000000  0.7499376535  0.6106000000  0.7939082384  0.0158504498  2500.0000000  0.4919548631  0.2862210274  200          
0.0_acc       0.0_loss      0.1_acc       0.1_loss      0.2_acc       0.2_loss      0.3_acc       0.3_loss      0.4_acc       0.4_loss      0.5_acc       0.5_loss      0.6_acc       0.6_loss      0.7_acc       0.7_loss      0.8_acc       0.8_loss      0.9_acc       0.9_loss      1.0_acc       1.0_loss      avg_step_tim  epoch         loss          mem_gb        step         
0.7390000000  0.5578005910  0.7205000000  0.5990181565  0.7139000000  0.6115425229  0.6958000000  0.6432738900  0.6880000000  0.6649410725  0.6678000000  0.7147598267  0.6581000000  0.7281731367  0.6396000000  0.7721125484  0.6387000000  0.7720007300  0.6240000000  0.8039589524  0.6040000000  0.8533588648  0.0127534800  3125.0000000  0.4297932386  0.2862210274  250          
0.0_acc       0.0_loss      0.1_acc       0.1_loss      0.2_acc       0.2_loss      0.3_acc       0.3_loss      0.4_acc       0.4_loss      0.5_acc       0.5_loss      0.6_acc       0.6_loss      0.7_acc       0.7_loss      0.8_acc       0.8_loss      0.9_acc       0.9_loss      1.0_acc       1.0_loss      avg_step_tim  epoch         loss          mem_gb        step         
0.7349000000  0.5961927176  0.7166000000  0.6443039179  0.7096000000  0.6602289677  0.6907000000  0.6944236755  0.6803000000  0.7220547795  0.6610000000  0.7818508148  0.6492000000  0.7914647460  0.6266000000  0.8473548889  0.6238000000  0.8437011242  0.6092000000  0.8840159774  0.5880000000  0.9409388304  0.0111390980  3750.0000000  0.3673948646  0.2862210274  300          
0.0_acc       0.0_loss      0.1_acc       0.1_loss      0.2_acc       0.2_loss      0.3_acc       0.3_loss      0.4_acc       0.4_loss      0.5_acc       0.5_loss      0.6_acc       0.6_loss      0.7_acc       0.7_loss      0.8_acc       0.8_loss      0.9_acc       0.9_loss      1.0_acc       1.0_loss      avg_step_tim  epoch         loss          mem_gb        step         
0.7190000000  0.6718462706  0.7026000000  0.7215706110  0.6972000000  0.7332680821  0.6847000000  0.7653079033  0.6750000000  0.7936955094  0.6574000000  0.8556923866  0.6464000000  0.8589423895  0.6292000000  0.9178517461  0.6266000000  0.9058019519  0.6173000000  0.9469345212  0.5949000000  1.0049721003  0.0090354892  4375.0000000  0.3107745945  0.2862210274  350          
0.0_acc       0.0_loss      0.1_acc       0.1_loss      0.2_acc       0.2_loss      0.3_acc       0.3_loss      0.4_acc       0.4_loss      0.5_acc       0.5_loss      0.6_acc       0.6_loss      0.7_acc       0.7_loss      0.8_acc       0.8_loss      0.9_acc       0.9_loss      1.0_acc       1.0_loss      avg_step_tim  epoch         loss          mem_gb        step         
0.7200000000  0.7083156109  0.6988000000  0.7693457603  0.6933000000  0.7884327173  0.6798000000  0.8267015219  0.6690000000  0.8656111360  0.6486000000  0.9394431114  0.6377000000  0.9457829595  0.6175000000  1.0172529221  0.6126000000  1.0084408522  0.6026000000  1.0595093966  0.5806000000  1.1276222467  0.0083130354  5000.0000000  0.2617619634  0.2862210274  400          
Saved ERM-pretrained model.
0.0_acc       0.0_loss      0.1_acc       0.1_loss      0.2_acc       0.2_loss      0.3_acc       0.3_loss      0.4_acc       0.4_loss      0.5_acc       0.5_loss      0.6_acc       0.6_loss      0.7_acc       0.7_loss      0.8_acc       0.8_loss      0.9_acc       0.9_loss      1.0_acc       1.0_loss      avg_step_tim  epoch         erm_loss      loss          mem_gb        penalty       step         
0.6870000000  0.8659273982  0.6752000000  0.9139593244  0.6767000000  0.9045953155  0.6715000000  0.9285070300  0.6666000000  0.9510322213  0.6540000000  1.0046179295  0.6506000000  0.9906585813  0.6385000000  1.0483381748  0.6429000000  1.0114171505  0.6399000000  1.0445541143  0.6252000000  1.0936636925  0.0076275587  5625.0000000  0.2845858634  0.0003190262  0.2862257957  0.0000344403  450          
0.0_acc       0.0_loss      0.1_acc       0.1_loss      0.2_acc       0.2_loss      0.3_acc       0.3_loss      0.4_acc       0.4_loss      0.5_acc       0.5_loss      0.6_acc       0.6_loss      0.7_acc       0.7_loss      0.8_acc       0.8_loss      0.9_acc       0.9_loss      1.0_acc       1.0_loss      avg_step_tim  epoch         erm_loss      loss          mem_gb        penalty       step         
0.7079000000  0.8030050397  0.6915000000  0.8605120182  0.6920000000  0.8669893146  0.6819000000  0.9009837508  0.6716000000  0.9332153201  0.6596000000  1.0008810759  0.6513000000  0.9980736971  0.6382000000  1.0669437647  0.6386000000  1.0417001247  0.6298000000  1.0878065825  0.6122000000  1.1543353796  0.0067577047  6250.0000000  0.2803607285  0.0004280602  0.2862257957  0.0001476995  500          
0.0_acc       0.0_loss      0.1_acc       0.1_loss      0.2_acc       0.2_loss      0.3_acc       0.3_loss      0.4_acc       0.4_loss      0.5_acc       0.5_loss      0.6_acc       0.6_loss      0.7_acc       0.7_loss      0.8_acc       0.8_loss      0.9_acc       0.9_loss      1.0_acc       1.0_loss      avg_step_tim  epoch         erm_loss      loss          mem_gb        penalty       step         
0.6988000000  0.8342959881  0.6835000000  0.8853433132  0.6853000000  0.8845418692  0.6783000000  0.9126790762  0.6698000000  0.9367483258  0.6596000000  0.9988426566  0.6528000000  0.9890916944  0.6422000000  1.0515432358  0.6444000000  1.0194270611  0.6387000000  1.0584038496  0.6232000000  1.1183567047  0.0063310268  6875.0000000  0.2768114507  0.0004033449  0.2862257957  0.0001265334  550          
0.0_acc       0.0_loss      0.1_acc       0.1_loss      0.2_acc       0.2_loss      0.3_acc       0.3_loss      0.4_acc       0.4_loss      0.5_acc       0.5_loss      0.6_acc       0.6_loss      0.7_acc       0.7_loss      0.8_acc       0.8_loss      0.9_acc       0.9_loss      1.0_acc       1.0_loss      avg_step_tim  epoch         erm_loss      loss          mem_gb        penalty       step         
0.6993000000  0.8268291950  0.6840000000  0.8782517314  0.6853000000  0.8782888651  0.6781000000  0.9065662622  0.6693000000  0.9316732287  0.6588000000  0.9939771295  0.6513000000  0.9848729968  0.6406000000  1.0475836992  0.6429000000  1.0165728331  0.6369000000  1.0561190844  0.6208000000  1.1158704758  0.0057297651  7500.0000000  0.2756779790  0.0003341857  0.2862257957  0.0000585077  600          
[0.95, 0.96, 0.98, 0.99, 1.0, 1.01, 1.02, 1.03, 1.04, 1.06, 1.07]

final accuracies:
0.0    0.1    0.2    0.3    0.4    0.5    0.6    0.7    0.8    0.9    1.0   
0.705  0.694  0.683  0.677  0.667  0.664  0.653  0.653  0.656  0.636  0.636 
[0.96, 0.97, 0.98, 0.99, 1.0, 1.0, 1.01, 1.02, 1.03, 1.04, 1.05]

best accuracies:
0.0    0.1    0.2    0.3    0.4    0.5    0.6    0.7    0.8    0.9    1.0   
0.693  0.683  0.674  0.666  0.663  0.660  0.647  0.650  0.653  0.636  0.639 
Args:
	algorithm: groupdro
	alpha: 0.4
	batch_size: 25000
	data_dir: ..\data
	deterministic: False
	dropout_p: 0.2
	erm_pretrain_iters: 400
	eval_freq: 50
	exp_name: e3b_tail_support
	full_resolution: False
	groupdro_eta: 0.1
	loss_fn: nll
	lr: 0.0001
	lr_cos_sched: True
	lr_factor_reduction: 1
	mlp_hidden_dim: 390
	n_workers: 0
	network: FiLMedMLP
	other_arg: default
	output_dir: ..\results\E3b_tail_support
	penalty_weight: 1000
	save_ckpts: True
	seed: 0
	steps: 1000
	tail_support_condition: balanced_visible
	tail_support_head_env: 0.1
	tail_support_source_envs: 0.1,0.2,0.5,0.9
	tail_support_source_envs_parsed: (0.1, 0.2, 0.5, 0.9)
	tail_support_tail_env: 0.9
	test_env_ms: 0.9
	test_envs: 0.0,0.1,0.2,0.3,0.4,0.5,0.6,0.7,0.8,0.9,1.0
	train_env_ps: (0.1, 0.2, 0.5, 0.9)
	train_env_size_mode: random
	train_env_sizes: 2000,2000,2000,2000
	train_env_sizes_parsed: (2000, 2000, 2000, 2000)
	train_envs: 0.1,0.2,0.5,0.9
	weight_decay: 0
Train environment sample counts: [2000, 2000, 2000, 2000]
Requested train environments: [0.1, 0.2, 0.5, 0.9]
Active train environments: [0.1, 0.2, 0.5, 0.9]
Train domain count map: {'0.1': 2000, '0.2': 2000, '0.5': 2000, '0.9': 2000}
Empirical training prior map: {'0.1': 0.25, '0.2': 0.25, '0.5': 0.25, '0.9': 0.25}
train_sandbox.py:231: FutureWarning: You are using `torch.load` with `weights_only=False` (the current default value), which uses the default pickle module implicitly. It is possible to construct malicious pickle data which will execute arbitrary code during unpickling (See https://github.com/pytorch/pytorch/blob/main/SECURITY.md#untrusted-models for more details). In a future release, the default value for `weights_only` will be flipped to `True`. This limits the functions that could be executed during unpickling. Arbitrary objects will no longer be allowed to be loaded via this mode unless they are explicitly allowlisted by the user via `torch.serialization.add_safe_globals`. We recommend you start setting `weights_only=True` for any use case where you don't have full control of the loaded file. Please open an issue on GitHub for any issues related to this experimental feature.
  algorithm.load_state_dict(torch.load(erm_ckpt_pth, map_location=device), strict=False)
ERM-pretrained model loaded: a7d16a4b25984d2e03ba846ee5da8564.
0.0_acc       0.0_loss      0.1_acc       0.1_loss      0.2_acc       0.2_loss      0.3_acc       0.3_loss      0.4_acc       0.4_loss      0.5_acc       0.5_loss      0.6_acc       0.6_loss      0.7_acc       0.7_loss      0.8_acc       0.8_loss      0.9_acc       0.9_loss      1.0_acc       1.0_loss      avg_step_tim  epoch         loss          mem_gb        step         
0.7007000000  0.8058311343  0.6842000000  0.8628653884  0.6815000000  0.8700312376  0.6730000000  0.9017072320  0.6625000000  0.9313777089  0.6459000000  1.0013087988  0.6377000000  0.9934799671  0.6258000000  1.0629179478  0.6234000000  1.0402320623  0.6177000000  1.0829166174  0.5981000000  1.1456905603  0.0060628430  5625.0000000  0.2440889031  0.2566685677  450          
0.0_acc       0.0_loss      0.1_acc       0.1_loss      0.2_acc       0.2_loss      0.3_acc       0.3_loss      0.4_acc       0.4_loss      0.5_acc       0.5_loss      0.6_acc       0.6_loss      0.7_acc       0.7_loss      0.8_acc       0.8_loss      0.9_acc       0.9_loss      1.0_acc       1.0_loss      avg_step_tim  epoch         loss          mem_gb        step         
0.6978000000  0.8449997902  0.6796000000  0.9050421715  0.6795000000  0.9138575792  0.6707000000  0.9457316399  0.6613000000  0.9779033661  0.6452000000  1.0517425537  0.6381000000  1.0432859659  0.6243000000  1.1166824102  0.6207000000  1.0917632580  0.6157000000  1.1373143196  0.5984000000  1.2042477131  0.0051323957  6250.0000000  0.2164295912  0.2566690445  500          
0.0_acc       0.0_loss      0.1_acc       0.1_loss      0.2_acc       0.2_loss      0.3_acc       0.3_loss      0.4_acc       0.4_loss      0.5_acc       0.5_loss      0.6_acc       0.6_loss      0.7_acc       0.7_loss      0.8_acc       0.8_loss      0.9_acc       0.9_loss      1.0_acc       1.0_loss      avg_step_tim  epoch         loss          mem_gb        step         
0.6914000000  0.9114698768  0.6741000000  0.9711956978  0.6749000000  0.9757091403  0.6673000000  1.0036349297  0.6586000000  1.0311480761  0.6450000000  1.1055535078  0.6371000000  1.0888708830  0.6273000000  1.1621255875  0.6236000000  1.1282675266  0.6189000000  1.1715623140  0.6036000000  1.2362272739  0.0056396311  6875.0000000  0.1953997761  0.2566690445  550          
0.0_acc       0.0_loss      0.1_acc       0.1_loss      0.2_acc       0.2_loss      0.3_acc       0.3_loss      0.4_acc       0.4_loss      0.5_acc       0.5_loss      0.6_acc       0.6_loss      0.7_acc       0.7_loss      0.8_acc       0.8_loss      0.9_acc       0.9_loss      1.0_acc       1.0_loss      avg_step_tim  epoch         loss          mem_gb        step         
0.6936000000  0.9362833500  0.6764000000  1.0020695925  0.6760000000  1.0098978281  0.6683000000  1.0422754288  0.6595000000  1.0773956776  0.6432000000  1.1587548256  0.6372000000  1.1462908983  0.6244000000  1.2274671793  0.6203000000  1.1950473785  0.6138000000  1.2438452244  0.5993000000  1.3176131248  0.0055592473  7500.0000000  0.1856534183  0.2566690445  600          
0.0_acc       0.0_loss      0.1_acc       0.1_loss      0.2_acc       0.2_loss      0.3_acc       0.3_loss      0.4_acc       0.4_loss      0.5_acc       0.5_loss      0.6_acc       0.6_loss      0.7_acc       0.7_loss      0.8_acc       0.8_loss      0.9_acc       0.9_loss      1.0_acc       1.0_loss      avg_step_tim  epoch         loss          mem_gb        step         
0.6947000000  0.9672946930  0.6756000000  1.0373449326  0.6772000000  1.0457426310  0.6690000000  1.0793474913  0.6586000000  1.1145128012  0.6434000000  1.1980494261  0.6378000000  1.1840542555  0.6221000000  1.2699749470  0.6190000000  1.2356960773  0.6127000000  1.2856127024  0.5963000000  1.3620367050  0.0051481782  8125.0000000  0.1755888462  0.2566690445  650          
0.0_acc       0.0_loss      0.1_acc       0.1_loss      0.2_acc       0.2_loss      0.3_acc       0.3_loss      0.4_acc       0.4_loss      0.5_acc       0.5_loss      0.6_acc       0.6_loss      0.7_acc       0.7_loss      0.8_acc       0.8_loss      0.9_acc       0.9_loss      1.0_acc       1.0_loss      avg_step_tim  epoch         loss          mem_gb        step         
0.6942000000  0.9842895269  0.6758000000  1.0561869144  0.6750000000  1.0658149719  0.6676000000  1.1019357443  0.6555000000  1.1410763264  0.6412000000  1.2266759872  0.6332000000  1.2138113976  0.6199000000  1.3031461239  0.6154000000  1.2698460817  0.6082000000  1.3208574057  0.5918000000  1.3996490240  0.0047780643  8750.0000000  0.1600517929  0.2566690445  700          
0.0_acc       0.0_loss      0.1_acc       0.1_loss      0.2_acc       0.2_loss      0.3_acc       0.3_loss      0.4_acc       0.4_loss      0.5_acc       0.5_loss      0.6_acc       0.6_loss      0.7_acc       0.7_loss      0.8_acc       0.8_loss      0.9_acc       0.9_loss      1.0_acc       1.0_loss      avg_step_tim  epoch         loss          mem_gb        step         
0.6995000000  0.9827564359  0.6792000000  1.0619697571  0.6790000000  1.0772489309  0.6686000000  1.1182197332  0.6569000000  1.1634726524  0.6401000000  1.2557355165  0.6332000000  1.2479552031  0.6177000000  1.3442034721  0.6128000000  1.3149622679  0.6039000000  1.3728880882  0.5865000000  1.4588738680  0.0078587004  9375.0000000  0.1600863189  0.2566690445  750          
0.0_acc       0.0_loss      0.1_acc       0.1_loss      0.2_acc       0.2_loss      0.3_acc       0.3_loss      0.4_acc       0.4_loss      0.5_acc       0.5_loss      0.6_acc       0.6_loss      0.7_acc       0.7_loss      0.8_acc       0.8_loss      0.9_acc       0.9_loss      1.0_acc       1.0_loss      avg_step_tim  epoch         loss          mem_gb        step         
0.6995000000  1.0012580156  0.6795000000  1.0811675787  0.6787000000  1.0955606699  0.6684000000  1.1371088028  0.6562000000  1.1818033457  0.6400000000  1.2751909494  0.6326000000  1.2650425434  0.6181000000  1.3627583981  0.6120000000  1.3318111897  0.6035000000  1.3891342878  0.5866000000  1.4757307768  0.0069367310  10000.000000  0.1523093581  0.2566690445  800          
0.0_acc       0.0_loss      0.1_acc       0.1_loss      0.2_acc       0.2_loss      0.3_acc       0.3_loss      0.4_acc       0.4_loss      0.5_acc       0.5_loss      0.6_acc       0.6_loss      0.7_acc       0.7_loss      0.8_acc       0.8_loss      0.9_acc       0.9_loss      1.0_acc       1.0_loss      avg_step_tim  epoch         loss          mem_gb        step         
0.6991000000  1.0084860325  0.6779000000  1.0886023045  0.6775000000  1.1035308838  0.6675000000  1.1446579695  0.6564000000  1.1897031069  0.6403000000  1.2842177153  0.6317000000  1.2740597725  0.6168000000  1.3720352650  0.6120000000  1.3414481878  0.6036000000  1.3989316225  0.5864000000  1.4871194363  0.0069985550  10625.000000  0.1507888585  0.2566690445  850          
0.0_acc       0.0_loss      0.1_acc       0.1_loss      0.2_acc       0.2_loss      0.3_acc       0.3_loss      0.4_acc       0.4_loss      0.5_acc       0.5_loss      0.6_acc       0.6_loss      0.7_acc       0.7_loss      0.8_acc       0.8_loss      0.9_acc       0.9_loss      1.0_acc       1.0_loss      avg_step_tim  epoch         loss          mem_gb        step         
0.6989000000  1.0130729675  0.6786000000  1.0935630798  0.6782000000  1.1087560654  0.6675000000  1.1504820585  0.6570000000  1.1954439878  0.6404000000  1.2903010845  0.6320000000  1.2799456120  0.6169000000  1.3790024519  0.6117000000  1.3480499983  0.6044000000  1.4064940214  0.5873000000  1.4943035841  0.0063166663  11250.000000  0.1442487240  0.2566690445  900          
0.0_acc       0.0_loss      0.1_acc       0.1_loss      0.2_acc       0.2_loss      0.3_acc       0.3_loss      0.4_acc       0.4_loss      0.5_acc       0.5_loss      0.6_acc       0.6_loss      0.7_acc       0.7_loss      0.8_acc       0.8_loss      0.9_acc       0.9_loss      1.0_acc       1.0_loss      avg_step_tim  epoch         loss          mem_gb        step         
0.6998000000  1.0119694471  0.6793000000  1.0934153795  0.6786000000  1.1092453003  0.6677000000  1.1516052485  0.6569000000  1.1972488165  0.6412000000  1.2926150560  0.6319000000  1.2828792334  0.6164000000  1.3825781345  0.6117000000  1.3522419930  0.6035000000  1.4112576246  0.5862000000  1.4997532368  0.0061110855  11875.000000  0.1397350878  0.2566690445  950          
0.0_acc       0.0_loss      0.1_acc       0.1_loss      0.2_acc       0.2_loss      0.3_acc       0.3_loss      0.4_acc       0.4_loss      0.5_acc       0.5_loss      0.6_acc       0.6_loss      0.7_acc       0.7_loss      0.8_acc       0.8_loss      0.9_acc       0.9_loss      1.0_acc       1.0_loss      avg_step_tim  epoch         loss          mem_gb        step         
0.7004000000  1.0091013908  0.6797000000  1.0913147926  0.6789000000  1.1078816652  0.6683000000  1.1510239840  0.6573000000  1.1975153685  0.6410000000  1.2935500145  0.6318000000  1.2846716642  0.6163000000  1.3850942850  0.6111000000  1.3554908037  0.6027000000  1.4152771235  0.5858000000  1.5045821667  0.0057678378  12500.000000  0.1417326927  0.2566690445  1000         
[1.22, 1.25, 1.27, 1.29, 1.31, 1.33, 1.35, 1.36, 1.38, 1.42, 1.44]

final accuracies:
0.0    0.1    0.2    0.3    0.4    0.5    0.6    0.7    0.8    0.9    1.0   
0.702  0.689  0.671  0.662  0.649  0.642  0.631  0.630  0.625  0.602  0.597 
[1.05, 1.06, 1.08, 1.09, 1.1, 1.11, 1.13, 1.13, 1.15, 1.17, 1.18]

best accuracies:
0.0    0.1    0.2    0.3    0.4    0.5    0.6    0.7    0.8    0.9    1.0   
0.694  0.683  0.670  0.663  0.656  0.649  0.639  0.639  0.637  0.618  0.616 
Args:
	algorithm: iro
	alpha: 0.4
	batch_size: 25000
	data_dir: ..\data
	deterministic: False
	dropout_p: 0.2
	erm_pretrain_iters: 400
	eval_freq: 50
	exp_name: e3b_tail_support
	full_resolution: False
	groupdro_eta: 1.0
	loss_fn: nll
	lr: 0.0001
	lr_cos_sched: True
	lr_factor_reduction: 1
	mlp_hidden_dim: 390
	n_workers: 0
	network: FiLMedMLP
	other_arg: default
	output_dir: ..\results\E3b_tail_support
	penalty_weight: 1000
	save_ckpts: True
	seed: 0
	steps: 600
	tail_support_condition: balanced_visible
	tail_support_head_env: 0.1
	tail_support_source_envs: 0.1,0.2,0.5,0.9
	tail_support_source_envs_parsed: (0.1, 0.2, 0.5, 0.9)
	tail_support_tail_env: 0.9
	test_env_ms: 0.9
	test_envs: 0.0,0.1,0.2,0.3,0.4,0.5,0.6,0.7,0.8,0.9,1.0
	train_env_ps: (0.1, 0.2, 0.5, 0.9)
	train_env_size_mode: random
	train_env_sizes: 2000,2000,2000,2000
	train_env_sizes_parsed: (2000, 2000, 2000, 2000)
	train_envs: 0.1,0.2,0.5,0.9
	weight_decay: 0
Train environment sample counts: [2000, 2000, 2000, 2000]
Requested train environments: [0.1, 0.2, 0.5, 0.9]
Active train environments: [0.1, 0.2, 0.5, 0.9]
Train domain count map: {'0.1': 2000, '0.2': 2000, '0.5': 2000, '0.9': 2000}
Empirical training prior map: {'0.1': 0.25, '0.2': 0.25, '0.5': 0.25, '0.9': 0.25}
train_sandbox.py:231: FutureWarning: You are using `torch.load` with `weights_only=False` (the current default value), which uses the default pickle module implicitly. It is possible to construct malicious pickle data which will execute arbitrary code during unpickling (See https://github.com/pytorch/pytorch/blob/main/SECURITY.md#untrusted-models for more details). In a future release, the default value for `weights_only` will be flipped to `True`. This limits the functions that could be executed during unpickling. Arbitrary objects will no longer be allowed to be loaded via this mode unless they are explicitly allowlisted by the user via `torch.serialization.add_safe_globals`. We recommend you start setting `weights_only=True` for any use case where you don't have full control of the loaded file. Please open an issue on GitHub for any issues related to this experimental feature.
  algorithm.load_state_dict(torch.load(erm_ckpt_pth, map_location=device), strict=False)
ERM-pretrained model loaded: a7d16a4b25984d2e03ba846ee5da8564.
Traceback (most recent call last):
  File "train_sandbox.py", line 285, in <module>
    results[env_name + '_acc'] = misc.accuracy(algorithm, env_loader, device, alpha=h_alphas_train[i])
IndexError: list index out of range
Args:
	algorithm: inftask
	alpha: 0.4
	batch_size: 25000
	data_dir: ..\data
	deterministic: False
	dropout_p: 0.2
	erm_pretrain_iters: 400
	eval_freq: 50
	exp_name: e3b_tail_support
	full_resolution: False
	groupdro_eta: 1.0
	loss_fn: nll
	lr: 0.0001
	lr_cos_sched: True
	lr_factor_reduction: 1
	mlp_hidden_dim: 390
	n_workers: 0
	network: FiLMedMLP
	other_arg: default
	output_dir: ..\results\E3b_tail_support
	penalty_weight: 1000
	save_ckpts: True
	seed: 0
	steps: 600
	tail_support_condition: balanced_visible
	tail_support_head_env: 0.1
	tail_support_source_envs: 0.1,0.2,0.5,0.9
	tail_support_source_envs_parsed: (0.1, 0.2, 0.5, 0.9)
	tail_support_tail_env: 0.9
	test_env_ms: 0.9
	test_envs: 0.0,0.1,0.2,0.3,0.4,0.5,0.6,0.7,0.8,0.9,1.0
	train_env_ps: (0.1, 0.2, 0.5, 0.9)
	train_env_size_mode: random
	train_env_sizes: 2000,2000,2000,2000
	train_env_sizes_parsed: (2000, 2000, 2000, 2000)
	train_envs: 0.1,0.2,0.5,0.9
	weight_decay: 0
Train environment sample counts: [2000, 2000, 2000, 2000]
Requested train environments: [0.1, 0.2, 0.5, 0.9]
Active train environments: [0.1, 0.2, 0.5, 0.9]
Train domain count map: {'0.1': 2000, '0.2': 2000, '0.5': 2000, '0.9': 2000}
Empirical training prior map: {'0.1': 0.25, '0.2': 0.25, '0.5': 0.25, '0.9': 0.25}
train_sandbox.py:231: FutureWarning: You are using `torch.load` with `weights_only=False` (the current default value), which uses the default pickle module implicitly. It is possible to construct malicious pickle data which will execute arbitrary code during unpickling (See https://github.com/pytorch/pytorch/blob/main/SECURITY.md#untrusted-models for more details). In a future release, the default value for `weights_only` will be flipped to `True`. This limits the functions that could be executed during unpickling. Arbitrary objects will no longer be allowed to be loaded via this mode unless they are explicitly allowlisted by the user via `torch.serialization.add_safe_globals`. We recommend you start setting `weights_only=True` for any use case where you don't have full control of the loaded file. Please open an issue on GitHub for any issues related to this experimental feature.
  algorithm.load_state_dict(torch.load(erm_ckpt_pth, map_location=device), strict=False)
ERM-pretrained model loaded: a7d16a4b25984d2e03ba846ee5da8564.
Traceback (most recent call last):
  File "train_sandbox.py", line 285, in <module>
    results[env_name + '_acc'] = misc.accuracy(algorithm, env_loader, device, alpha=h_alphas_train[i])
IndexError: list index out of range
Args:
	algorithm: erm
	alpha: 0.4
	batch_size: 25000
	data_dir: ..\data
	deterministic: False
	dropout_p: 0.2
	erm_pretrain_iters: 0
	eval_freq: 50
	exp_name: e3b_tail_support
	full_resolution: False
	groupdro_eta: 1.0
	loss_fn: nll
	lr: 0.0001
	lr_cos_sched: False
	lr_factor_reduction: 1
	mlp_hidden_dim: 390
	n_workers: 0
	network: FiLMedMLP
	other_arg: default
	output_dir: ..\results\E3b_tail_support
	penalty_weight: 1000
	save_ckpts: False
	seed: 0
	steps: 600
	tail_support_condition: long_tail_visible
	tail_support_head_env: 0.1
	tail_support_source_envs: 0.1,0.2,0.5,0.9
	tail_support_source_envs_parsed: (0.1, 0.2, 0.5, 0.9)
	tail_support_tail_env: 0.9
	test_env_ms: 0.9
	test_envs: 0.0,0.1,0.2,0.3,0.4,0.5,0.6,0.7,0.8,0.9,1.0
	train_env_ps: (0.1, 0.2, 0.5, 0.9)
	train_env_size_mode: random
	train_env_sizes: 5000,2000,800,200
	train_env_sizes_parsed: (5000, 2000, 800, 200)
	train_envs: 0.1,0.2,0.5,0.9
	weight_decay: 0
Train environment sample counts: [5000, 2000, 800, 200]
Requested train environments: [0.1, 0.2, 0.5, 0.9]
Active train environments: [0.1, 0.2, 0.5, 0.9]
Train domain count map: {'0.1': 5000, '0.2': 2000, '0.5': 800, '0.9': 200}
Empirical training prior map: {'0.1': 0.625, '0.2': 0.25, '0.5': 0.1, '0.9': 0.025}
0.0_acc       0.0_loss      0.1_acc       0.1_loss      0.2_acc       0.2_loss      0.3_acc       0.3_loss      0.4_acc       0.4_loss      0.5_acc       0.5_loss      0.6_acc       0.6_loss      0.7_acc       0.7_loss      0.8_acc       0.8_loss      0.9_acc       0.9_loss      1.0_acc       1.0_loss      avg_step_tim  epoch         loss          mem_gb        step         
1.0000000000  0.1954382062  0.8968000000  0.3530786633  0.7986000000  0.4963735640  0.6997000000  0.6517088413  0.5996000000  0.7989096642  0.5000000000  0.9504122734  0.4014000000  1.0981409550  0.3050000000  1.2428679466  0.1971000000  1.4026376009  0.0995000000  1.5509210825  0.0000000000  1.7070341110  0.1046971369  625.00000000  0.4737142026  0.2879672050  50           
0.0_acc       0.0_loss      0.1_acc       0.1_loss      0.2_acc       0.2_loss      0.3_acc       0.3_loss      0.4_acc       0.4_loss      0.5_acc       0.5_loss      0.6_acc       0.6_loss      0.7_acc       0.7_loss      0.8_acc       0.8_loss      0.9_acc       0.9_loss      1.0_acc       1.0_loss      avg_step_tim  epoch         loss          mem_gb        step         
0.9904000000  0.1981237084  0.8918000000  0.3417549729  0.7963000000  0.4696787000  0.7006000000  0.6136325598  0.6018000000  0.7439945340  0.5090000000  0.8825229406  0.4116000000  1.0140954256  0.3203000000  1.1486878395  0.2159000000  1.2900733948  0.1221000000  1.4193289280  0.0243000000  1.5718293190  0.0604707289  1250.0000000  0.4436347783  0.2879672050  100          
0.0_acc       0.0_loss      0.1_acc       0.1_loss      0.2_acc       0.2_loss      0.3_acc       0.3_loss      0.4_acc       0.4_loss      0.5_acc       0.5_loss      0.6_acc       0.6_loss      0.7_acc       0.7_loss      0.8_acc       0.8_loss      0.9_acc       0.9_loss      1.0_acc       1.0_loss      avg_step_tim  epoch         loss          mem_gb        step         
0.9727000000  0.1920106709  0.8752000000  0.3371869922  0.7943000000  0.4644962847  0.7040000000  0.6081217527  0.6144000000  0.7392200828  0.5258000000  0.8777966499  0.4366000000  1.0092135668  0.3496000000  1.1485455036  0.2543000000  1.2855539322  0.1683000000  1.4120231867  0.0768000000  1.5712265968  0.0403183651  1875.0000000  0.4153238833  0.2879672050  150          
0.0_acc       0.0_loss      0.1_acc       0.1_loss      0.2_acc       0.2_loss      0.3_acc       0.3_loss      0.4_acc       0.4_loss      0.5_acc       0.5_loss      0.6_acc       0.6_loss      0.7_acc       0.7_loss      0.8_acc       0.8_loss      0.9_acc       0.9_loss      1.0_acc       1.0_loss      avg_step_tim  epoch         loss          mem_gb        step         
0.9554000000  0.1859062761  0.8667000000  0.3386936188  0.7914000000  0.4705502391  0.7089000000  0.6156428456  0.6221000000  0.7555409670  0.5412000000  0.8972771168  0.4567000000  1.0348408222  0.3740000000  1.1835771799  0.2871000000  1.3201283216  0.2051000000  1.4535475969  0.1193000000  1.6184445620  0.0305375206  2500.0000000  0.3779175580  0.2879672050  200          
0.0_acc       0.0_loss      0.1_acc       0.1_loss      0.2_acc       0.2_loss      0.3_acc       0.3_loss      0.4_acc       0.4_loss      0.5_acc       0.5_loss      0.6_acc       0.6_loss      0.7_acc       0.7_loss      0.8_acc       0.8_loss      0.9_acc       0.9_loss      1.0_acc       1.0_loss      avg_step_tim  epoch         loss          mem_gb        step         
0.9414000000  0.1832953840  0.8573000000  0.3492596149  0.7848000000  0.4909508526  0.7105000000  0.6415827274  0.6283000000  0.7973051071  0.5530000000  0.9465015531  0.4762000000  1.0961538553  0.3977000000  1.2581324577  0.3179000000  1.3999842405  0.2392000000  1.5475032330  0.1622000000  1.7220187187  0.0241805811  3125.0000000  0.3383952081  0.2879672050  250          
0.0_acc       0.0_loss      0.1_acc       0.1_loss      0.2_acc       0.2_loss      0.3_acc       0.3_loss      0.4_acc       0.4_loss      0.5_acc       0.5_loss      0.6_acc       0.6_loss      0.7_acc       0.7_loss      0.8_acc       0.8_loss      0.9_acc       0.9_loss      1.0_acc       1.0_loss      avg_step_tim  epoch         loss          mem_gb        step         
0.9299000000  0.1830500662  0.8504000000  0.3712903261  0.7792000000  0.5318877101  0.7119000000  0.6976443529  0.6308000000  0.8809976578  0.5600000000  1.0455234051  0.4866000000  1.2184003592  0.4120000000  1.4005905390  0.3371000000  1.5580823421  0.2585000000  1.7268302441  0.1887000000  1.9233289957  0.0209310961  3750.0000000  0.2863224149  0.2879672050  300          
0.0_acc       0.0_loss      0.1_acc       0.1_loss      0.2_acc       0.2_loss      0.3_acc       0.3_loss      0.4_acc       0.4_loss      0.5_acc       0.5_loss      0.6_acc       0.6_loss      0.7_acc       0.7_loss      0.8_acc       0.8_loss      0.9_acc       0.9_loss      1.0_acc       1.0_loss      avg_step_tim  epoch         loss          mem_gb        step         
0.9238000000  0.1898745149  0.8465000000  0.4040849805  0.7765000000  0.5874987841  0.7116000000  0.7758268118  0.6323000000  0.9909351468  0.5621000000  1.1759274006  0.4929000000  1.3772829771  0.4198000000  1.5853693485  0.3481000000  1.7629750967  0.2698000000  1.9572186470  0.2009000000  2.1851348877  0.0177446583  4375.0000000  0.2415283918  0.2879672050  350          
0.0_acc       0.0_loss      0.1_acc       0.1_loss      0.2_acc       0.2_loss      0.3_acc       0.3_loss      0.4_acc       0.4_loss      0.5_acc       0.5_loss      0.6_acc       0.6_loss      0.7_acc       0.7_loss      0.8_acc       0.8_loss      0.9_acc       0.9_loss      1.0_acc       1.0_loss      avg_step_tim  epoch         loss          mem_gb        step         
0.9239000000  0.1913574934  0.8445000000  0.4443362057  0.7767000000  0.6648429036  0.7112000000  0.8847306371  0.6302000000  1.1441452503  0.5631000000  1.3622462749  0.4902000000  1.6046787500  0.4180000000  1.8514226675  0.3447000000  2.0630397797  0.2679000000  2.2961523533  0.1965000000  2.5680069923  0.0150896430  5000.0000000  0.2005312741  0.2879672050  400          
0.0_acc       0.0_loss      0.1_acc       0.1_loss      0.2_acc       0.2_loss      0.3_acc       0.3_loss      0.4_acc       0.4_loss      0.5_acc       0.5_loss      0.6_acc       0.6_loss      0.7_acc       0.7_loss      0.8_acc       0.8_loss      0.9_acc       0.9_loss      1.0_acc       1.0_loss      avg_step_tim  epoch         loss          mem_gb        step         
0.9148000000  0.2149159312  0.8401000000  0.4939985573  0.7728000000  0.7345700264  0.7084000000  0.9770107269  0.6301000000  1.2646460533  0.5654000000  1.5045285225  0.4945000000  1.7693027258  0.4258000000  2.0451037884  0.3555000000  2.2755863667  0.2830000000  2.5319759846  0.2126000000  2.8345439434  0.0136088138  5625.0000000  0.1599283963  0.2879672050  450          
0.0_acc       0.0_loss      0.1_acc       0.1_loss      0.2_acc       0.2_loss      0.3_acc       0.3_loss      0.4_acc       0.4_loss      0.5_acc       0.5_loss      0.6_acc       0.6_loss      0.7_acc       0.7_loss      0.8_acc       0.8_loss      0.9_acc       0.9_loss      1.0_acc       1.0_loss      avg_step_tim  epoch         loss          mem_gb        step         
0.9108000000  0.2325472832  0.8348000000  0.5413561463  0.7694000000  0.8105670214  0.7071000000  1.0788931847  0.6302000000  1.3985625505  0.5655000000  1.6652597189  0.4991000000  1.9593635798  0.4283000000  2.2649886608  0.3605000000  2.5251355171  0.2881000000  2.8097562790  0.2183000000  3.1458799839  0.0121702790  6250.0000000  0.1312456727  0.2879672050  500          
0.0_acc       0.0_loss      0.1_acc       0.1_loss      0.2_acc       0.2_loss      0.3_acc       0.3_loss      0.4_acc       0.4_loss      0.5_acc       0.5_loss      0.6_acc       0.6_loss      0.7_acc       0.7_loss      0.8_acc       0.8_loss      0.9_acc       0.9_loss      1.0_acc       1.0_loss      avg_step_tim  epoch         loss          mem_gb        step         
0.9081000000  0.2505930662  0.8319000000  0.5856326818  0.7698000000  0.8786262274  0.7069000000  1.1670970917  0.6328000000  1.5160592794  0.5695000000  1.8072862625  0.5029000000  2.1223685741  0.4331000000  2.4551877975  0.3659000000  2.7390835285  0.2953000000  3.0465247631  0.2272000000  3.4144108295  0.0109295186  6875.0000000  0.1177127808  0.2879672050  550          
0.0_acc       0.0_loss      0.1_acc       0.1_loss      0.2_acc       0.2_loss      0.3_acc       0.3_loss      0.4_acc       0.4_loss      0.5_acc       0.5_loss      0.6_acc       0.6_loss      0.7_acc       0.7_loss      0.8_acc       0.8_loss      0.9_acc       0.9_loss      1.0_acc       1.0_loss      avg_step_tim  epoch         loss          mem_gb        step         
0.9072000000  0.2648897767  0.8320000000  0.6288499832  0.7700000000  0.9480057359  0.7065000000  1.2596511841  0.6292000000  1.6420335770  0.5697000000  1.9559884071  0.4996000000  2.2979748249  0.4330000000  2.6593093872  0.3614000000  2.9707584381  0.2934000000  3.3044991493  0.2238000000  3.7034182549  0.0099644943  7500.0000000  0.1025187150  0.2879672050  600          
[1.95, 2.11, 2.28, 2.45, 2.62, 2.78, 2.95, 3.12, 3.29, 3.48, 3.62]

final accuracies:
0.0    0.1    0.2    0.3    0.4    0.5    0.6    0.7    0.8    0.9    1.0   
0.914  0.845  0.768  0.698  0.632  0.572  0.500  0.434  0.363  0.283  0.224 
[1.8, 1.96, 2.11, 2.27, 2.42, 2.57, 2.73, 2.88, 3.04, 3.22, 3.35]

best accuracies:
0.0    0.1    0.2    0.3    0.4    0.5    0.6    0.7    0.8    0.9    1.0   
0.915  0.844  0.770  0.699  0.632  0.573  0.502  0.435  0.364  0.286  0.225 
Args:
	algorithm: irm
	alpha: 0.4
	batch_size: 25000
	data_dir: ..\data
	deterministic: False
	dropout_p: 0.2
	erm_pretrain_iters: 400
	eval_freq: 50
	exp_name: e3b_tail_support
	full_resolution: False
	groupdro_eta: 1.0
	loss_fn: nll
	lr: 0.0001
	lr_cos_sched: True
	lr_factor_reduction: 1
	mlp_hidden_dim: 390
	n_workers: 0
	network: FiLMedMLP
	other_arg: default
	output_dir: ..\results\E3b_tail_support
	penalty_weight: 1000.0
	save_ckpts: True
	seed: 0
	steps: 600
	tail_support_condition: long_tail_visible
	tail_support_head_env: 0.1
	tail_support_source_envs: 0.1,0.2,0.5,0.9
	tail_support_source_envs_parsed: (0.1, 0.2, 0.5, 0.9)
	tail_support_tail_env: 0.9
	test_env_ms: 0.9
	test_envs: 0.0,0.1,0.2,0.3,0.4,0.5,0.6,0.7,0.8,0.9,1.0
	train_env_ps: (0.1, 0.2, 0.5, 0.9)
	train_env_size_mode: random
	train_env_sizes: 5000,2000,800,200
	train_env_sizes_parsed: (5000, 2000, 800, 200)
	train_envs: 0.1,0.2,0.5,0.9
	weight_decay: 0
Train environment sample counts: [5000, 2000, 800, 200]
Requested train environments: [0.1, 0.2, 0.5, 0.9]
Active train environments: [0.1, 0.2, 0.5, 0.9]
Train domain count map: {'0.1': 5000, '0.2': 2000, '0.5': 800, '0.9': 200}
Empirical training prior map: {'0.1': 0.625, '0.2': 0.25, '0.5': 0.1, '0.9': 0.025}
0.0_acc       0.0_loss      0.1_acc       0.1_loss      0.2_acc       0.2_loss      0.3_acc       0.3_loss      0.4_acc       0.4_loss      0.5_acc       0.5_loss      0.6_acc       0.6_loss      0.7_acc       0.7_loss      0.8_acc       0.8_loss      0.9_acc       0.9_loss      1.0_acc       1.0_loss      avg_step_tim  epoch         loss          mem_gb        step         
1.0000000000  0.1954382062  0.8968000000  0.3530786633  0.7986000000  0.4963735640  0.6997000000  0.6517088413  0.5996000000  0.7989096642  0.5000000000  0.9504122734  0.4014000000  1.0981409550  0.3050000000  1.2428679466  0.1971000000  1.4026376009  0.0995000000  1.5509210825  0.0000000000  1.7070341110  0.1027041578  625.00000000  0.4737142026  0.2879672050  50           
0.0_acc       0.0_loss      0.1_acc       0.1_loss      0.2_acc       0.2_loss      0.3_acc       0.3_loss      0.4_acc       0.4_loss      0.5_acc       0.5_loss      0.6_acc       0.6_loss      0.7_acc       0.7_loss      0.8_acc       0.8_loss      0.9_acc       0.9_loss      1.0_acc       1.0_loss      avg_step_tim  epoch         loss          mem_gb        step         
0.9904000000  0.1981237084  0.8918000000  0.3417549729  0.7963000000  0.4696787000  0.7006000000  0.6136325598  0.6018000000  0.7439945340  0.5090000000  0.8825229406  0.4116000000  1.0140954256  0.3203000000  1.1486878395  0.2159000000  1.2900733948  0.1221000000  1.4193289280  0.0243000000  1.5718293190  0.0589554238  1250.0000000  0.4436347783  0.2879672050  100          
0.0_acc       0.0_loss      0.1_acc       0.1_loss      0.2_acc       0.2_loss      0.3_acc       0.3_loss      0.4_acc       0.4_loss      0.5_acc       0.5_loss      0.6_acc       0.6_loss      0.7_acc       0.7_loss      0.8_acc       0.8_loss      0.9_acc       0.9_loss      1.0_acc       1.0_loss      avg_step_tim  epoch         loss          mem_gb        step         
0.9727000000  0.1920106709  0.8752000000  0.3371869922  0.7943000000  0.4644962847  0.7040000000  0.6081217527  0.6144000000  0.7392200828  0.5258000000  0.8777966499  0.4366000000  1.0092135668  0.3496000000  1.1485455036  0.2543000000  1.2855539322  0.1683000000  1.4120231867  0.0768000000  1.5712265968  0.0404022932  1875.0000000  0.4153238833  0.2879672050  150          
0.0_acc       0.0_loss      0.1_acc       0.1_loss      0.2_acc       0.2_loss      0.3_acc       0.3_loss      0.4_acc       0.4_loss      0.5_acc       0.5_loss      0.6_acc       0.6_loss      0.7_acc       0.7_loss      0.8_acc       0.8_loss      0.9_acc       0.9_loss      1.0_acc       1.0_loss      avg_step_tim  epoch         loss          mem_gb        step         
0.9554000000  0.1859062761  0.8667000000  0.3386936188  0.7914000000  0.4705502391  0.7089000000  0.6156428456  0.6221000000  0.7555409670  0.5412000000  0.8972771168  0.4567000000  1.0348408222  0.3740000000  1.1835771799  0.2871000000  1.3201283216  0.2051000000  1.4535475969  0.1193000000  1.6184445620  0.0297203743  2500.0000000  0.3779175580  0.2879672050  200          
0.0_acc       0.0_loss      0.1_acc       0.1_loss      0.2_acc       0.2_loss      0.3_acc       0.3_loss      0.4_acc       0.4_loss      0.5_acc       0.5_loss      0.6_acc       0.6_loss      0.7_acc       0.7_loss      0.8_acc       0.8_loss      0.9_acc       0.9_loss      1.0_acc       1.0_loss      avg_step_tim  epoch         loss          mem_gb        step         
0.9414000000  0.1832953840  0.8573000000  0.3492596149  0.7848000000  0.4909508526  0.7105000000  0.6415827274  0.6283000000  0.7973051071  0.5530000000  0.9465015531  0.4762000000  1.0961538553  0.3977000000  1.2581324577  0.3179000000  1.3999842405  0.2392000000  1.5475032330  0.1622000000  1.7220187187  0.0247661896  3125.0000000  0.3383952081  0.2879672050  250          
0.0_acc       0.0_loss      0.1_acc       0.1_loss      0.2_acc       0.2_loss      0.3_acc       0.3_loss      0.4_acc       0.4_loss      0.5_acc       0.5_loss      0.6_acc       0.6_loss      0.7_acc       0.7_loss      0.8_acc       0.8_loss      0.9_acc       0.9_loss      1.0_acc       1.0_loss      avg_step_tim  epoch         loss          mem_gb        step         
0.9299000000  0.1830500662  0.8504000000  0.3712903261  0.7792000000  0.5318877101  0.7119000000  0.6976443529  0.6308000000  0.8809976578  0.5600000000  1.0455234051  0.4866000000  1.2184003592  0.4120000000  1.4005905390  0.3371000000  1.5580823421  0.2585000000  1.7268302441  0.1887000000  1.9233289957  0.0208234660  3750.0000000  0.2863224149  0.2879672050  300          
0.0_acc       0.0_loss      0.1_acc       0.1_loss      0.2_acc       0.2_loss      0.3_acc       0.3_loss      0.4_acc       0.4_loss      0.5_acc       0.5_loss      0.6_acc       0.6_loss      0.7_acc       0.7_loss      0.8_acc       0.8_loss      0.9_acc       0.9_loss      1.0_acc       1.0_loss      avg_step_tim  epoch         loss          mem_gb        step         
0.9238000000  0.1898745149  0.8465000000  0.4040849805  0.7765000000  0.5874987841  0.7116000000  0.7758268118  0.6323000000  0.9909351468  0.5621000000  1.1759274006  0.4929000000  1.3772829771  0.4198000000  1.5853693485  0.3481000000  1.7629750967  0.2698000000  1.9572186470  0.2009000000  2.1851348877  0.0175243276  4375.0000000  0.2415283918  0.2879672050  350          
0.0_acc       0.0_loss      0.1_acc       0.1_loss      0.2_acc       0.2_loss      0.3_acc       0.3_loss      0.4_acc       0.4_loss      0.5_acc       0.5_loss      0.6_acc       0.6_loss      0.7_acc       0.7_loss      0.8_acc       0.8_loss      0.9_acc       0.9_loss      1.0_acc       1.0_loss      avg_step_tim  epoch         loss          mem_gb        step         
0.9239000000  0.1913574934  0.8445000000  0.4443362057  0.7767000000  0.6648429036  0.7112000000  0.8847306371  0.6302000000  1.1441452503  0.5631000000  1.3622462749  0.4902000000  1.6046787500  0.4180000000  1.8514226675  0.3447000000  2.0630397797  0.2679000000  2.2961523533  0.1965000000  2.5680069923  0.0155998552  5000.0000000  0.2005312741  0.2879672050  400          
Saved ERM-pretrained model.
0.0_acc       0.0_loss      0.1_acc       0.1_loss      0.2_acc       0.2_loss      0.3_acc       0.3_loss      0.4_acc       0.4_loss      0.5_acc       0.5_loss      0.6_acc       0.6_loss      0.7_acc       0.7_loss      0.8_acc       0.8_loss      0.9_acc       0.9_loss      1.0_acc       1.0_loss      avg_step_tim  epoch         erm_loss      loss          mem_gb        penalty       step         
0.7905000000  0.5345039368  0.7513000000  0.6435081363  0.7212000000  0.7266559601  0.6937000000  0.8051267266  0.6601000000  0.9253159761  0.6312000000  1.0170714855  0.5940000000  1.1081058979  0.5526000000  1.2219244242  0.5345000000  1.2923073769  0.5007000000  1.3731360435  0.4613000000  1.5133563280  0.0145839702  5625.0000000  0.2837175131  0.0005480389  0.2879719734  0.0002643213  450          
0.0_acc       0.0_loss      0.1_acc       0.1_loss      0.2_acc       0.2_loss      0.3_acc       0.3_loss      0.4_acc       0.4_loss      0.5_acc       0.5_loss      0.6_acc       0.6_loss      0.7_acc       0.7_loss      0.8_acc       0.8_loss      0.9_acc       0.9_loss      1.0_acc       1.0_loss      avg_step_tim  epoch         erm_loss      loss          mem_gb        penalty       step         
0.8056000000  0.5053769946  0.7616000000  0.6266711354  0.7285000000  0.7200177312  0.6997000000  0.8103386760  0.6596000000  0.9412288666  0.6279000000  1.0438774824  0.5877000000  1.1465337276  0.5441000000  1.2709767818  0.5224000000  1.3539376259  0.4840000000  1.4445211887  0.4424000000  1.5981694460  0.0133315301  6250.0000000  0.2790323496  0.0003524033  0.2879719734  0.0000733710  500          
0.0_acc       0.0_loss      0.1_acc       0.1_loss      0.2_acc       0.2_loss      0.3_acc       0.3_loss      0.4_acc       0.4_loss      0.5_acc       0.5_loss      0.6_acc       0.6_loss      0.7_acc       0.7_loss      0.8_acc       0.8_loss      0.9_acc       0.9_loss      1.0_acc       1.0_loss      avg_step_tim  epoch         erm_loss      loss          mem_gb        penalty       step         
0.8006000000  0.5120176673  0.7566000000  0.6298233271  0.7261000000  0.7196537852  0.6985000000  0.8063001037  0.6591000000  0.9339965582  0.6288000000  1.0334270000  0.5905000000  1.1321492195  0.5463000000  1.2534215450  0.5261000000  1.3330919743  0.4903000000  1.4197099209  0.4489000000  1.5697216988  0.0114549060  6875.0000000  0.2893851101  0.0005482206  0.2879719734  0.0002588355  550          
0.0_acc       0.0_loss      0.1_acc       0.1_loss      0.2_acc       0.2_loss      0.3_acc       0.3_loss      0.4_acc       0.4_loss      0.5_acc       0.5_loss      0.6_acc       0.6_loss      0.7_acc       0.7_loss      0.8_acc       0.8_loss      0.9_acc       0.9_loss      1.0_acc       1.0_loss      avg_step_tim  epoch         erm_loss      loss          mem_gb        penalty       step         
0.8006000000  0.5140398145  0.7574000000  0.6320497394  0.7259000000  0.7218534946  0.6979000000  0.8087165356  0.6590000000  0.9364921451  0.6292000000  1.0361616611  0.5907000000  1.1349003315  0.5458000000  1.2563235760  0.5255000000  1.3362314701  0.4896000000  1.4227069616  0.4491000000  1.5731999874  0.0107479890  7500.0000000  0.3067973554  0.0009963748  0.2879719734  0.0006895773  600          
[1.02, 1.07, 1.12, 1.17, 1.22, 1.27, 1.32, 1.37, 1.42, 1.48, 1.52]

final accuracies:
0.0    0.1    0.2    0.3    0.4    0.5    0.6    0.7    0.8    0.9    1.0   
0.801  0.765  0.728  0.695  0.662  0.630  0.594  0.566  0.531  0.490  0.463 
[1.0, 1.05, 1.09, 1.14, 1.18, 1.23, 1.28, 1.32, 1.37, 1.43, 1.46]

best accuracies:
0.0    0.1    0.2    0.3    0.4    0.5    0.6    0.7    0.8    0.9    1.0   
0.791  0.758  0.722  0.692  0.660  0.632  0.597  0.570  0.539  0.499  0.476 
Args:
	algorithm: groupdro
	alpha: 0.4
	batch_size: 25000
	data_dir: ..\data
	deterministic: False
	dropout_p: 0.2
	erm_pretrain_iters: 400
	eval_freq: 50
	exp_name: e3b_tail_support
	full_resolution: False
	groupdro_eta: 0.1
	loss_fn: nll
	lr: 0.0001
	lr_cos_sched: True
	lr_factor_reduction: 1
	mlp_hidden_dim: 390
	n_workers: 0
	network: FiLMedMLP
	other_arg: default
	output_dir: ..\results\E3b_tail_support
	penalty_weight: 1000
	save_ckpts: True
	seed: 0
	steps: 1000
	tail_support_condition: long_tail_visible
	tail_support_head_env: 0.1
	tail_support_source_envs: 0.1,0.2,0.5,0.9
	tail_support_source_envs_parsed: (0.1, 0.2, 0.5, 0.9)
	tail_support_tail_env: 0.9
	test_env_ms: 0.9
	test_envs: 0.0,0.1,0.2,0.3,0.4,0.5,0.6,0.7,0.8,0.9,1.0
	train_env_ps: (0.1, 0.2, 0.5, 0.9)
	train_env_size_mode: random
	train_env_sizes: 5000,2000,800,200
	train_env_sizes_parsed: (5000, 2000, 800, 200)
	train_envs: 0.1,0.2,0.5,0.9
	weight_decay: 0
Train environment sample counts: [5000, 2000, 800, 200]
Requested train environments: [0.1, 0.2, 0.5, 0.9]
Active train environments: [0.1, 0.2, 0.5, 0.9]
Train domain count map: {'0.1': 5000, '0.2': 2000, '0.5': 800, '0.9': 200}
Empirical training prior map: {'0.1': 0.625, '0.2': 0.25, '0.5': 0.1, '0.9': 0.025}
train_sandbox.py:231: FutureWarning: You are using `torch.load` with `weights_only=False` (the current default value), which uses the default pickle module implicitly. It is possible to construct malicious pickle data which will execute arbitrary code during unpickling (See https://github.com/pytorch/pytorch/blob/main/SECURITY.md#untrusted-models for more details). In a future release, the default value for `weights_only` will be flipped to `True`. This limits the functions that could be executed during unpickling. Arbitrary objects will no longer be allowed to be loaded via this mode unless they are explicitly allowlisted by the user via `torch.serialization.add_safe_globals`. We recommend you start setting `weights_only=True` for any use case where you don't have full control of the loaded file. Please open an issue on GitHub for any issues related to this experimental feature.
  algorithm.load_state_dict(torch.load(erm_ckpt_pth, map_location=device), strict=False)
ERM-pretrained model loaded: 34681a205bf5ef14c3cc0f32baa84045.
0.0_acc       0.0_loss      0.1_acc       0.1_loss      0.2_acc       0.2_loss      0.3_acc       0.3_loss      0.4_acc       0.4_loss      0.5_acc       0.5_loss      0.6_acc       0.6_loss      0.7_acc       0.7_loss      0.8_acc       0.8_loss      0.9_acc       0.9_loss      1.0_acc       1.0_loss      avg_step_tim  epoch         loss          mem_gb        step         
0.8484000000  0.3701283634  0.7908000000  0.5570222735  0.7496000000  0.7089514732  0.7074000000  0.8611353040  0.6464000000  1.0591307878  0.6048000000  1.2143039703  0.5553000000  1.3894454241  0.5014000000  1.5769568682  0.4615000000  1.7156757116  0.4040000000  1.8757870197  0.3556000000  2.0911598206  0.0121751399  5625.0000000  0.2038805187  0.2564220428  450          
0.0_acc       0.0_loss      0.1_acc       0.1_loss      0.2_acc       0.2_loss      0.3_acc       0.3_loss      0.4_acc       0.4_loss      0.5_acc       0.5_loss      0.6_acc       0.6_loss      0.7_acc       0.7_loss      0.8_acc       0.8_loss      0.9_acc       0.9_loss      1.0_acc       1.0_loss      avg_step_tim  epoch         loss          mem_gb        step         
0.8560000000  0.3663056195  0.7969000000  0.5792942047  0.7497000000  0.7577212453  0.7067000000  0.9369566441  0.6472000000  1.1591951847  0.6013000000  1.3396939039  0.5473000000  1.5438994169  0.4925000000  1.7583714724  0.4496000000  1.9204506874  0.3902000000  2.1063370705  0.3393000000  2.3514492512  0.0112527871  6250.0000000  0.1951990724  0.2565846443  500          
0.0_acc       0.0_loss      0.1_acc       0.1_loss      0.2_acc       0.2_loss      0.3_acc       0.3_loss      0.4_acc       0.4_loss      0.5_acc       0.5_loss      0.6_acc       0.6_loss      0.7_acc       0.7_loss      0.8_acc       0.8_loss      0.9_acc       0.9_loss      1.0_acc       1.0_loss      avg_step_tim  epoch         loss          mem_gb        step         
0.8645000000  0.3541125059  0.8016000000  0.5880334377  0.7519000000  0.7894570827  0.7071000000  0.9902361035  0.6456000000  1.2340034246  0.5990000000  1.4363071918  0.5414000000  1.6645352840  0.4842000000  1.9009745121  0.4376000000  2.0838291645  0.3768000000  2.2937648296  0.3241000000  2.5637102127  0.0105601571  6875.0000000  0.1721178889  0.2565846443  550          
0.0_acc       0.0_loss      0.1_acc       0.1_loss      0.2_acc       0.2_loss      0.3_acc       0.3_loss      0.4_acc       0.4_loss      0.5_acc       0.5_loss      0.6_acc       0.6_loss      0.7_acc       0.7_loss      0.8_acc       0.8_loss      0.9_acc       0.9_loss      1.0_acc       1.0_loss      avg_step_tim  epoch         loss          mem_gb        step         
0.8748000000  0.3340205252  0.8098000000  0.5951176882  0.7558000000  0.8212799430  0.7069000000  1.0470921993  0.6425000000  1.3171927929  0.5903000000  1.5439298153  0.5321000000  1.7989503145  0.4709000000  2.0617265701  0.4177000000  2.2691102028  0.3567000000  2.5059750080  0.3004000000  2.8040823936  0.0104412516  7500.0000000  0.1523510218  0.2565846443  600          
0.0_acc       0.0_loss      0.1_acc       0.1_loss      0.2_acc       0.2_loss      0.3_acc       0.3_loss      0.4_acc       0.4_loss      0.5_acc       0.5_loss      0.6_acc       0.6_loss      0.7_acc       0.7_loss      0.8_acc       0.8_loss      0.9_acc       0.9_loss      1.0_acc       1.0_loss      avg_step_tim  epoch         loss          mem_gb        step         
0.8813000000  0.3195070326  0.8142000000  0.5994676352  0.7582000000  0.8443291783  0.7080000000  1.0882691145  0.6404000000  1.3776336908  0.5849000000  1.6234563589  0.5257000000  1.8959640265  0.4638000000  2.1776428223  0.4066000000  2.4047522545  0.3450000000  2.6614904404  0.2857000000  2.9797806740  0.0093722178  8125.0000000  0.1451009363  0.2565846443  650          
0.0_acc       0.0_loss      0.1_acc       0.1_loss      0.2_acc       0.2_loss      0.3_acc       0.3_loss      0.4_acc       0.4_loss      0.5_acc       0.5_loss      0.6_acc       0.6_loss      0.7_acc       0.7_loss      0.8_acc       0.8_loss      0.9_acc       0.9_loss      1.0_acc       1.0_loss      avg_step_tim  epoch         loss          mem_gb        step         
0.8815000000  0.3226687610  0.8141000000  0.6102905273  0.7582000000  0.8628734350  0.7061000000  1.1131953001  0.6391000000  1.4110159874  0.5844000000  1.6642284393  0.5244000000  1.9437155724  0.4633000000  2.2337968349  0.4053000000  2.4676070213  0.3443000000  2.7326989174  0.2839000000  3.0583035946  0.0087533794  8750.0000000  0.1461329162  0.2565846443  700          
0.0_acc       0.0_loss      0.1_acc       0.1_loss      0.2_acc       0.2_loss      0.3_acc       0.3_loss      0.4_acc       0.4_loss      0.5_acc       0.5_loss      0.6_acc       0.6_loss      0.7_acc       0.7_loss      0.8_acc       0.8_loss      0.9_acc       0.9_loss      1.0_acc       1.0_loss      avg_step_tim  epoch         loss          mem_gb        step         
0.8857000000  0.3153631687  0.8166000000  0.6136497855  0.7595000000  0.8752354980  0.7057000000  1.1356023550  0.6384000000  1.4431602955  0.5839000000  1.7057919502  0.5223000000  1.9945253134  0.4596000000  2.2960762978  0.3995000000  2.5393319130  0.3381000000  2.8144629002  0.2760000000  3.1495234966  0.0084606660  9375.0000000  0.1322235912  0.2565846443  750          
0.0_acc       0.0_loss      0.1_acc       0.1_loss      0.2_acc       0.2_loss      0.3_acc       0.3_loss      0.4_acc       0.4_loss      0.5_acc       0.5_loss      0.6_acc       0.6_loss      0.7_acc       0.7_loss      0.8_acc       0.8_loss      0.9_acc       0.9_loss      1.0_acc       1.0_loss      avg_step_tim  epoch         loss          mem_gb        step         
0.8893000000  0.3085225821  0.8187000000  0.6157191396  0.7624000000  0.8854966760  0.7071000000  1.1547533274  0.6372000000  1.4705824852  0.5802000000  1.7415252924  0.5183000000  2.0383272171  0.4550000000  2.3478865623  0.3952000000  2.6004846096  0.3313000000  2.8835670948  0.2681000000  3.2287623882  0.0076396284  10000.000000  0.1282899082  0.2565846443  800          
0.0_acc       0.0_loss      0.1_acc       0.1_loss      0.2_acc       0.2_loss      0.3_acc       0.3_loss      0.4_acc       0.4_loss      0.5_acc       0.5_loss      0.6_acc       0.6_loss      0.7_acc       0.7_loss      0.8_acc       0.8_loss      0.9_acc       0.9_loss      1.0_acc       1.0_loss      avg_step_tim  epoch         loss          mem_gb        step         
0.8914000000  0.3029700816  0.8203000000  0.6170039773  0.7625000000  0.8929105401  0.7059000000  1.1677976847  0.6352000000  1.4909693003  0.5790000000  1.7671682835  0.5155000000  2.0702269077  0.4514000000  2.3866412640  0.3907000000  2.6461615562  0.3260000000  2.9356646538  0.2615000000  3.2867648602  0.0070155405  10625.000000  0.1303105801  0.2565846443  850          
0.0_acc       0.0_loss      0.1_acc       0.1_loss      0.2_acc       0.2_loss      0.3_acc       0.3_loss      0.4_acc       0.4_loss      0.5_acc       0.5_loss      0.6_acc       0.6_loss      0.7_acc       0.7_loss      0.8_acc       0.8_loss      0.9_acc       0.9_loss      1.0_acc       1.0_loss      avg_step_tim  epoch         loss          mem_gb        step         
0.8927000000  0.3002570271  0.8211000000  0.6171817183  0.7640000000  0.8960888386  0.7060000000  1.1736797094  0.6350000000  1.4998672009  0.5779000000  1.7792073488  0.5148000000  2.0842764378  0.4499000000  2.4040777683  0.3886000000  2.6665689945  0.3236000000  2.9593265057  0.2588000000  3.3133561611  0.0070031820  11250.000000  0.1255952120  0.2565846443  900          
0.0_acc       0.0_loss      0.1_acc       0.1_loss      0.2_acc       0.2_loss      0.3_acc       0.3_loss      0.4_acc       0.4_loss      0.5_acc       0.5_loss      0.6_acc       0.6_loss      0.7_acc       0.7_loss      0.8_acc       0.8_loss      0.9_acc       0.9_loss      1.0_acc       1.0_loss      avg_step_tim  epoch         loss          mem_gb        step         
0.8931000000  0.2986924946  0.8222000000  0.6176146269  0.7638000000  0.8979486823  0.7065000000  1.1771351099  0.6347000000  1.5053579807  0.5777000000  1.7864483595  0.5150000000  2.0931472778  0.4494000000  2.4144854546  0.3876000000  2.6788203716  0.3226000000  2.9731056690  0.2575000000  3.3294062614  0.0063760406  11875.000000  0.1265753657  0.2565846443  950          
0.0_acc       0.0_loss      0.1_acc       0.1_loss      0.2_acc       0.2_loss      0.3_acc       0.3_loss      0.4_acc       0.4_loss      0.5_acc       0.5_loss      0.6_acc       0.6_loss      0.7_acc       0.7_loss      0.8_acc       0.8_loss      0.9_acc       0.9_loss      1.0_acc       1.0_loss      avg_step_tim  epoch         loss          mem_gb        step         
0.8934000000  0.2974916101  0.8223000000  0.6172135472  0.7641000000  0.8982579112  0.7063000000  1.1782546043  0.6347000000  1.5072462559  0.5778000000  1.7890089750  0.5150000000  2.0965061188  0.4490000000  2.4185943604  0.3875000000  2.6837463379  0.3223000000  2.9788444042  0.2572000000  3.3358380795  0.0059138703  12500.000000  0.1211249977  0.2565846443  1000         
[1.78, 1.93, 2.08, 2.23, 2.37, 2.52, 2.67, 2.82, 2.97, 3.13, 3.26]

final accuracies:
0.0    0.1    0.2    0.3    0.4    0.5    0.6    0.7    0.8    0.9    1.0   
0.899  0.834  0.761  0.698  0.637  0.579  0.516  0.455  0.388  0.316  0.259 
[1.2, 1.28, 1.36, 1.45, 1.53, 1.61, 1.69, 1.77, 1.85, 1.95, 2.01]

best accuracies:
0.0    0.1    0.2    0.3    0.4    0.5    0.6    0.7    0.8    0.9    1.0   
0.851  0.800  0.744  0.700  0.652  0.607  0.563  0.520  0.467  0.413  0.371 
Args:
	algorithm: iro
	alpha: 0.4
	batch_size: 25000
	data_dir: ..\data
	deterministic: False
	dropout_p: 0.2
	erm_pretrain_iters: 400
	eval_freq: 50
	exp_name: e3b_tail_support
	full_resolution: False
	groupdro_eta: 1.0
	loss_fn: nll
	lr: 0.0001
	lr_cos_sched: True
	lr_factor_reduction: 1
	mlp_hidden_dim: 390
	n_workers: 0
	network: FiLMedMLP
	other_arg: default
	output_dir: ..\results\E3b_tail_support
	penalty_weight: 1000
	save_ckpts: True
	seed: 0
	steps: 600
	tail_support_condition: long_tail_visible
	tail_support_head_env: 0.1
	tail_support_source_envs: 0.1,0.2,0.5,0.9
	tail_support_source_envs_parsed: (0.1, 0.2, 0.5, 0.9)
	tail_support_tail_env: 0.9
	test_env_ms: 0.9
	test_envs: 0.0,0.1,0.2,0.3,0.4,0.5,0.6,0.7,0.8,0.9,1.0
	train_env_ps: (0.1, 0.2, 0.5, 0.9)
	train_env_size_mode: random
	train_env_sizes: 5000,2000,800,200
	train_env_sizes_parsed: (5000, 2000, 800, 200)
	train_envs: 0.1,0.2,0.5,0.9
	weight_decay: 0
Train environment sample counts: [5000, 2000, 800, 200]
Requested train environments: [0.1, 0.2, 0.5, 0.9]
Active train environments: [0.1, 0.2, 0.5, 0.9]
Train domain count map: {'0.1': 5000, '0.2': 2000, '0.5': 800, '0.9': 200}
Empirical training prior map: {'0.1': 0.625, '0.2': 0.25, '0.5': 0.1, '0.9': 0.025}
train_sandbox.py:231: FutureWarning: You are using `torch.load` with `weights_only=False` (the current default value), which uses the default pickle module implicitly. It is possible to construct malicious pickle data which will execute arbitrary code during unpickling (See https://github.com/pytorch/pytorch/blob/main/SECURITY.md#untrusted-models for more details). In a future release, the default value for `weights_only` will be flipped to `True`. This limits the functions that could be executed during unpickling. Arbitrary objects will no longer be allowed to be loaded via this mode unless they are explicitly allowlisted by the user via `torch.serialization.add_safe_globals`. We recommend you start setting `weights_only=True` for any use case where you don't have full control of the loaded file. Please open an issue on GitHub for any issues related to this experimental feature.
  algorithm.load_state_dict(torch.load(erm_ckpt_pth, map_location=device), strict=False)
ERM-pretrained model loaded: 34681a205bf5ef14c3cc0f32baa84045.
Traceback (most recent call last):
  File "train_sandbox.py", line 285, in <module>
    results[env_name + '_acc'] = misc.accuracy(algorithm, env_loader, device, alpha=h_alphas_train[i])
IndexError: list index out of range
Args:
	algorithm: inftask
	alpha: 0.4
	batch_size: 25000
	data_dir: ..\data
	deterministic: False
	dropout_p: 0.2
	erm_pretrain_iters: 400
	eval_freq: 50
	exp_name: e3b_tail_support
	full_resolution: False
	groupdro_eta: 1.0
	loss_fn: nll
	lr: 0.0001
	lr_cos_sched: True
	lr_factor_reduction: 1
	mlp_hidden_dim: 390
	n_workers: 0
	network: FiLMedMLP
	other_arg: default
	output_dir: ..\results\E3b_tail_support
	penalty_weight: 1000
	save_ckpts: True
	seed: 0
	steps: 600
	tail_support_condition: long_tail_visible
	tail_support_head_env: 0.1
	tail_support_source_envs: 0.1,0.2,0.5,0.9
	tail_support_source_envs_parsed: (0.1, 0.2, 0.5, 0.9)
	tail_support_tail_env: 0.9
	test_env_ms: 0.9
	test_envs: 0.0,0.1,0.2,0.3,0.4,0.5,0.6,0.7,0.8,0.9,1.0
	train_env_ps: (0.1, 0.2, 0.5, 0.9)
	train_env_size_mode: random
	train_env_sizes: 5000,2000,800,200
	train_env_sizes_parsed: (5000, 2000, 800, 200)
	train_envs: 0.1,0.2,0.5,0.9
	weight_decay: 0
Train environment sample counts: [5000, 2000, 800, 200]
Requested train environments: [0.1, 0.2, 0.5, 0.9]
Active train environments: [0.1, 0.2, 0.5, 0.9]
Train domain count map: {'0.1': 5000, '0.2': 2000, '0.5': 800, '0.9': 200}
Empirical training prior map: {'0.1': 0.625, '0.2': 0.25, '0.5': 0.1, '0.9': 0.025}
train_sandbox.py:231: FutureWarning: You are using `torch.load` with `weights_only=False` (the current default value), which uses the default pickle module implicitly. It is possible to construct malicious pickle data which will execute arbitrary code during unpickling (See https://github.com/pytorch/pytorch/blob/main/SECURITY.md#untrusted-models for more details). In a future release, the default value for `weights_only` will be flipped to `True`. This limits the functions that could be executed during unpickling. Arbitrary objects will no longer be allowed to be loaded via this mode unless they are explicitly allowlisted by the user via `torch.serialization.add_safe_globals`. We recommend you start setting `weights_only=True` for any use case where you don't have full control of the loaded file. Please open an issue on GitHub for any issues related to this experimental feature.
  algorithm.load_state_dict(torch.load(erm_ckpt_pth, map_location=device), strict=False)
ERM-pretrained model loaded: 34681a205bf5ef14c3cc0f32baa84045.
Traceback (most recent call last):
  File "train_sandbox.py", line 285, in <module>
    results[env_name + '_acc'] = misc.accuracy(algorithm, env_loader, device, alpha=h_alphas_train[i])
IndexError: list index out of range
Args:
	algorithm: erm
	alpha: 0.4
	batch_size: 25000
	data_dir: ..\data
	deterministic: False
	dropout_p: 0.2
	erm_pretrain_iters: 0
	eval_freq: 50
	exp_name: e3b_tail_support
	full_resolution: False
	groupdro_eta: 1.0
	loss_fn: nll
	lr: 0.0001
	lr_cos_sched: False
	lr_factor_reduction: 1
	mlp_hidden_dim: 390
	n_workers: 0
	network: FiLMedMLP
	other_arg: default
	output_dir: ..\results\E3b_tail_support
	penalty_weight: 1000
	save_ckpts: False
	seed: 0
	steps: 600
	tail_support_condition: missing_tail
	tail_support_head_env: 0.1
	tail_support_source_envs: 0.1,0.2,0.5,0.9
	tail_support_source_envs_parsed: (0.1, 0.2, 0.5, 0.9)
	tail_support_tail_env: 0.9
	test_env_ms: 0.9
	test_envs: 0.0,0.1,0.2,0.3,0.4,0.5,0.6,0.7,0.8,0.9,1.0
	train_env_ps: (0.1, 0.2, 0.5, 0.9)
	train_env_size_mode: random
	train_env_sizes: 6000,1500,500,0
	train_env_sizes_parsed: (6000, 1500, 500, 0)
	train_envs: 0.1,0.2,0.5,0.9
	weight_decay: 0
Dropped zero-sized training environments: [0.9]
Train environment sample counts: [6000, 1500, 500]
Requested train environments: [0.1, 0.2, 0.5, 0.9]
Active train environments: [0.1, 0.2, 0.5]
Train domain count map: {'0.1': 6000, '0.2': 1500, '0.5': 500, '0.9': 0}
Empirical training prior map: {'0.1': 0.75, '0.2': 0.1875, '0.5': 0.0625, '0.9': 0.0}
0.0_acc       0.0_loss      0.1_acc       0.1_loss      0.2_acc       0.2_loss      0.3_acc       0.3_loss      0.4_acc       0.4_loss      0.5_acc       0.5_loss      0.6_acc       0.6_loss      0.7_acc       0.7_loss      0.8_acc       0.8_loss      0.9_acc       0.9_loss      1.0_acc       1.0_loss      avg_step_tim  epoch         loss          mem_gb        step         
1.0000000000  0.1333814412  0.8969000000  0.3347860873  0.7983000000  0.5295634866  0.6903000000  0.7411960959  0.6015000000  0.9209342599  0.4972000000  1.1202374697  0.4143000000  1.2848489285  0.2959000000  1.5171017647  0.2006000000  1.7053960562  0.1023000000  1.8981249332  0.0000000000  2.1009607315  0.1031202412  468.75000000  0.4132861197  0.3051366806  50           
0.0_acc       0.0_loss      0.1_acc       0.1_loss      0.2_acc       0.2_loss      0.3_acc       0.3_loss      0.4_acc       0.4_loss      0.5_acc       0.5_loss      0.6_acc       0.6_loss      0.7_acc       0.7_loss      0.8_acc       0.8_loss      0.9_acc       0.9_loss      1.0_acc       1.0_loss      avg_step_tim  epoch         loss          mem_gb        step         
0.9991000000  0.1484785080  0.8968000000  0.3240437806  0.7981000000  0.4938702881  0.6903000000  0.6797578931  0.6021000000  0.8366922736  0.4971000000  1.0112992525  0.4154000000  1.1545819044  0.2980000000  1.3555687666  0.2026000000  1.5173010826  0.1045000000  1.6853009462  0.0019000000  1.8629343510  0.0571456957  937.50000000  0.3877463341  0.3051366806  100          
0.0_acc       0.0_loss      0.1_acc       0.1_loss      0.2_acc       0.2_loss      0.3_acc       0.3_loss      0.4_acc       0.4_loss      0.5_acc       0.5_loss      0.6_acc       0.6_loss      0.7_acc       0.7_loss      0.8_acc       0.8_loss      0.9_acc       0.9_loss      1.0_acc       1.0_loss      avg_step_tim  epoch         loss          mem_gb        step         
0.9954000000  0.1456701159  0.8947000000  0.3178705871  0.7971000000  0.4830140471  0.6908000000  0.6640274525  0.6043000000  0.8202973604  0.5016000000  0.9928251505  0.4206000000  1.1304497719  0.3039000000  1.3264348507  0.2093000000  1.4859932661  0.1138000000  1.6490448713  0.0130000000  1.8227708340  0.0396714020  1406.2500000  0.3629123569  0.3051366806  150          
0.0_acc       0.0_loss      0.1_acc       0.1_loss      0.2_acc       0.2_loss      0.3_acc       0.3_loss      0.4_acc       0.4_loss      0.5_acc       0.5_loss      0.6_acc       0.6_loss      0.7_acc       0.7_loss      0.8_acc       0.8_loss      0.9_acc       0.9_loss      1.0_acc       1.0_loss      avg_step_tim  epoch         loss          mem_gb        step         
0.9867000000  0.1415986866  0.8870000000  0.3180531561  0.7947000000  0.4843558967  0.6932000000  0.6691951156  0.6117000000  0.8319075704  0.5119000000  1.0083320141  0.4356000000  1.1445538998  0.3209000000  1.3477556705  0.2285000000  1.5128719807  0.1384000000  1.6773710251  0.0424000000  1.8524100780  0.0289958572  1875.0000000  0.3357490599  0.3051366806  200          
0.0_acc       0.0_loss      0.1_acc       0.1_loss      0.2_acc       0.2_loss      0.3_acc       0.3_loss      0.4_acc       0.4_loss      0.5_acc       0.5_loss      0.6_acc       0.6_loss      0.7_acc       0.7_loss      0.8_acc       0.8_loss      0.9_acc       0.9_loss      1.0_acc       1.0_loss      avg_step_tim  epoch         loss          mem_gb        step         
0.9763000000  0.1365756243  0.8794000000  0.3251853585  0.7935000000  0.4995773435  0.6939000000  0.6968275309  0.6147000000  0.8706784248  0.5185000000  1.0606499910  0.4460000000  1.2004373074  0.3379000000  1.4220689535  0.2498000000  1.5971425772  0.1618000000  1.7706488371  0.0720000000  1.9548653364  0.0239101067  2343.7500000  0.3024872243  0.3051366806  250          
0.0_acc       0.0_loss      0.1_acc       0.1_loss      0.2_acc       0.2_loss      0.3_acc       0.3_loss      0.4_acc       0.4_loss      0.5_acc       0.5_loss      0.6_acc       0.6_loss      0.7_acc       0.7_loss      0.8_acc       0.8_loss      0.9_acc       0.9_loss      1.0_acc       1.0_loss      avg_step_tim  epoch         loss          mem_gb        step         
0.9647000000  0.1310730129  0.8733000000  0.3420590162  0.7900000000  0.5374416113  0.6956000000  0.7604151368  0.6192000000  0.9533165693  0.5241000000  1.1680777073  0.4585000000  1.3226711750  0.3551000000  1.5746661425  0.2714000000  1.7676403522  0.1844000000  1.9633386135  0.1014000000  2.1687831879  0.0199677046  2812.5000000  0.2558162510  0.3051366806  300          
0.0_acc       0.0_loss      0.1_acc       0.1_loss      0.2_acc       0.2_loss      0.3_acc       0.3_loss      0.4_acc       0.4_loss      0.5_acc       0.5_loss      0.6_acc       0.6_loss      0.7_acc       0.7_loss      0.8_acc       0.8_loss      0.9_acc       0.9_loss      1.0_acc       1.0_loss      avg_step_tim  epoch         loss          mem_gb        step         
0.9542000000  0.1337715238  0.8671000000  0.3728558421  0.7877000000  0.5963938236  0.6961000000  0.8530299664  0.6240000000  1.0688302517  0.5312000000  1.3143283129  0.4670000000  1.4887481928  0.3677000000  1.7764439583  0.2895000000  1.9924964905  0.2053000000  2.2199244499  0.1250000000  2.4534089565  0.0171256474  3281.2500000  0.2089310139  0.3051366806  350          
0.0_acc       0.0_loss      0.1_acc       0.1_loss      0.2_acc       0.2_loss      0.3_acc       0.3_loss      0.4_acc       0.4_loss      0.5_acc       0.5_loss      0.6_acc       0.6_loss      0.7_acc       0.7_loss      0.8_acc       0.8_loss      0.9_acc       0.9_loss      1.0_acc       1.0_loss      avg_step_tim  epoch         loss          mem_gb        step         
0.9464000000  0.1427004188  0.8628000000  0.4141532183  0.7852000000  0.6709618568  0.6945000000  0.9647497535  0.6272000000  1.2079468966  0.5371000000  1.4853283167  0.4744000000  1.6867569685  0.3808000000  2.0140061378  0.3038000000  2.2584459782  0.2206000000  2.5198147297  0.1452000000  2.7856955528  0.0152050322  3750.0000000  0.1738784164  0.3051366806  400          
0.0_acc       0.0_loss      0.1_acc       0.1_loss      0.2_acc       0.2_loss      0.3_acc       0.3_loss      0.4_acc       0.4_loss      0.5_acc       0.5_loss      0.6_acc       0.6_loss      0.7_acc       0.7_loss      0.8_acc       0.8_loss      0.9_acc       0.9_loss      1.0_acc       1.0_loss      avg_step_tim  epoch         loss          mem_gb        step         
0.9416000000  0.1507410854  0.8594000000  0.4619034529  0.7834000000  0.7561814189  0.6934000000  1.0942258835  0.6280000000  1.3722115755  0.5397000000  1.6844278574  0.4810000000  1.9195710421  0.3845000000  2.2950475216  0.3116000000  2.5713431835  0.2277000000  2.8748629093  0.1550000000  3.1746423244  0.0132951286  4218.7500000  0.1430436820  0.3051366806  450          
0.0_acc       0.0_loss      0.1_acc       0.1_loss      0.2_acc       0.2_loss      0.3_acc       0.3_loss      0.4_acc       0.4_loss      0.5_acc       0.5_loss      0.6_acc       0.6_loss      0.7_acc       0.7_loss      0.8_acc       0.8_loss      0.9_acc       0.9_loss      1.0_acc       1.0_loss      avg_step_tim  epoch         loss          mem_gb        step         
0.9416000000  0.1476046145  0.8608000000  0.5093492270  0.7831000000  0.8545337915  0.6944000000  1.2485768795  0.6259000000  1.5719814301  0.5369000000  1.9361842871  0.4762000000  2.2098333836  0.3825000000  2.6502356529  0.3091000000  2.9690892696  0.2237000000  3.3254647255  0.1506000000  3.6750164032  0.0117367263  4687.5000000  0.1128084138  0.3051366806  500          
0.0_acc       0.0_loss      0.1_acc       0.1_loss      0.2_acc       0.2_loss      0.3_acc       0.3_loss      0.4_acc       0.4_loss      0.5_acc       0.5_loss      0.6_acc       0.6_loss      0.7_acc       0.7_loss      0.8_acc       0.8_loss      0.9_acc       0.9_loss      1.0_acc       1.0_loss      avg_step_tim  epoch         loss          mem_gb        step         
0.9365000000  0.1667699367  0.8560000000  0.5531778336  0.7821000000  0.9221934080  0.6946000000  1.3420794010  0.6279000000  1.6871917248  0.5417000000  2.0771038532  0.4819000000  2.3678131104  0.3889000000  2.8382823467  0.3173000000  3.1795542240  0.2349000000  3.5613803864  0.1627000000  3.9332604408  0.0107551878  5156.2500000  0.0969524235  0.3051366806  550          
0.0_acc       0.0_loss      0.1_acc       0.1_loss      0.2_acc       0.2_loss      0.3_acc       0.3_loss      0.4_acc       0.4_loss      0.5_acc       0.5_loss      0.6_acc       0.6_loss      0.7_acc       0.7_loss      0.8_acc       0.8_loss      0.9_acc       0.9_loss      1.0_acc       1.0_loss      avg_step_tim  epoch         loss          mem_gb        step         
0.9364000000  0.1747103184  0.8560000000  0.5966517329  0.7818000000  0.9985651374  0.6952000000  1.4594099522  0.6263000000  1.8340694904  0.5415000000  2.2604990005  0.4827000000  2.5780756474  0.3908000000  3.0930955410  0.3184000000  3.4646308422  0.2348000000  3.8817791939  0.1628000000  4.2910733223  0.0103440082  5625.0000000  0.0832213312  0.3051366806  600          
[2.18, 2.38, 2.59, 2.79, 2.99, 3.18, 3.38, 3.58, 3.77, 3.98, 4.18]

final accuracies:
0.0    0.1    0.2    0.3    0.4    0.5    0.6    0.7    0.8    0.9    1.0   
0.937  0.868  0.783  0.706  0.616  0.547  0.473  0.393  0.319  0.245  0.162 
[2.0, 2.19, 2.38, 2.56, 2.75, 2.92, 3.1, 3.29, 3.47, 3.65, 3.83]

best accuracies:
0.0    0.1    0.2    0.3    0.4    0.5    0.6    0.7    0.8    0.9    1.0   
0.937  0.869  0.785  0.706  0.616  0.547  0.473  0.393  0.319  0.245  0.161 
Args:
	algorithm: irm
	alpha: 0.4
	batch_size: 25000
	data_dir: ..\data
	deterministic: False
	dropout_p: 0.2
	erm_pretrain_iters: 400
	eval_freq: 50
	exp_name: e3b_tail_support
	full_resolution: False
	groupdro_eta: 1.0
	loss_fn: nll
	lr: 0.0001
	lr_cos_sched: True
	lr_factor_reduction: 1
	mlp_hidden_dim: 390
	n_workers: 0
	network: FiLMedMLP
	other_arg: default
	output_dir: ..\results\E3b_tail_support
	penalty_weight: 1000.0
	save_ckpts: True
	seed: 0
	steps: 600
	tail_support_condition: missing_tail
	tail_support_head_env: 0.1
	tail_support_source_envs: 0.1,0.2,0.5,0.9
	tail_support_source_envs_parsed: (0.1, 0.2, 0.5, 0.9)
	tail_support_tail_env: 0.9
	test_env_ms: 0.9
	test_envs: 0.0,0.1,0.2,0.3,0.4,0.5,0.6,0.7,0.8,0.9,1.0
	train_env_ps: (0.1, 0.2, 0.5, 0.9)
	train_env_size_mode: random
	train_env_sizes: 6000,1500,500,0
	train_env_sizes_parsed: (6000, 1500, 500, 0)
	train_envs: 0.1,0.2,0.5,0.9
	weight_decay: 0
Dropped zero-sized training environments: [0.9]
Train environment sample counts: [6000, 1500, 500]
Requested train environments: [0.1, 0.2, 0.5, 0.9]
Active train environments: [0.1, 0.2, 0.5]
Train domain count map: {'0.1': 6000, '0.2': 1500, '0.5': 500, '0.9': 0}
Empirical training prior map: {'0.1': 0.75, '0.2': 0.1875, '0.5': 0.0625, '0.9': 0.0}
0.0_acc       0.0_loss      0.1_acc       0.1_loss      0.2_acc       0.2_loss      0.3_acc       0.3_loss      0.4_acc       0.4_loss      0.5_acc       0.5_loss      0.6_acc       0.6_loss      0.7_acc       0.7_loss      0.8_acc       0.8_loss      0.9_acc       0.9_loss      1.0_acc       1.0_loss      avg_step_tim  epoch         loss          mem_gb        step         
1.0000000000  0.1333814412  0.8969000000  0.3347860873  0.7983000000  0.5295634866  0.6903000000  0.7411960959  0.6015000000  0.9209342599  0.4972000000  1.1202374697  0.4143000000  1.2848489285  0.2959000000  1.5171017647  0.2006000000  1.7053960562  0.1023000000  1.8981249332  0.0000000000  2.1009607315  0.1021957350  468.75000000  0.4132861197  0.3051366806  50           
0.0_acc       0.0_loss      0.1_acc       0.1_loss      0.2_acc       0.2_loss      0.3_acc       0.3_loss      0.4_acc       0.4_loss      0.5_acc       0.5_loss      0.6_acc       0.6_loss      0.7_acc       0.7_loss      0.8_acc       0.8_loss      0.9_acc       0.9_loss      1.0_acc       1.0_loss      avg_step_tim  epoch         loss          mem_gb        step         
0.9991000000  0.1484785080  0.8968000000  0.3240437806  0.7981000000  0.4938702881  0.6903000000  0.6797578931  0.6021000000  0.8366922736  0.4971000000  1.0112992525  0.4154000000  1.1545819044  0.2980000000  1.3555687666  0.2026000000  1.5173010826  0.1045000000  1.6853009462  0.0019000000  1.8629343510  0.0583645034  937.50000000  0.3877463341  0.3051366806  100          
0.0_acc       0.0_loss      0.1_acc       0.1_loss      0.2_acc       0.2_loss      0.3_acc       0.3_loss      0.4_acc       0.4_loss      0.5_acc       0.5_loss      0.6_acc       0.6_loss      0.7_acc       0.7_loss      0.8_acc       0.8_loss      0.9_acc       0.9_loss      1.0_acc       1.0_loss      avg_step_tim  epoch         loss          mem_gb        step         
0.9954000000  0.1456701159  0.8947000000  0.3178705871  0.7971000000  0.4830140471  0.6908000000  0.6640274525  0.6043000000  0.8202973604  0.5016000000  0.9928251505  0.4206000000  1.1304497719  0.3039000000  1.3264348507  0.2093000000  1.4859932661  0.1138000000  1.6490448713  0.0130000000  1.8227708340  0.0390000772  1406.2500000  0.3629123569  0.3051366806  150          
0.0_acc       0.0_loss      0.1_acc       0.1_loss      0.2_acc       0.2_loss      0.3_acc       0.3_loss      0.4_acc       0.4_loss      0.5_acc       0.5_loss      0.6_acc       0.6_loss      0.7_acc       0.7_loss      0.8_acc       0.8_loss      0.9_acc       0.9_loss      1.0_acc       1.0_loss      avg_step_tim  epoch         loss          mem_gb        step         
0.9867000000  0.1415986866  0.8870000000  0.3180531561  0.7947000000  0.4843558967  0.6932000000  0.6691951156  0.6117000000  0.8319075704  0.5119000000  1.0083320141  0.4356000000  1.1445538998  0.3209000000  1.3477556705  0.2285000000  1.5128719807  0.1384000000  1.6773710251  0.0424000000  1.8524100780  0.0295222902  1875.0000000  0.3357490599  0.3051366806  200          
0.0_acc       0.0_loss      0.1_acc       0.1_loss      0.2_acc       0.2_loss      0.3_acc       0.3_loss      0.4_acc       0.4_loss      0.5_acc       0.5_loss      0.6_acc       0.6_loss      0.7_acc       0.7_loss      0.8_acc       0.8_loss      0.9_acc       0.9_loss      1.0_acc       1.0_loss      avg_step_tim  epoch         loss          mem_gb        step         
0.9763000000  0.1365756243  0.8794000000  0.3251853585  0.7935000000  0.4995773435  0.6939000000  0.6968275309  0.6147000000  0.8706784248  0.5185000000  1.0606499910  0.4460000000  1.2004373074  0.3379000000  1.4220689535  0.2498000000  1.5971425772  0.1618000000  1.7706488371  0.0720000000  1.9548653364  0.0247318411  2343.7500000  0.3024872243  0.3051366806  250          
0.0_acc       0.0_loss      0.1_acc       0.1_loss      0.2_acc       0.2_loss      0.3_acc       0.3_loss      0.4_acc       0.4_loss      0.5_acc       0.5_loss      0.6_acc       0.6_loss      0.7_acc       0.7_loss      0.8_acc       0.8_loss      0.9_acc       0.9_loss      1.0_acc       1.0_loss      avg_step_tim  epoch         loss          mem_gb        step         
0.9647000000  0.1310730129  0.8733000000  0.3420590162  0.7900000000  0.5374416113  0.6956000000  0.7604151368  0.6192000000  0.9533165693  0.5241000000  1.1680777073  0.4585000000  1.3226711750  0.3551000000  1.5746661425  0.2714000000  1.7676403522  0.1844000000  1.9633386135  0.1014000000  2.1687831879  0.0210385172  2812.5000000  0.2558162510  0.3051366806  300          
0.0_acc       0.0_loss      0.1_acc       0.1_loss      0.2_acc       0.2_loss      0.3_acc       0.3_loss      0.4_acc       0.4_loss      0.5_acc       0.5_loss      0.6_acc       0.6_loss      0.7_acc       0.7_loss      0.8_acc       0.8_loss      0.9_acc       0.9_loss      1.0_acc       1.0_loss      avg_step_tim  epoch         loss          mem_gb        step         
0.9542000000  0.1337715238  0.8671000000  0.3728558421  0.7877000000  0.5963938236  0.6961000000  0.8530299664  0.6240000000  1.0688302517  0.5312000000  1.3143283129  0.4670000000  1.4887481928  0.3677000000  1.7764439583  0.2895000000  1.9924964905  0.2053000000  2.2199244499  0.1250000000  2.4534089565  0.0174633612  3281.2500000  0.2089310139  0.3051366806  350          
0.0_acc       0.0_loss      0.1_acc       0.1_loss      0.2_acc       0.2_loss      0.3_acc       0.3_loss      0.4_acc       0.4_loss      0.5_acc       0.5_loss      0.6_acc       0.6_loss      0.7_acc       0.7_loss      0.8_acc       0.8_loss      0.9_acc       0.9_loss      1.0_acc       1.0_loss      avg_step_tim  epoch         loss          mem_gb        step         
0.9464000000  0.1427004188  0.8628000000  0.4141532183  0.7852000000  0.6709618568  0.6945000000  0.9647497535  0.6272000000  1.2079468966  0.5371000000  1.4853283167  0.4744000000  1.6867569685  0.3808000000  2.0140061378  0.3038000000  2.2584459782  0.2206000000  2.5198147297  0.1452000000  2.7856955528  0.0155534047  3750.0000000  0.1738784164  0.3051366806  400          
Saved ERM-pretrained model.
0.0_acc       0.0_loss      0.1_acc       0.1_loss      0.2_acc       0.2_loss      0.3_acc       0.3_loss      0.4_acc       0.4_loss      0.5_acc       0.5_loss      0.6_acc       0.6_loss      0.7_acc       0.7_loss      0.8_acc       0.8_loss      0.9_acc       0.9_loss      1.0_acc       1.0_loss      avg_step_tim  epoch         erm_loss      loss          mem_gb        penalty       step         
0.8312000000  0.4008113146  0.7850000000  0.5546532273  0.7453000000  0.6864226460  0.6945000000  0.8467218280  0.6592000000  0.9784397483  0.6031000000  1.1367053986  0.5748000000  1.2305641174  0.5192000000  1.4159966707  0.4778000000  1.5403046608  0.4346000000  1.6777597666  0.3913000000  1.8315846920  0.0145644755  4218.7500000  0.2767440081  0.0003383355  0.3051404953  0.0000615914  450          
0.0_acc       0.0_loss      0.1_acc       0.1_loss      0.2_acc       0.2_loss      0.3_acc       0.3_loss      0.4_acc       0.4_loss      0.5_acc       0.5_loss      0.6_acc       0.6_loss      0.7_acc       0.7_loss      0.8_acc       0.8_loss      0.9_acc       0.9_loss      1.0_acc       1.0_loss      avg_step_tim  epoch         erm_loss      loss          mem_gb        penalty       step         
0.8451000000  0.3681286573  0.7933000000  0.5385878682  0.7522000000  0.6865835786  0.6957000000  0.8645452857  0.6577000000  1.0100352764  0.5983000000  1.1861921549  0.5688000000  1.2939637899  0.5079000000  1.4980597496  0.4656000000  1.6372416019  0.4171000000  1.7908651829  0.3688000000  1.9618535042  0.0130571671  4687.5000000  0.2622673213  0.0004304764  0.3051404953  0.0001682091  500          
0.0_acc       0.0_loss      0.1_acc       0.1_loss      0.2_acc       0.2_loss      0.3_acc       0.3_loss      0.4_acc       0.4_loss      0.5_acc       0.5_loss      0.6_acc       0.6_loss      0.7_acc       0.7_loss      0.8_acc       0.8_loss      0.9_acc       0.9_loss      1.0_acc       1.0_loss      avg_step_tim  epoch         erm_loss      loss          mem_gb        penalty       step         
0.8430000000  0.3720014691  0.7929000000  0.5404101610  0.7519000000  0.6859412193  0.6969000000  0.8624966741  0.6596000000  1.0064609051  0.6007000000  1.1791145802  0.5699000000  1.2866435051  0.5113000000  1.4873377085  0.4675000000  1.6254519224  0.4211000000  1.7762273550  0.3739000000  1.9447903633  0.0116659403  5156.2500000  0.2673581839  0.0003863876  0.3051404953  0.0001190294  550          
0.0_acc       0.0_loss      0.1_acc       0.1_loss      0.2_acc       0.2_loss      0.3_acc       0.3_loss      0.4_acc       0.4_loss      0.5_acc       0.5_loss      0.6_acc       0.6_loss      0.7_acc       0.7_loss      0.8_acc       0.8_loss      0.9_acc       0.9_loss      1.0_acc       1.0_loss      avg_step_tim  epoch         erm_loss      loss          mem_gb        penalty       step         
0.8388000000  0.3811162114  0.7900000000  0.5461162329  0.7506000000  0.6881384850  0.6964000000  0.8612310290  0.6604000000  1.0022708178  0.6025000000  1.1703602076  0.5725000000  1.2762383223  0.5166000000  1.4728358984  0.4721000000  1.6073981524  0.4278000000  1.7545763254  0.3814000000  1.9191601276  0.0107334634  5625.0000000  0.2611685991  0.0003077976  0.3051404953  0.0000466290  600          
[1.11, 1.19, 1.26, 1.34, 1.41, 1.48, 1.55, 1.62, 1.69, 1.77, 1.83]

final accuracies:
0.0    0.1    0.2    0.3    0.4    0.5    0.6    0.7    0.8    0.9    1.0   
0.841  0.807  0.753  0.707  0.653  0.611  0.569  0.524  0.485  0.441  0.392 
[1.08, 1.15, 1.22, 1.29, 1.36, 1.42, 1.49, 1.55, 1.62, 1.69, 1.75]

best accuracies:
0.0    0.1    0.2    0.3    0.4    0.5    0.6    0.7    0.8    0.9    1.0   
0.833  0.800  0.748  0.705  0.653  0.612  0.569  0.526  0.490  0.447  0.398 
Args:
	algorithm: groupdro
	alpha: 0.4
	batch_size: 25000
	data_dir: ..\data
	deterministic: False
	dropout_p: 0.2
	erm_pretrain_iters: 400
	eval_freq: 50
	exp_name: e3b_tail_support
	full_resolution: False
	groupdro_eta: 0.1
	loss_fn: nll
	lr: 0.0001
	lr_cos_sched: True
	lr_factor_reduction: 1
	mlp_hidden_dim: 390
	n_workers: 0
	network: FiLMedMLP
	other_arg: default
	output_dir: ..\results\E3b_tail_support
	penalty_weight: 1000
	save_ckpts: True
	seed: 0
	steps: 1000
	tail_support_condition: missing_tail
	tail_support_head_env: 0.1
	tail_support_source_envs: 0.1,0.2,0.5,0.9
	tail_support_source_envs_parsed: (0.1, 0.2, 0.5, 0.9)
	tail_support_tail_env: 0.9
	test_env_ms: 0.9
	test_envs: 0.0,0.1,0.2,0.3,0.4,0.5,0.6,0.7,0.8,0.9,1.0
	train_env_ps: (0.1, 0.2, 0.5, 0.9)
	train_env_size_mode: random
	train_env_sizes: 6000,1500,500,0
	train_env_sizes_parsed: (6000, 1500, 500, 0)
	train_envs: 0.1,0.2,0.5,0.9
	weight_decay: 0
Dropped zero-sized training environments: [0.9]
Train environment sample counts: [6000, 1500, 500]
Requested train environments: [0.1, 0.2, 0.5, 0.9]
Active train environments: [0.1, 0.2, 0.5]
Train domain count map: {'0.1': 6000, '0.2': 1500, '0.5': 500, '0.9': 0}
Empirical training prior map: {'0.1': 0.75, '0.2': 0.1875, '0.5': 0.0625, '0.9': 0.0}
train_sandbox.py:231: FutureWarning: You are using `torch.load` with `weights_only=False` (the current default value), which uses the default pickle module implicitly. It is possible to construct malicious pickle data which will execute arbitrary code during unpickling (See https://github.com/pytorch/pytorch/blob/main/SECURITY.md#untrusted-models for more details). In a future release, the default value for `weights_only` will be flipped to `True`. This limits the functions that could be executed during unpickling. Arbitrary objects will no longer be allowed to be loaded via this mode unless they are explicitly allowlisted by the user via `torch.serialization.add_safe_globals`. We recommend you start setting `weights_only=True` for any use case where you don't have full control of the loaded file. Please open an issue on GitHub for any issues related to this experimental feature.
  algorithm.load_state_dict(torch.load(erm_ckpt_pth, map_location=device), strict=False)
ERM-pretrained model loaded: 3b9c1d4d498a69dbdcc49f095f46348a.
0.0_acc       0.0_loss      0.1_acc       0.1_loss      0.2_acc       0.2_loss      0.3_acc       0.3_loss      0.4_acc       0.4_loss      0.5_acc       0.5_loss      0.6_acc       0.6_loss      0.7_acc       0.7_loss      0.8_acc       0.8_loss      0.9_acc       0.9_loss      1.0_acc       1.0_loss      avg_step_tim  epoch         loss          mem_gb        step         
0.8979000000  0.2452306896  0.8286000000  0.4807856381  0.7689000000  0.7004117966  0.6942000000  0.9541749954  0.6402000000  1.1640818119  0.5651000000  1.4070907831  0.5185000000  1.5734251738  0.4391000000  1.8561605215  0.3770000000  2.0677554607  0.3123000000  2.2898519039  0.2472000000  2.5212926865  0.0112985028  4218.7500000  0.1819270551  0.2788195610  450          
0.0_acc       0.0_loss      0.1_acc       0.1_loss      0.2_acc       0.2_loss      0.3_acc       0.3_loss      0.4_acc       0.4_loss      0.5_acc       0.5_loss      0.6_acc       0.6_loss      0.7_acc       0.7_loss      0.8_acc       0.8_loss      0.9_acc       0.9_loss      1.0_acc       1.0_loss      avg_step_tim  epoch         loss          mem_gb        step         
0.9011000000  0.2438092530  0.8317000000  0.5147572160  0.7691000000  0.7684697509  0.6929000000  1.0644642115  0.6382000000  1.3075343370  0.5603000000  1.5864684582  0.5140000000  1.7814147472  0.4344000000  2.1071877480  0.3720000000  2.3515343666  0.3028000000  2.6098372936  0.2383000000  2.8733627796  0.0120319614  4687.5000000  0.1512442380  0.2788200378  500          
0.0_acc       0.0_loss      0.1_acc       0.1_loss      0.2_acc       0.2_loss      0.3_acc       0.3_loss      0.4_acc       0.4_loss      0.5_acc       0.5_loss      0.6_acc       0.6_loss      0.7_acc       0.7_loss      0.8_acc       0.8_loss      0.9_acc       0.9_loss      1.0_acc       1.0_loss      avg_step_tim  epoch         loss          mem_gb        step         
0.9096000000  0.2274737805  0.8378000000  0.5325238705  0.7720000000  0.8210050464  0.6936000000  1.1546819210  0.6370000000  1.4286164045  0.5556000000  1.7412109375  0.5051000000  1.9636977911  0.4221000000  2.3333935738  0.3576000000  2.6058678627  0.2849000000  2.9008617401  0.2193000000  3.1987526417  0.0111362730  5156.2500000  0.1402558237  0.2788200378  550          
0.0_acc       0.0_loss      0.1_acc       0.1_loss      0.2_acc       0.2_loss      0.3_acc       0.3_loss      0.4_acc       0.4_loss      0.5_acc       0.5_loss      0.6_acc       0.6_loss      0.7_acc       0.7_loss      0.8_acc       0.8_loss      0.9_acc       0.9_loss      1.0_acc       1.0_loss      avg_step_tim  epoch         loss          mem_gb        step         
0.9129000000  0.2228625119  0.8399000000  0.5486026406  0.7742000000  0.8579428792  0.6948000000  1.2155237198  0.6359000000  1.5091211796  0.5548000000  1.8388667107  0.5013000000  2.0828871727  0.4188000000  2.4782457352  0.3532000000  2.7685289383  0.2804000000  3.0852353573  0.2128000000  3.4009866714  0.0099790311  5625.0000000  0.1172546893  0.2788200378  600          
0.0_acc       0.0_loss      0.1_acc       0.1_loss      0.2_acc       0.2_loss      0.3_acc       0.3_loss      0.4_acc       0.4_loss      0.5_acc       0.5_loss      0.6_acc       0.6_loss      0.7_acc       0.7_loss      0.8_acc       0.8_loss      0.9_acc       0.9_loss      1.0_acc       1.0_loss      avg_step_tim  epoch         loss          mem_gb        step         
0.9189000000  0.2085088342  0.8448000000  0.5554654598  0.7750000000  0.8863986135  0.6938000000  1.2656226158  0.6338000000  1.5781165361  0.5493000000  1.9303951263  0.4957000000  2.1902964115  0.4088000000  2.6108882427  0.3422000000  2.9191694260  0.2650000000  3.2594437599  0.1969000000  3.5981409550  0.0092998266  6093.7500000  0.1202741638  0.2788200378  650          
0.0_acc       0.0_loss      0.1_acc       0.1_loss      0.2_acc       0.2_loss      0.3_acc       0.3_loss      0.4_acc       0.4_loss      0.5_acc       0.5_loss      0.6_acc       0.6_loss      0.7_acc       0.7_loss      0.8_acc       0.8_loss      0.9_acc       0.9_loss      1.0_acc       1.0_loss      avg_step_tim  epoch         loss          mem_gb        step         
0.9217000000  0.2038581371  0.8459000000  0.5619828701  0.7763000000  0.9020943046  0.6944000000  1.2942197323  0.6327000000  1.6146333218  0.5482000000  1.9782023430  0.4938000000  2.2454102039  0.4073000000  2.6789238453  0.3378000000  2.9965159893  0.2600000000  3.3474955559  0.1905000000  3.6950974464  0.0085573067  6562.5000000  0.1099723279  0.2788200378  700          
0.0_acc       0.0_loss      0.1_acc       0.1_loss      0.2_acc       0.2_loss      0.3_acc       0.3_loss      0.4_acc       0.4_loss      0.5_acc       0.5_loss      0.6_acc       0.6_loss      0.7_acc       0.7_loss      0.8_acc       0.8_loss      0.9_acc       0.9_loss      1.0_acc       1.0_loss      avg_step_tim  epoch         loss          mem_gb        step         
0.9246000000  0.1989676654  0.8476000000  0.5663192272  0.7776000000  0.9179058075  0.6937000000  1.3220213652  0.6335000000  1.6527256966  0.5480000000  2.0233073235  0.4901000000  2.3017873764  0.4027000000  2.7488358021  0.3356000000  3.0757246017  0.2560000000  3.4388010502  0.1853000000  3.7926900387  0.0080875591  7031.2500000  0.1149399579  0.2788200378  750          
0.0_acc       0.0_loss      0.1_acc       0.1_loss      0.2_acc       0.2_loss      0.3_acc       0.3_loss      0.4_acc       0.4_loss      0.5_acc       0.5_loss      0.6_acc       0.6_loss      0.7_acc       0.7_loss      0.8_acc       0.8_loss      0.9_acc       0.9_loss      1.0_acc       1.0_loss      avg_step_tim  epoch         loss          mem_gb        step         
0.9275000000  0.1932187527  0.8494000000  0.5704096556  0.7782000000  0.9314399958  0.6937000000  1.3462204933  0.6316000000  1.6860893965  0.5468000000  2.0668337345  0.4890000000  2.3531534672  0.3999000000  2.8113815784  0.3311000000  3.1478433609  0.2506000000  3.5207440853  0.1794000000  3.8841164112  0.0076362714  7500.0000000  0.0963584632  0.2788200378  800          
0.0_acc       0.0_loss      0.1_acc       0.1_loss      0.2_acc       0.2_loss      0.3_acc       0.3_loss      0.4_acc       0.4_loss      0.5_acc       0.5_loss      0.6_acc       0.6_loss      0.7_acc       0.7_loss      0.8_acc       0.8_loss      0.9_acc       0.9_loss      1.0_acc       1.0_loss      avg_step_tim  epoch         loss          mem_gb        step         
0.9295000000  0.1884140521  0.8513000000  0.5730861425  0.7785000000  0.9409292936  0.6943000000  1.3633822203  0.6322000000  1.7090470791  0.5456000000  2.0961496830  0.4879000000  2.3898944855  0.3972000000  2.8570132256  0.3291000000  3.1979870796  0.2472000000  3.5790467262  0.1758000000  3.9493584633  0.0069662944  7968.7500000  0.1036060303  0.2788200378  850          
0.0_acc       0.0_loss      0.1_acc       0.1_loss      0.2_acc       0.2_loss      0.3_acc       0.3_loss      0.4_acc       0.4_loss      0.5_acc       0.5_loss      0.6_acc       0.6_loss      0.7_acc       0.7_loss      0.8_acc       0.8_loss      0.9_acc       0.9_loss      1.0_acc       1.0_loss      avg_step_tim  epoch         loss          mem_gb        step         
0.9298000000  0.1880348623  0.8512000000  0.5742514133  0.7784000000  0.9441007376  0.6939000000  1.3686273098  0.6314000000  1.7155588865  0.5456000000  2.1050674915  0.4878000000  2.3995568752  0.3970000000  2.8686537743  0.3280000000  3.2115898132  0.2464000000  3.5942091942  0.1747000000  3.9664194584  0.0065727011  8437.5000000  0.1013649702  0.2788200378  900          
0.0_acc       0.0_loss      0.1_acc       0.1_loss      0.2_acc       0.2_loss      0.3_acc       0.3_loss      0.4_acc       0.4_loss      0.5_acc       0.5_loss      0.6_acc       0.6_loss      0.7_acc       0.7_loss      0.8_acc       0.8_loss      0.9_acc       0.9_loss      1.0_acc       1.0_loss      avg_step_tim  epoch         loss          mem_gb        step         
0.9304000000  0.1863617450  0.8517000000  0.5744613409  0.7789000000  0.9461972713  0.6944000000  1.3727972507  0.6313000000  1.7216433287  0.5452000000  2.1123743057  0.4875000000  2.4091663361  0.3963000000  2.8805537224  0.3266000000  3.2248477936  0.2456000000  3.6096944809  0.1738000000  3.9832549095  0.0062811721  8906.2500000  0.1017147750  0.2788200378  950          
0.0_acc       0.0_loss      0.1_acc       0.1_loss      0.2_acc       0.2_loss      0.3_acc       0.3_loss      0.4_acc       0.4_loss      0.5_acc       0.5_loss      0.6_acc       0.6_loss      0.7_acc       0.7_loss      0.8_acc       0.8_loss      0.9_acc       0.9_loss      1.0_acc       1.0_loss      avg_step_tim  epoch         loss          mem_gb        step         
0.9306000000  0.1855490059  0.8518000000  0.5744653940  0.7790000000  0.9470273256  0.6946000000  1.3745754957  0.6311000000  1.7241569757  0.5449000000  2.1156055927  0.4872000000  2.4132504463  0.3960000000  2.8856461048  0.3260000000  3.2306323051  0.2449000000  3.6164033413  0.1734000000  3.9906830788  0.0062001965  9375.0000000  0.1023181677  0.2788200378  1000         
[2.04, 2.22, 2.41, 2.6, 2.79, 2.97, 3.15, 3.33, 3.51, 3.7, 3.88]

final accuracies:
0.0    0.1    0.2    0.3    0.4    0.5    0.6    0.7    0.8    0.9    1.0   
0.932  0.866  0.782  0.705  0.619  0.550  0.478  0.400  0.331  0.257  0.176 
[1.34, 1.45, 1.57, 1.68, 1.79, 1.89, 2.0, 2.11, 2.22, 2.33, 2.43]

best accuracies:
0.0    0.1    0.2    0.3    0.4    0.5    0.6    0.7    0.8    0.9    1.0   
0.896  0.847  0.773  0.706  0.631  0.572  0.509  0.441  0.384  0.322  0.251 
Args:
	algorithm: iro
	alpha: 0.4
	batch_size: 25000
	data_dir: ..\data
	deterministic: False
	dropout_p: 0.2
	erm_pretrain_iters: 400
	eval_freq: 50
	exp_name: e3b_tail_support
	full_resolution: False
	groupdro_eta: 1.0
	loss_fn: nll
	lr: 0.0001
	lr_cos_sched: True
	lr_factor_reduction: 1
	mlp_hidden_dim: 390
	n_workers: 0
	network: FiLMedMLP
	other_arg: default
	output_dir: ..\results\E3b_tail_support
	penalty_weight: 1000
	save_ckpts: True
	seed: 0
	steps: 600
	tail_support_condition: missing_tail
	tail_support_head_env: 0.1
	tail_support_source_envs: 0.1,0.2,0.5,0.9
	tail_support_source_envs_parsed: (0.1, 0.2, 0.5, 0.9)
	tail_support_tail_env: 0.9
	test_env_ms: 0.9
	test_envs: 0.0,0.1,0.2,0.3,0.4,0.5,0.6,0.7,0.8,0.9,1.0
	train_env_ps: (0.1, 0.2, 0.5, 0.9)
	train_env_size_mode: random
	train_env_sizes: 6000,1500,500,0
	train_env_sizes_parsed: (6000, 1500, 500, 0)
	train_envs: 0.1,0.2,0.5,0.9
	weight_decay: 0
Dropped zero-sized training environments: [0.9]
Train environment sample counts: [6000, 1500, 500]
Requested train environments: [0.1, 0.2, 0.5, 0.9]
Active train environments: [0.1, 0.2, 0.5]
Train domain count map: {'0.1': 6000, '0.2': 1500, '0.5': 500, '0.9': 0}
Empirical training prior map: {'0.1': 0.75, '0.2': 0.1875, '0.5': 0.0625, '0.9': 0.0}
train_sandbox.py:231: FutureWarning: You are using `torch.load` with `weights_only=False` (the current default value), which uses the default pickle module implicitly. It is possible to construct malicious pickle data which will execute arbitrary code during unpickling (See https://github.com/pytorch/pytorch/blob/main/SECURITY.md#untrusted-models for more details). In a future release, the default value for `weights_only` will be flipped to `True`. This limits the functions that could be executed during unpickling. Arbitrary objects will no longer be allowed to be loaded via this mode unless they are explicitly allowlisted by the user via `torch.serialization.add_safe_globals`. We recommend you start setting `weights_only=True` for any use case where you don't have full control of the loaded file. Please open an issue on GitHub for any issues related to this experimental feature.
  algorithm.load_state_dict(torch.load(erm_ckpt_pth, map_location=device), strict=False)
ERM-pretrained model loaded: 3b9c1d4d498a69dbdcc49f095f46348a.
Traceback (most recent call last):
  File "train_sandbox.py", line 285, in <module>
    results[env_name + '_acc'] = misc.accuracy(algorithm, env_loader, device, alpha=h_alphas_train[i])
IndexError: list index out of range
Args:
	algorithm: inftask
	alpha: 0.4
	batch_size: 25000
	data_dir: ..\data
	deterministic: False
	dropout_p: 0.2
	erm_pretrain_iters: 400
	eval_freq: 50
	exp_name: e3b_tail_support
	full_resolution: False
	groupdro_eta: 1.0
	loss_fn: nll
	lr: 0.0001
	lr_cos_sched: True
	lr_factor_reduction: 1
	mlp_hidden_dim: 390
	n_workers: 0
	network: FiLMedMLP
	other_arg: default
	output_dir: ..\results\E3b_tail_support
	penalty_weight: 1000
	save_ckpts: True
	seed: 0
	steps: 600
	tail_support_condition: missing_tail
	tail_support_head_env: 0.1
	tail_support_source_envs: 0.1,0.2,0.5,0.9
	tail_support_source_envs_parsed: (0.1, 0.2, 0.5, 0.9)
	tail_support_tail_env: 0.9
	test_env_ms: 0.9
	test_envs: 0.0,0.1,0.2,0.3,0.4,0.5,0.6,0.7,0.8,0.9,1.0
	train_env_ps: (0.1, 0.2, 0.5, 0.9)
	train_env_size_mode: random
	train_env_sizes: 6000,1500,500,0
	train_env_sizes_parsed: (6000, 1500, 500, 0)
	train_envs: 0.1,0.2,0.5,0.9
	weight_decay: 0
Dropped zero-sized training environments: [0.9]
Train environment sample counts: [6000, 1500, 500]
Requested train environments: [0.1, 0.2, 0.5, 0.9]
Active train environments: [0.1, 0.2, 0.5]
Train domain count map: {'0.1': 6000, '0.2': 1500, '0.5': 500, '0.9': 0}
Empirical training prior map: {'0.1': 0.75, '0.2': 0.1875, '0.5': 0.0625, '0.9': 0.0}
train_sandbox.py:231: FutureWarning: You are using `torch.load` with `weights_only=False` (the current default value), which uses the default pickle module implicitly. It is possible to construct malicious pickle data which will execute arbitrary code during unpickling (See https://github.com/pytorch/pytorch/blob/main/SECURITY.md#untrusted-models for more details). In a future release, the default value for `weights_only` will be flipped to `True`. This limits the functions that could be executed during unpickling. Arbitrary objects will no longer be allowed to be loaded via this mode unless they are explicitly allowlisted by the user via `torch.serialization.add_safe_globals`. We recommend you start setting `weights_only=True` for any use case where you don't have full control of the loaded file. Please open an issue on GitHub for any issues related to this experimental feature.
  algorithm.load_state_dict(torch.load(erm_ckpt_pth, map_location=device), strict=False)
ERM-pretrained model loaded: 3b9c1d4d498a69dbdcc49f095f46348a.
Traceback (most recent call last):
  File "train_sandbox.py", line 285, in <module>
    results[env_name + '_acc'] = misc.accuracy(algorithm, env_loader, device, alpha=h_alphas_train[i])
IndexError: list index out of range
Args:
	algorithm: erm
	alpha: 0.4
	batch_size: 25000
	data_dir: ..\data
	deterministic: False
	dropout_p: 0.2
	erm_pretrain_iters: 0
	eval_freq: 50
	exp_name: e3b_tail_support
	full_resolution: False
	groupdro_eta: 1.0
	loss_fn: nll
	lr: 0.0001
	lr_cos_sched: False
	lr_factor_reduction: 1
	mlp_hidden_dim: 390
	n_workers: 0
	network: FiLMedMLP
	other_arg: default
	output_dir: ..\results\E3b_tail_support
	penalty_weight: 1000
	save_ckpts: False
	seed: 1
	steps: 600
	tail_support_condition: balanced_visible
	tail_support_head_env: 0.1
	tail_support_source_envs: 0.1,0.2,0.5,0.9
	tail_support_source_envs_parsed: (0.1, 0.2, 0.5, 0.9)
	tail_support_tail_env: 0.9
	test_env_ms: 0.9
	test_envs: 0.0,0.1,0.2,0.3,0.4,0.5,0.6,0.7,0.8,0.9,1.0
	train_env_ps: (0.1, 0.2, 0.5, 0.9)
	train_env_size_mode: random
	train_env_sizes: 2000,2000,2000,2000
	train_env_sizes_parsed: (2000, 2000, 2000, 2000)
	train_envs: 0.1,0.2,0.5,0.9
	weight_decay: 0
Train environment sample counts: [2000, 2000, 2000, 2000]
Requested train environments: [0.1, 0.2, 0.5, 0.9]
Active train environments: [0.1, 0.2, 0.5, 0.9]
Train domain count map: {'0.1': 2000, '0.2': 2000, '0.5': 2000, '0.9': 2000}
Empirical training prior map: {'0.1': 0.25, '0.2': 0.25, '0.5': 0.25, '0.9': 0.25}
0.0_acc       0.0_loss      0.1_acc       0.1_loss      0.2_acc       0.2_loss      0.3_acc       0.3_loss      0.4_acc       0.4_loss      0.5_acc       0.5_loss      0.6_acc       0.6_loss      0.7_acc       0.7_loss      0.8_acc       0.8_loss      0.9_acc       0.9_loss      1.0_acc       1.0_loss      avg_step_tim  epoch         loss          mem_gb        step         
0.7936000000  0.5007706881  0.7578000000  0.5337665677  0.7390000000  0.5570484400  0.6980000000  0.5919709206  0.6762000000  0.6119663715  0.6406000000  0.6479827762  0.6077000000  0.6769949794  0.5727000000  0.7114212513  0.5393000000  0.7422176600  0.5147000000  0.7669821978  0.4826000000  0.7966891527  0.0930527306  625.00000000  0.6264064312  0.2862210274  50           
0.0_acc       0.0_loss      0.1_acc       0.1_loss      0.2_acc       0.2_loss      0.3_acc       0.3_loss      0.4_acc       0.4_loss      0.5_acc       0.5_loss      0.6_acc       0.6_loss      0.7_acc       0.7_loss      0.8_acc       0.8_loss      0.9_acc       0.9_loss      1.0_acc       1.0_loss      avg_step_tim  epoch         loss          mem_gb        step         
0.7769000000  0.4831848443  0.7474000000  0.5207646489  0.7381000000  0.5389965177  0.7101000000  0.5726399422  0.6979000000  0.5939345360  0.6693000000  0.6327968836  0.6460000000  0.6603437066  0.6223000000  0.6944850683  0.6031000000  0.7229390144  0.5812000000  0.7464069128  0.5634000000  0.7769994736  0.0501240945  1250.0000000  0.5838711262  0.2862210274  100          
0.0_acc       0.0_loss      0.1_acc       0.1_loss      0.2_acc       0.2_loss      0.3_acc       0.3_loss      0.4_acc       0.4_loss      0.5_acc       0.5_loss      0.6_acc       0.6_loss      0.7_acc       0.7_loss      0.8_acc       0.8_loss      0.9_acc       0.9_loss      1.0_acc       1.0_loss      avg_step_tim  epoch         loss          mem_gb        step         
0.7721000000  0.4777078629  0.7477000000  0.5180907249  0.7374000000  0.5363973379  0.7175000000  0.5709061027  0.7035000000  0.5976523161  0.6783000000  0.6399863362  0.6649000000  0.6670678258  0.6440000000  0.7035911679  0.6273000000  0.7314620614  0.6088000000  0.7587518096  0.5908000000  0.7893796563  0.0362732474  1875.0000000  0.5399879813  0.2862210274  150          
0.0_acc       0.0_loss      0.1_acc       0.1_loss      0.2_acc       0.2_loss      0.3_acc       0.3_loss      0.4_acc       0.4_loss      0.5_acc       0.5_loss      0.6_acc       0.6_loss      0.7_acc       0.7_loss      0.8_acc       0.8_loss      0.9_acc       0.9_loss      1.0_acc       1.0_loss      avg_step_tim  epoch         loss          mem_gb        step         
0.7651000000  0.4904219210  0.7415000000  0.5334512591  0.7345000000  0.5523896813  0.7163000000  0.5865415931  0.6987000000  0.6205109954  0.6747000000  0.6666677594  0.6620000000  0.6942073107  0.6421000000  0.7328422070  0.6260000000  0.7605132461  0.6090000000  0.7906162739  0.5917000000  0.8218012452  0.0272145021  2500.0000000  0.4829543829  0.2862210274  200          
0.0_acc       0.0_loss      0.1_acc       0.1_loss      0.2_acc       0.2_loss      0.3_acc       0.3_loss      0.4_acc       0.4_loss      0.5_acc       0.5_loss      0.6_acc       0.6_loss      0.7_acc       0.7_loss      0.8_acc       0.8_loss      0.9_acc       0.9_loss      1.0_acc       1.0_loss      avg_step_tim  epoch         loss          mem_gb        step         
0.7611000000  0.5048851371  0.7356000000  0.5541798472  0.7267000000  0.5778560638  0.7102000000  0.6159558296  0.6892000000  0.6588132381  0.6632000000  0.7121000886  0.6502000000  0.7444431186  0.6311000000  0.7881291509  0.6150000000  0.8195413947  0.5987000000  0.8533022404  0.5778000000  0.8893087506  0.0214883919  3125.0000000  0.4240234494  0.2862210274  250          
0.0_acc       0.0_loss      0.1_acc       0.1_loss      0.2_acc       0.2_loss      0.3_acc       0.3_loss      0.4_acc       0.4_loss      0.5_acc       0.5_loss      0.6_acc       0.6_loss      0.7_acc       0.7_loss      0.8_acc       0.8_loss      0.9_acc       0.9_loss      1.0_acc       1.0_loss      avg_step_tim  epoch         loss          mem_gb        step         
0.7544000000  0.5361199379  0.7303000000  0.5919257402  0.7196000000  0.6209809184  0.6995000000  0.6636914611  0.6820000000  0.7116500735  0.6561000000  0.7742592096  0.6438000000  0.8093161583  0.6249000000  0.8583938479  0.6076000000  0.8929157853  0.5944000000  0.9307661653  0.5713000000  0.9716113210  0.0179809737  3750.0000000  0.3719943166  0.2862210274  300          
0.0_acc       0.0_loss      0.1_acc       0.1_loss      0.2_acc       0.2_loss      0.3_acc       0.3_loss      0.4_acc       0.4_loss      0.5_acc       0.5_loss      0.6_acc       0.6_loss      0.7_acc       0.7_loss      0.8_acc       0.8_loss      0.9_acc       0.9_loss      1.0_acc       1.0_loss      avg_step_tim  epoch         loss          mem_gb        step         
0.7487000000  0.5725290775  0.7229000000  0.6356216073  0.7142000000  0.6703270078  0.6940000000  0.7181746960  0.6731000000  0.7721473575  0.6468000000  0.8439140320  0.6348000000  0.8818388581  0.6191000000  0.9365763664  0.5996000000  0.9756036997  0.5859000000  1.0166985989  0.5635000000  1.0636134148  0.0155692148  4375.0000000  0.3071961403  0.2862210274  350          
0.0_acc       0.0_loss      0.1_acc       0.1_loss      0.2_acc       0.2_loss      0.3_acc       0.3_loss      0.4_acc       0.4_loss      0.5_acc       0.5_loss      0.6_acc       0.6_loss      0.7_acc       0.7_loss      0.8_acc       0.8_loss      0.9_acc       0.9_loss      1.0_acc       1.0_loss      avg_step_tim  epoch         loss          mem_gb        step         
0.7390000000  0.6261459589  0.7157000000  0.6937680244  0.7097000000  0.7288939953  0.6864000000  0.7802760005  0.6693000000  0.8340941072  0.6444000000  0.9116256833  0.6317000000  0.9507935047  0.6172000000  1.0068944693  0.5990000000  1.0474547148  0.5853000000  1.0884662867  0.5647000000  1.1366554499  0.0136475861  5000.0000000  0.2617186308  0.2862210274  400          
0.0_acc       0.0_loss      0.1_acc       0.1_loss      0.2_acc       0.2_loss      0.3_acc       0.3_loss      0.4_acc       0.4_loss      0.5_acc       0.5_loss      0.6_acc       0.6_loss      0.7_acc       0.7_loss      0.8_acc       0.8_loss      0.9_acc       0.9_loss      1.0_acc       1.0_loss      avg_step_tim  epoch         loss          mem_gb        step         
0.7352000000  0.6736913323  0.7134000000  0.7484863997  0.7037000000  0.7868111134  0.6813000000  0.8417337537  0.6655000000  0.8985739946  0.6399000000  0.9838904738  0.6263000000  1.0275710821  0.6140000000  1.0878065825  0.5926000000  1.1337110996  0.5811000000  1.1747988462  0.5596000000  1.2276616096  0.0121889120  5625.0000000  0.2307974845  0.2862210274  450          
0.0_acc       0.0_loss      0.1_acc       0.1_loss      0.2_acc       0.2_loss      0.3_acc       0.3_loss      0.4_acc       0.4_loss      0.5_acc       0.5_loss      0.6_acc       0.6_loss      0.7_acc       0.7_loss      0.8_acc       0.8_loss      0.9_acc       0.9_loss      1.0_acc       1.0_loss      avg_step_tim  epoch         loss          mem_gb        step         
0.7307000000  0.7185077667  0.7120000000  0.7982740402  0.7021000000  0.8415523171  0.6778000000  0.9012751579  0.6619000000  0.9598231912  0.6356000000  1.0540264845  0.6267000000  1.0993964672  0.6137000000  1.1629817486  0.5905000000  1.2138919830  0.5802000000  1.2583774328  0.5576000000  1.3150836229  0.0109721384  6250.0000000  0.2108239532  0.2862210274  500          
0.0_acc       0.0_loss      0.1_acc       0.1_loss      0.2_acc       0.2_loss      0.3_acc       0.3_loss      0.4_acc       0.4_loss      0.5_acc       0.5_loss      0.6_acc       0.6_loss      0.7_acc       0.7_loss      0.8_acc       0.8_loss      0.9_acc       0.9_loss      1.0_acc       1.0_loss      avg_step_tim  epoch         loss          mem_gb        step         
0.7261000000  0.7666826248  0.7061000000  0.8519667983  0.7014000000  0.8971794844  0.6759000000  0.9582125545  0.6589000000  1.0207111835  0.6347000000  1.1242045164  0.6240000000  1.1711117029  0.6140000000  1.2397027016  0.5897000000  1.2954378128  0.5784000000  1.3387119770  0.5605000000  1.3990017176  0.0101005151  6875.0000000  0.1742635220  0.2862210274  550          
0.0_acc       0.0_loss      0.1_acc       0.1_loss      0.2_acc       0.2_loss      0.3_acc       0.3_loss      0.4_acc       0.4_loss      0.5_acc       0.5_loss      0.6_acc       0.6_loss      0.7_acc       0.7_loss      0.8_acc       0.8_loss      0.9_acc       0.9_loss      1.0_acc       1.0_loss      avg_step_tim  epoch         loss          mem_gb        step         
0.7210000000  0.8155753613  0.7027000000  0.9047126770  0.6961000000  0.9512666464  0.6725000000  1.0163522959  0.6567000000  1.0778764486  0.6318000000  1.1849617958  0.6230000000  1.2331840992  0.6122000000  1.3047695160  0.5905000000  1.3627333641  0.5795000000  1.4074254036  0.5616000000  1.4693717957  0.0092634098  7500.0000000  0.1574814767  0.2862210274  600          
[1.16, 1.19, 1.23, 1.26, 1.29, 1.33, 1.36, 1.39, 1.42, 1.45, 1.49]

final accuracies:
0.0    0.1    0.2    0.3    0.4    0.5    0.6    0.7    0.8    0.9    1.0   
0.723  0.712  0.687  0.673  0.652  0.641  0.626  0.610  0.590  0.577  0.557 
[0.66, 0.68, 0.7, 0.71, 0.73, 0.74, 0.76, 0.78, 0.8, 0.81, 0.83]

best accuracies:
0.0    0.1    0.2    0.3    0.4    0.5    0.6    0.7    0.8    0.9    1.0   
0.765  0.754  0.730  0.710  0.692  0.685  0.660  0.646  0.621  0.607  0.593 
Args:
	algorithm: irm
	alpha: 0.4
	batch_size: 25000
	data_dir: ..\data
	deterministic: False
	dropout_p: 0.2
	erm_pretrain_iters: 400
	eval_freq: 50
	exp_name: e3b_tail_support
	full_resolution: False
	groupdro_eta: 1.0
	loss_fn: nll
	lr: 0.0001
	lr_cos_sched: True
	lr_factor_reduction: 1
	mlp_hidden_dim: 390
	n_workers: 0
	network: FiLMedMLP
	other_arg: default
	output_dir: ..\results\E3b_tail_support
	penalty_weight: 1000.0
	save_ckpts: True
	seed: 1
	steps: 600
	tail_support_condition: balanced_visible
	tail_support_head_env: 0.1
	tail_support_source_envs: 0.1,0.2,0.5,0.9
	tail_support_source_envs_parsed: (0.1, 0.2, 0.5, 0.9)
	tail_support_tail_env: 0.9
	test_env_ms: 0.9
	test_envs: 0.0,0.1,0.2,0.3,0.4,0.5,0.6,0.7,0.8,0.9,1.0
	train_env_ps: (0.1, 0.2, 0.5, 0.9)
	train_env_size_mode: random
	train_env_sizes: 2000,2000,2000,2000
	train_env_sizes_parsed: (2000, 2000, 2000, 2000)
	train_envs: 0.1,0.2,0.5,0.9
	weight_decay: 0
Train environment sample counts: [2000, 2000, 2000, 2000]
Requested train environments: [0.1, 0.2, 0.5, 0.9]
Active train environments: [0.1, 0.2, 0.5, 0.9]
Train domain count map: {'0.1': 2000, '0.2': 2000, '0.5': 2000, '0.9': 2000}
Empirical training prior map: {'0.1': 0.25, '0.2': 0.25, '0.5': 0.25, '0.9': 0.25}
0.0_acc       0.0_loss      0.1_acc       0.1_loss      0.2_acc       0.2_loss      0.3_acc       0.3_loss      0.4_acc       0.4_loss      0.5_acc       0.5_loss      0.6_acc       0.6_loss      0.7_acc       0.7_loss      0.8_acc       0.8_loss      0.9_acc       0.9_loss      1.0_acc       1.0_loss      avg_step_tim  epoch         loss          mem_gb        step         
0.7936000000  0.5007706881  0.7578000000  0.5337665677  0.7390000000  0.5570484400  0.6980000000  0.5919709206  0.6762000000  0.6119663715  0.6406000000  0.6479827762  0.6077000000  0.6769949794  0.5727000000  0.7114212513  0.5393000000  0.7422176600  0.5147000000  0.7669821978  0.4826000000  0.7966891527  0.0956849670  625.00000000  0.6264064312  0.2862210274  50           
0.0_acc       0.0_loss      0.1_acc       0.1_loss      0.2_acc       0.2_loss      0.3_acc       0.3_loss      0.4_acc       0.4_loss      0.5_acc       0.5_loss      0.6_acc       0.6_loss      0.7_acc       0.7_loss      0.8_acc       0.8_loss      0.9_acc       0.9_loss      1.0_acc       1.0_loss      avg_step_tim  epoch         loss          mem_gb        step         
0.7769000000  0.4831848443  0.7474000000  0.5207646489  0.7381000000  0.5389965177  0.7101000000  0.5726399422  0.6979000000  0.5939345360  0.6693000000  0.6327968836  0.6460000000  0.6603437066  0.6223000000  0.6944850683  0.6031000000  0.7229390144  0.5812000000  0.7464069128  0.5634000000  0.7769994736  0.0531871843  1250.0000000  0.5838711262  0.2862210274  100          
0.0_acc       0.0_loss      0.1_acc       0.1_loss      0.2_acc       0.2_loss      0.3_acc       0.3_loss      0.4_acc       0.4_loss      0.5_acc       0.5_loss      0.6_acc       0.6_loss      0.7_acc       0.7_loss      0.8_acc       0.8_loss      0.9_acc       0.9_loss      1.0_acc       1.0_loss      avg_step_tim  epoch         loss          mem_gb        step         
0.7721000000  0.4777078629  0.7477000000  0.5180907249  0.7374000000  0.5363973379  0.7175000000  0.5709061027  0.7035000000  0.5976523161  0.6783000000  0.6399863362  0.6649000000  0.6670678258  0.6440000000  0.7035911679  0.6273000000  0.7314620614  0.6088000000  0.7587518096  0.5908000000  0.7893796563  0.0373162985  1875.0000000  0.5399879813  0.2862210274  150          
0.0_acc       0.0_loss      0.1_acc       0.1_loss      0.2_acc       0.2_loss      0.3_acc       0.3_loss      0.4_acc       0.4_loss      0.5_acc       0.5_loss      0.6_acc       0.6_loss      0.7_acc       0.7_loss      0.8_acc       0.8_loss      0.9_acc       0.9_loss      1.0_acc       1.0_loss      avg_step_tim  epoch         loss          mem_gb        step         
0.7651000000  0.4904219210  0.7415000000  0.5334512591  0.7345000000  0.5523896813  0.7163000000  0.5865415931  0.6987000000  0.6205109954  0.6747000000  0.6666677594  0.6620000000  0.6942073107  0.6421000000  0.7328422070  0.6260000000  0.7605132461  0.6090000000  0.7906162739  0.5917000000  0.8218012452  0.0284615672  2500.0000000  0.4829543829  0.2862210274  200          
0.0_acc       0.0_loss      0.1_acc       0.1_loss      0.2_acc       0.2_loss      0.3_acc       0.3_loss      0.4_acc       0.4_loss      0.5_acc       0.5_loss      0.6_acc       0.6_loss      0.7_acc       0.7_loss      0.8_acc       0.8_loss      0.9_acc       0.9_loss      1.0_acc       1.0_loss      avg_step_tim  epoch         loss          mem_gb        step         
0.7611000000  0.5048851371  0.7356000000  0.5541798472  0.7267000000  0.5778560638  0.7102000000  0.6159558296  0.6892000000  0.6588132381  0.6632000000  0.7121000886  0.6502000000  0.7444431186  0.6311000000  0.7881291509  0.6150000000  0.8195413947  0.5987000000  0.8533022404  0.5778000000  0.8893087506  0.0219898787  3125.0000000  0.4240234494  0.2862210274  250          
0.0_acc       0.0_loss      0.1_acc       0.1_loss      0.2_acc       0.2_loss      0.3_acc       0.3_loss      0.4_acc       0.4_loss      0.5_acc       0.5_loss      0.6_acc       0.6_loss      0.7_acc       0.7_loss      0.8_acc       0.8_loss      0.9_acc       0.9_loss      1.0_acc       1.0_loss      avg_step_tim  epoch         loss          mem_gb        step         
0.7544000000  0.5361199379  0.7303000000  0.5919257402  0.7196000000  0.6209809184  0.6995000000  0.6636914611  0.6820000000  0.7116500735  0.6561000000  0.7742592096  0.6438000000  0.8093161583  0.6249000000  0.8583938479  0.6076000000  0.8929157853  0.5944000000  0.9307661653  0.5713000000  0.9716113210  0.0185954968  3750.0000000  0.3719943166  0.2862210274  300          
0.0_acc       0.0_loss      0.1_acc       0.1_loss      0.2_acc       0.2_loss      0.3_acc       0.3_loss      0.4_acc       0.4_loss      0.5_acc       0.5_loss      0.6_acc       0.6_loss      0.7_acc       0.7_loss      0.8_acc       0.8_loss      0.9_acc       0.9_loss      1.0_acc       1.0_loss      avg_step_tim  epoch         loss          mem_gb        step         
0.7487000000  0.5725290775  0.7229000000  0.6356216073  0.7142000000  0.6703270078  0.6940000000  0.7181746960  0.6731000000  0.7721473575  0.6468000000  0.8439140320  0.6348000000  0.8818388581  0.6191000000  0.9365763664  0.5996000000  0.9756036997  0.5859000000  1.0166985989  0.5635000000  1.0636134148  0.0161277587  4375.0000000  0.3071961403  0.2862210274  350          
0.0_acc       0.0_loss      0.1_acc       0.1_loss      0.2_acc       0.2_loss      0.3_acc       0.3_loss      0.4_acc       0.4_loss      0.5_acc       0.5_loss      0.6_acc       0.6_loss      0.7_acc       0.7_loss      0.8_acc       0.8_loss      0.9_acc       0.9_loss      1.0_acc       1.0_loss      avg_step_tim  epoch         loss          mem_gb        step         
0.7390000000  0.6261459589  0.7157000000  0.6937680244  0.7097000000  0.7288939953  0.6864000000  0.7802760005  0.6693000000  0.8340941072  0.6444000000  0.9116256833  0.6317000000  0.9507935047  0.6172000000  1.0068944693  0.5990000000  1.0474547148  0.5853000000  1.0884662867  0.5647000000  1.1366554499  0.0134817410  5000.0000000  0.2617186308  0.2862210274  400          
Saved ERM-pretrained model.
0.0_acc       0.0_loss      0.1_acc       0.1_loss      0.2_acc       0.2_loss      0.3_acc       0.3_loss      0.4_acc       0.4_loss      0.5_acc       0.5_loss      0.6_acc       0.6_loss      0.7_acc       0.7_loss      0.8_acc       0.8_loss      0.9_acc       0.9_loss      1.0_acc       1.0_loss      avg_step_tim  epoch         erm_loss      loss          mem_gb        penalty       step         
0.7154000000  0.7307928801  0.6978000000  0.7907713652  0.6959000000  0.8125523925  0.6788000000  0.8579670787  0.6700000000  0.8963551521  0.6532000000  0.9674407840  0.6458000000  0.9968275428  0.6375000000  1.0444753170  0.6217000000  1.0718632936  0.6181000000  1.1048206091  0.5992000000  1.1428605318  0.0137490569  5625.0000000  0.2799021900  0.0003422355  0.2862257957  0.0000623332  450          
0.0_acc       0.0_loss      0.1_acc       0.1_loss      0.2_acc       0.2_loss      0.3_acc       0.3_loss      0.4_acc       0.4_loss      0.5_acc       0.5_loss      0.6_acc       0.6_loss      0.7_acc       0.7_loss      0.8_acc       0.8_loss      0.9_acc       0.9_loss      1.0_acc       1.0_loss      avg_step_tim  epoch         erm_loss      loss          mem_gb        penalty       step         
0.7212000000  0.7245302796  0.7022000000  0.7854068279  0.7002000000  0.8062644005  0.6818000000  0.8496806622  0.6746000000  0.8882530928  0.6543000000  0.9600172639  0.6491000000  0.9890101552  0.6397000000  1.0367236137  0.6252000000  1.0625963211  0.6219000000  1.0940066576  0.6043000000  1.1332364082  0.0143386822  6250.0000000  0.2868494093  0.0005087396  0.2862257957  0.0002218902  500          
0.0_acc       0.0_loss      0.1_acc       0.1_loss      0.2_acc       0.2_loss      0.3_acc       0.3_loss      0.4_acc       0.4_loss      0.5_acc       0.5_loss      0.6_acc       0.6_loss      0.7_acc       0.7_loss      0.8_acc       0.8_loss      0.9_acc       0.9_loss      1.0_acc       1.0_loss      avg_step_tim  epoch         erm_loss      loss          mem_gb        penalty       step         
0.7270000000  0.7106471062  0.7076000000  0.7762015462  0.7040000000  0.8024468422  0.6844000000  0.8498543501  0.6761000000  0.8936443329  0.6542000000  0.9714949131  0.6487000000  1.0035828352  0.6380000000  1.0578846931  0.6231000000  1.0884032249  0.6184000000  1.1249153614  0.5991000000  1.1683219671  0.0171861276  6875.0000000  0.2777980864  0.0003378551  0.2862257957  0.0000600570  550          
0.0_acc       0.0_loss      0.1_acc       0.1_loss      0.2_acc       0.2_loss      0.3_acc       0.3_loss      0.4_acc       0.4_loss      0.5_acc       0.5_loss      0.6_acc       0.6_loss      0.7_acc       0.7_loss      0.8_acc       0.8_loss      0.9_acc       0.9_loss      1.0_acc       1.0_loss      avg_step_tim  epoch         erm_loss      loss          mem_gb        penalty       step         
0.7182000000  0.7367746830  0.7005000000  0.7965335846  0.6990000000  0.8154385686  0.6821000000  0.8568630815  0.6751000000  0.8943030834  0.6566000000  0.9658337831  0.6514000000  0.9915417433  0.6418000000  1.0386155844  0.6291000000  1.0628329515  0.6249000000  1.0923066139  0.6075000000  1.1301552057  0.0177961282  7500.0000000  0.2777622938  0.0003408456  0.2862257957  0.0000630833  600          
[0.95, 0.96, 0.99, 1.01, 1.02, 1.04, 1.06, 1.08, 1.1, 1.12, 1.14]

final accuracies:
0.0    0.1    0.2    0.3    0.4    0.5    0.6    0.7    0.8    0.9    1.0   
0.714  0.711  0.692  0.678  0.669  0.663  0.654  0.641  0.630  0.622  0.610 
[0.95, 0.96, 0.99, 1.01, 1.02, 1.04, 1.06, 1.08, 1.1, 1.12, 1.14]

best accuracies:
0.0    0.1    0.2    0.3    0.4    0.5    0.6    0.7    0.8    0.9    1.0   
0.714  0.711  0.692  0.678  0.669  0.663  0.654  0.641  0.630  0.622  0.610 
Args:
	algorithm: groupdro
	alpha: 0.4
	batch_size: 25000
	data_dir: ..\data
	deterministic: False
	dropout_p: 0.2
	erm_pretrain_iters: 400
	eval_freq: 50
	exp_name: e3b_tail_support
	full_resolution: False
	groupdro_eta: 0.1
	loss_fn: nll
	lr: 0.0001
	lr_cos_sched: True
	lr_factor_reduction: 1
	mlp_hidden_dim: 390
	n_workers: 0
	network: FiLMedMLP
	other_arg: default
	output_dir: ..\results\E3b_tail_support
	penalty_weight: 1000
	save_ckpts: True
	seed: 1
	steps: 1000
	tail_support_condition: balanced_visible
	tail_support_head_env: 0.1
	tail_support_source_envs: 0.1,0.2,0.5,0.9
	tail_support_source_envs_parsed: (0.1, 0.2, 0.5, 0.9)
	tail_support_tail_env: 0.9
	test_env_ms: 0.9
	test_envs: 0.0,0.1,0.2,0.3,0.4,0.5,0.6,0.7,0.8,0.9,1.0
	train_env_ps: (0.1, 0.2, 0.5, 0.9)
	train_env_size_mode: random
	train_env_sizes: 2000,2000,2000,2000
	train_env_sizes_parsed: (2000, 2000, 2000, 2000)
	train_envs: 0.1,0.2,0.5,0.9
	weight_decay: 0
Train environment sample counts: [2000, 2000, 2000, 2000]
Requested train environments: [0.1, 0.2, 0.5, 0.9]
Active train environments: [0.1, 0.2, 0.5, 0.9]
Train domain count map: {'0.1': 2000, '0.2': 2000, '0.5': 2000, '0.9': 2000}
Empirical training prior map: {'0.1': 0.25, '0.2': 0.25, '0.5': 0.25, '0.9': 0.25}
train_sandbox.py:231: FutureWarning: You are using `torch.load` with `weights_only=False` (the current default value), which uses the default pickle module implicitly. It is possible to construct malicious pickle data which will execute arbitrary code during unpickling (See https://github.com/pytorch/pytorch/blob/main/SECURITY.md#untrusted-models for more details). In a future release, the default value for `weights_only` will be flipped to `True`. This limits the functions that could be executed during unpickling. Arbitrary objects will no longer be allowed to be loaded via this mode unless they are explicitly allowlisted by the user via `torch.serialization.add_safe_globals`. We recommend you start setting `weights_only=True` for any use case where you don't have full control of the loaded file. Please open an issue on GitHub for any issues related to this experimental feature.
  algorithm.load_state_dict(torch.load(erm_ckpt_pth, map_location=device), strict=False)
ERM-pretrained model loaded: 75153a2cb77e34bd6adb69c881ceb1ea.
0.0_acc       0.0_loss      0.1_acc       0.1_loss      0.2_acc       0.2_loss      0.3_acc       0.3_loss      0.4_acc       0.4_loss      0.5_acc       0.5_loss      0.6_acc       0.6_loss      0.7_acc       0.7_loss      0.8_acc       0.8_loss      0.9_acc       0.9_loss      1.0_acc       1.0_loss      avg_step_tim  epoch         loss          mem_gb        step         
0.7166000000  0.7033668756  0.6990000000  0.7631539106  0.6971000000  0.7875618935  0.6778000000  0.8302173615  0.6647000000  0.8724273443  0.6463000000  0.9431700706  0.6383000000  0.9723835588  0.6280000000  1.0167798996  0.6132000000  1.0481673479  0.6061000000  1.0783308744  0.5876000000  1.1171675920  0.0161820968  5625.0000000  0.2488201708  0.2566685677  450          
0.0_acc       0.0_loss      0.1_acc       0.1_loss      0.2_acc       0.2_loss      0.3_acc       0.3_loss      0.4_acc       0.4_loss      0.5_acc       0.5_loss      0.6_acc       0.6_loss      0.7_acc       0.7_loss      0.8_acc       0.8_loss      0.9_acc       0.9_loss      1.0_acc       1.0_loss      avg_step_tim  epoch         loss          mem_gb        step         
0.7139000000  0.7331404090  0.6975000000  0.7970464826  0.6945000000  0.8240056634  0.6739000000  0.8689495921  0.6613000000  0.9131605029  0.6428000000  0.9890391231  0.6366000000  1.0199989080  0.6239000000  1.0687142611  0.6106000000  1.1029086113  0.6008000000  1.1334474087  0.5843000000  1.1754741669  0.0161621580  6250.0000000  0.2222914696  0.2566690445  500          
0.0_acc       0.0_loss      0.1_acc       0.1_loss      0.2_acc       0.2_loss      0.3_acc       0.3_loss      0.4_acc       0.4_loss      0.5_acc       0.5_loss      0.6_acc       0.6_loss      0.7_acc       0.7_loss      0.8_acc       0.8_loss      0.9_acc       0.9_loss      1.0_acc       1.0_loss      avg_step_tim  epoch         loss          mem_gb        step         
0.7092000000  0.7782923579  0.6936000000  0.8438736200  0.6897000000  0.8689900041  0.6711000000  0.9129755497  0.6583000000  0.9561017156  0.6433000000  1.0328571796  0.6350000000  1.0646088123  0.6262000000  1.1114391088  0.6110000000  1.1449453831  0.6037000000  1.1724771261  0.5883000000  1.2144063711  0.0147998923  6875.0000000  0.2183950692  0.2566690445  550          
0.0_acc       0.0_loss      0.1_acc       0.1_loss      0.2_acc       0.2_loss      0.3_acc       0.3_loss      0.4_acc       0.4_loss      0.5_acc       0.5_loss      0.6_acc       0.6_loss      0.7_acc       0.7_loss      0.8_acc       0.8_loss      0.9_acc       0.9_loss      1.0_acc       1.0_loss      avg_step_tim  epoch         loss          mem_gb        step         
0.7102000000  0.7940509319  0.6931000000  0.8639749885  0.6912000000  0.8941753507  0.6693000000  0.9417601228  0.6578000000  0.9874935150  0.6409000000  1.0702917576  0.6305000000  1.1047110558  0.6211000000  1.1561088562  0.6052000000  1.1937601566  0.5975000000  1.2252782583  0.5823000000  1.2705553770  0.0133620862  7500.0000000  0.1919984221  0.2566690445  600          
0.0_acc       0.0_loss      0.1_acc       0.1_loss      0.2_acc       0.2_loss      0.3_acc       0.3_loss      0.4_acc       0.4_loss      0.5_acc       0.5_loss      0.6_acc       0.6_loss      0.7_acc       0.7_loss      0.8_acc       0.8_loss      0.9_acc       0.9_loss      1.0_acc       1.0_loss      avg_step_tim  epoch         loss          mem_gb        step         
0.7095000000  0.8223407865  0.6933000000  0.8954068422  0.6901000000  0.9279222488  0.6692000000  0.9776664972  0.6572000000  1.0231994390  0.6388000000  1.1105823517  0.6303000000  1.1465079784  0.6200000000  1.2014788389  0.6065000000  1.2409585714  0.5976000000  1.2728079557  0.5825000000  1.3206880093  0.0123309385  8125.0000000  0.1837676466  0.2566690445  650          
0.0_acc       0.0_loss      0.1_acc       0.1_loss      0.2_acc       0.2_loss      0.3_acc       0.3_loss      0.4_acc       0.4_loss      0.5_acc       0.5_loss      0.6_acc       0.6_loss      0.7_acc       0.7_loss      0.8_acc       0.8_loss      0.9_acc       0.9_loss      1.0_acc       1.0_loss      avg_step_tim  epoch         loss          mem_gb        step         
0.7128000000  0.8244192004  0.6966000000  0.9037358165  0.6920000000  0.9425644279  0.6687000000  0.9976134300  0.6575000000  1.0492398739  0.6365000000  1.1443140507  0.6283000000  1.1848300695  0.6176000000  1.2449421883  0.6022000000  1.2916303873  0.5928000000  1.3285185099  0.5752000000  1.3815706968  0.0120514345  8750.0000000  0.1694933772  0.2566690445  700          
0.0_acc       0.0_loss      0.1_acc       0.1_loss      0.2_acc       0.2_loss      0.3_acc       0.3_loss      0.4_acc       0.4_loss      0.5_acc       0.5_loss      0.6_acc       0.6_loss      0.7_acc       0.7_loss      0.8_acc       0.8_loss      0.9_acc       0.9_loss      1.0_acc       1.0_loss      avg_step_tim  epoch         loss          mem_gb        step         
0.7103000000  0.8473185301  0.6945000000  0.9278287888  0.6906000000  0.9653155804  0.6687000000  1.0198291540  0.6559000000  1.0702540874  0.6380000000  1.1660708189  0.6283000000  1.2073619366  0.6179000000  1.2667857409  0.6026000000  1.3120257854  0.5938000000  1.3477108479  0.5773000000  1.4011827707  0.0114440393  9375.0000000  0.1745200753  0.2566690445  750          
0.0_acc       0.0_loss      0.1_acc       0.1_loss      0.2_acc       0.2_loss      0.3_acc       0.3_loss      0.4_acc       0.4_loss      0.5_acc       0.5_loss      0.6_acc       0.6_loss      0.7_acc       0.7_loss      0.8_acc       0.8_loss      0.9_acc       0.9_loss      1.0_acc       1.0_loss      avg_step_tim  epoch         loss          mem_gb        step         
0.7127000000  0.8461992741  0.6950000000  0.9292094707  0.6902000000  0.9706393480  0.6680000000  1.0287179947  0.6572000000  1.0831959248  0.6355000000  1.1825113297  0.6245000000  1.2264666557  0.6155000000  1.2901772261  0.5981000000  1.3394019604  0.5894000000  1.3785407543  0.5725000000  1.4333798885  0.0104861194  10000.000000  0.1615743339  0.2566690445  800          
0.0_acc       0.0_loss      0.1_acc       0.1_loss      0.2_acc       0.2_loss      0.3_acc       0.3_loss      0.4_acc       0.4_loss      0.5_acc       0.5_loss      0.6_acc       0.6_loss      0.7_acc       0.7_loss      0.8_acc       0.8_loss      0.9_acc       0.9_loss      1.0_acc       1.0_loss      avg_step_tim  epoch         loss          mem_gb        step         
0.7158000000  0.8402110934  0.6983000000  0.9274573922  0.6923000000  0.9722734094  0.6696000000  1.0347156525  0.6582000000  1.0917067528  0.6352000000  1.1956307888  0.6250000000  1.2435765266  0.6139000000  1.3106610775  0.5959000000  1.3644021749  0.5869000000  1.4058018923  0.5696000000  1.4657509327  0.0096710149  10625.000000  0.1550145149  0.2566690445  850          
0.0_acc       0.0_loss      0.1_acc       0.1_loss      0.2_acc       0.2_loss      0.3_acc       0.3_loss      0.4_acc       0.4_loss      0.5_acc       0.5_loss      0.6_acc       0.6_loss      0.7_acc       0.7_loss      0.8_acc       0.8_loss      0.9_acc       0.9_loss      1.0_acc       1.0_loss      avg_step_tim  epoch         loss          mem_gb        step         
0.7134000000  0.8529372811  0.6960000000  0.9385066032  0.6911000000  0.9813113809  0.6686000000  1.0421073437  0.6583000000  1.0974098444  0.6349000000  1.2000627518  0.6255000000  1.2462165356  0.6155000000  1.3114384413  0.5981000000  1.3630976677  0.5882000000  1.4029185772  0.5714000000  1.4610635042  0.0094874954  11250.000000  0.1514532864  0.2566690445  900          
0.0_acc       0.0_loss      0.1_acc       0.1_loss      0.2_acc       0.2_loss      0.3_acc       0.3_loss      0.4_acc       0.4_loss      0.5_acc       0.5_loss      0.6_acc       0.6_loss      0.7_acc       0.7_loss      0.8_acc       0.8_loss      0.9_acc       0.9_loss      1.0_acc       1.0_loss      avg_step_tim  epoch         loss          mem_gb        step         
0.7155000000  0.8503544927  0.6978000000  0.9372378588  0.6918000000  0.9815050364  0.6695000000  1.0433726311  0.6582000000  1.0995386839  0.6346000000  1.2037281990  0.6248000000  1.2510182858  0.6143000000  1.3176478148  0.5968000000  1.3705743551  0.5865000000  1.4116848707  0.5697000000  1.4708203077  0.0107166639  11875.000000  0.1562996954  0.2566690445  950          
0.0_acc       0.0_loss      0.1_acc       0.1_loss      0.2_acc       0.2_loss      0.3_acc       0.3_loss      0.4_acc       0.4_loss      0.5_acc       0.5_loss      0.6_acc       0.6_loss      0.7_acc       0.7_loss      0.8_acc       0.8_loss      0.9_acc       0.9_loss      1.0_acc       1.0_loss      avg_step_tim  epoch         loss          mem_gb        step         
0.7137000000  0.8541185260  0.6965000000  0.9401091337  0.6915000000  0.9835518599  0.6688000000  1.0446354151  0.6578000000  1.0998250246  0.6349000000  1.2031931877  0.6253000000  1.2496528625  0.6150000000  1.3153438568  0.5979000000  1.3673844337  0.5878000000  1.4076879025  0.5711000000  1.4659888744  0.0092952127  12500.000000  0.1511284262  0.2566690445  1000         
[1.18, 1.21, 1.24, 1.27, 1.3, 1.33, 1.36, 1.39, 1.42, 1.45, 1.48]

final accuracies:
0.0    0.1    0.2    0.3    0.4    0.5    0.6    0.7    0.8    0.9    1.0   
0.716  0.708  0.683  0.669  0.651  0.642  0.629  0.614  0.599  0.587  0.568 
[0.92, 0.94, 0.97, 0.99, 1.01, 1.02, 1.05, 1.07, 1.09, 1.1, 1.12]

best accuracies:
0.0    0.1    0.2    0.3    0.4    0.5    0.6    0.7    0.8    0.9    1.0   
0.713  0.707  0.686  0.673  0.659  0.649  0.641  0.628  0.613  0.604  0.589 
Args:
	algorithm: iro
	alpha: 0.4
	batch_size: 25000
	data_dir: ..\data
	deterministic: False
	dropout_p: 0.2
	erm_pretrain_iters: 400
	eval_freq: 50
	exp_name: e3b_tail_support
	full_resolution: False
	groupdro_eta: 1.0
	loss_fn: nll
	lr: 0.0001
	lr_cos_sched: True
	lr_factor_reduction: 1
	mlp_hidden_dim: 390
	n_workers: 0
	network: FiLMedMLP
	other_arg: default
	output_dir: ..\results\E3b_tail_support
	penalty_weight: 1000
	save_ckpts: True
	seed: 1
	steps: 600
	tail_support_condition: balanced_visible
	tail_support_head_env: 0.1
	tail_support_source_envs: 0.1,0.2,0.5,0.9
	tail_support_source_envs_parsed: (0.1, 0.2, 0.5, 0.9)
	tail_support_tail_env: 0.9
	test_env_ms: 0.9
	test_envs: 0.0,0.1,0.2,0.3,0.4,0.5,0.6,0.7,0.8,0.9,1.0
	train_env_ps: (0.1, 0.2, 0.5, 0.9)
	train_env_size_mode: random
	train_env_sizes: 2000,2000,2000,2000
	train_env_sizes_parsed: (2000, 2000, 2000, 2000)
	train_envs: 0.1,0.2,0.5,0.9
	weight_decay: 0
Train environment sample counts: [2000, 2000, 2000, 2000]
Requested train environments: [0.1, 0.2, 0.5, 0.9]
Active train environments: [0.1, 0.2, 0.5, 0.9]
Train domain count map: {'0.1': 2000, '0.2': 2000, '0.5': 2000, '0.9': 2000}
Empirical training prior map: {'0.1': 0.25, '0.2': 0.25, '0.5': 0.25, '0.9': 0.25}
train_sandbox.py:231: FutureWarning: You are using `torch.load` with `weights_only=False` (the current default value), which uses the default pickle module implicitly. It is possible to construct malicious pickle data which will execute arbitrary code during unpickling (See https://github.com/pytorch/pytorch/blob/main/SECURITY.md#untrusted-models for more details). In a future release, the default value for `weights_only` will be flipped to `True`. This limits the functions that could be executed during unpickling. Arbitrary objects will no longer be allowed to be loaded via this mode unless they are explicitly allowlisted by the user via `torch.serialization.add_safe_globals`. We recommend you start setting `weights_only=True` for any use case where you don't have full control of the loaded file. Please open an issue on GitHub for any issues related to this experimental feature.
  algorithm.load_state_dict(torch.load(erm_ckpt_pth, map_location=device), strict=False)
ERM-pretrained model loaded: 75153a2cb77e34bd6adb69c881ceb1ea.
Traceback (most recent call last):
  File "train_sandbox.py", line 285, in <module>
    results[env_name + '_acc'] = misc.accuracy(algorithm, env_loader, device, alpha=h_alphas_train[i])
IndexError: list index out of range
Args:
	algorithm: inftask
	alpha: 0.4
	batch_size: 25000
	data_dir: ..\data
	deterministic: False
	dropout_p: 0.2
	erm_pretrain_iters: 400
	eval_freq: 50
	exp_name: e3b_tail_support
	full_resolution: False
	groupdro_eta: 1.0
	loss_fn: nll
	lr: 0.0001
	lr_cos_sched: True
	lr_factor_reduction: 1
	mlp_hidden_dim: 390
	n_workers: 0
	network: FiLMedMLP
	other_arg: default
	output_dir: ..\results\E3b_tail_support
	penalty_weight: 1000
	save_ckpts: True
	seed: 1
	steps: 600
	tail_support_condition: balanced_visible
	tail_support_head_env: 0.1
	tail_support_source_envs: 0.1,0.2,0.5,0.9
	tail_support_source_envs_parsed: (0.1, 0.2, 0.5, 0.9)
	tail_support_tail_env: 0.9
	test_env_ms: 0.9
	test_envs: 0.0,0.1,0.2,0.3,0.4,0.5,0.6,0.7,0.8,0.9,1.0
	train_env_ps: (0.1, 0.2, 0.5, 0.9)
	train_env_size_mode: random
	train_env_sizes: 2000,2000,2000,2000
	train_env_sizes_parsed: (2000, 2000, 2000, 2000)
	train_envs: 0.1,0.2,0.5,0.9
	weight_decay: 0
Train environment sample counts: [2000, 2000, 2000, 2000]
Requested train environments: [0.1, 0.2, 0.5, 0.9]
Active train environments: [0.1, 0.2, 0.5, 0.9]
Train domain count map: {'0.1': 2000, '0.2': 2000, '0.5': 2000, '0.9': 2000}
Empirical training prior map: {'0.1': 0.25, '0.2': 0.25, '0.5': 0.25, '0.9': 0.25}
train_sandbox.py:231: FutureWarning: You are using `torch.load` with `weights_only=False` (the current default value), which uses the default pickle module implicitly. It is possible to construct malicious pickle data which will execute arbitrary code during unpickling (See https://github.com/pytorch/pytorch/blob/main/SECURITY.md#untrusted-models for more details). In a future release, the default value for `weights_only` will be flipped to `True`. This limits the functions that could be executed during unpickling. Arbitrary objects will no longer be allowed to be loaded via this mode unless they are explicitly allowlisted by the user via `torch.serialization.add_safe_globals`. We recommend you start setting `weights_only=True` for any use case where you don't have full control of the loaded file. Please open an issue on GitHub for any issues related to this experimental feature.
  algorithm.load_state_dict(torch.load(erm_ckpt_pth, map_location=device), strict=False)
ERM-pretrained model loaded: 75153a2cb77e34bd6adb69c881ceb1ea.
Traceback (most recent call last):
  File "train_sandbox.py", line 285, in <module>
    results[env_name + '_acc'] = misc.accuracy(algorithm, env_loader, device, alpha=h_alphas_train[i])
IndexError: list index out of range
Args:
	algorithm: erm
	alpha: 0.4
	batch_size: 25000
	data_dir: ..\data
	deterministic: False
	dropout_p: 0.2
	erm_pretrain_iters: 0
	eval_freq: 50
	exp_name: e3b_tail_support
	full_resolution: False
	groupdro_eta: 1.0
	loss_fn: nll
	lr: 0.0001
	lr_cos_sched: False
	lr_factor_reduction: 1
	mlp_hidden_dim: 390
	n_workers: 0
	network: FiLMedMLP
	other_arg: default
	output_dir: ..\results\E3b_tail_support
	penalty_weight: 1000
	save_ckpts: False
	seed: 1
	steps: 600
	tail_support_condition: long_tail_visible
	tail_support_head_env: 0.1
	tail_support_source_envs: 0.1,0.2,0.5,0.9
	tail_support_source_envs_parsed: (0.1, 0.2, 0.5, 0.9)
	tail_support_tail_env: 0.9
	test_env_ms: 0.9
	test_envs: 0.0,0.1,0.2,0.3,0.4,0.5,0.6,0.7,0.8,0.9,1.0
	train_env_ps: (0.1, 0.2, 0.5, 0.9)
	train_env_size_mode: random
	train_env_sizes: 5000,2000,800,200
	train_env_sizes_parsed: (5000, 2000, 800, 200)
	train_envs: 0.1,0.2,0.5,0.9
	weight_decay: 0
Train environment sample counts: [5000, 2000, 800, 200]
Requested train environments: [0.1, 0.2, 0.5, 0.9]
Active train environments: [0.1, 0.2, 0.5, 0.9]
Train domain count map: {'0.1': 5000, '0.2': 2000, '0.5': 800, '0.9': 200}
Empirical training prior map: {'0.1': 0.625, '0.2': 0.25, '0.5': 0.1, '0.9': 0.025}
0.0_acc       0.0_loss      0.1_acc       0.1_loss      0.2_acc       0.2_loss      0.3_acc       0.3_loss      0.4_acc       0.4_loss      0.5_acc       0.5_loss      0.6_acc       0.6_loss      0.7_acc       0.7_loss      0.8_acc       0.8_loss      0.9_acc       0.9_loss      1.0_acc       1.0_loss      avg_step_tim  epoch         loss          mem_gb        step         
1.0000000000  0.1965447068  0.9011000000  0.3455598056  0.8029000000  0.4894627929  0.7012000000  0.6434216499  0.6027000000  0.7857016325  0.5003000000  0.9412670732  0.4046000000  1.0821683407  0.3020000000  1.2391774654  0.1954000000  1.4000933170  0.0984000000  1.5443563461  0.0000000000  1.6898733377  0.1544870758  625.00000000  0.4706950486  0.2879672050  50           
0.0_acc       0.0_loss      0.1_acc       0.1_loss      0.2_acc       0.2_loss      0.3_acc       0.3_loss      0.4_acc       0.4_loss      0.5_acc       0.5_loss      0.6_acc       0.6_loss      0.7_acc       0.7_loss      0.8_acc       0.8_loss      0.9_acc       0.9_loss      1.0_acc       1.0_loss      avg_step_tim  epoch         loss          mem_gb        step         
0.9960000000  0.1923980117  0.8978000000  0.3333786130  0.8029000000  0.4661335945  0.7026000000  0.6107193232  0.6059000000  0.7423877120  0.5025000000  0.8919104338  0.4098000000  1.0225876570  0.3105000000  1.1760640144  0.2054000000  1.3215345144  0.1094000000  1.4541177750  0.0138000000  1.5913150311  0.0673281050  1250.0000000  0.4409756660  0.2879672050  100          
0.0_acc       0.0_loss      0.1_acc       0.1_loss      0.2_acc       0.2_loss      0.3_acc       0.3_loss      0.4_acc       0.4_loss      0.5_acc       0.5_loss      0.6_acc       0.6_loss      0.7_acc       0.7_loss      0.8_acc       0.8_loss      0.9_acc       0.9_loss      1.0_acc       1.0_loss      avg_step_tim  epoch         loss          mem_gb        step         
0.9816000000  0.1842327863  0.8873000000  0.3283355832  0.8004000000  0.4598185420  0.7045000000  0.6030924916  0.6128000000  0.7368479371  0.5137000000  0.8889885545  0.4285000000  1.0207149982  0.3306000000  1.1744763851  0.2319000000  1.3164703846  0.1412000000  1.4494570494  0.0521000000  1.5867744684  0.0429346641  1875.0000000  0.4120507538  0.2879672050  150          
0.0_acc       0.0_loss      0.1_acc       0.1_loss      0.2_acc       0.2_loss      0.3_acc       0.3_loss      0.4_acc       0.4_loss      0.5_acc       0.5_loss      0.6_acc       0.6_loss      0.7_acc       0.7_loss      0.8_acc       0.8_loss      0.9_acc       0.9_loss      1.0_acc       1.0_loss      avg_step_tim  epoch         loss          mem_gb        step         
0.9703000000  0.1787369847  0.8795000000  0.3279829621  0.7976000000  0.4621387720  0.7069000000  0.6079146862  0.6220000000  0.7491919994  0.5268000000  0.9055882692  0.4442000000  1.0398653746  0.3521000000  1.1979659796  0.2600000000  1.3410451412  0.1762000000  1.4793652296  0.0884000000  1.6178718805  0.0496062446  2500.0000000  0.3841392398  0.2879672050  200          
0.0_acc       0.0_loss      0.1_acc       0.1_loss      0.2_acc       0.2_loss      0.3_acc       0.3_loss      0.4_acc       0.4_loss      0.5_acc       0.5_loss      0.6_acc       0.6_loss      0.7_acc       0.7_loss      0.8_acc       0.8_loss      0.9_acc       0.9_loss      1.0_acc       1.0_loss      avg_step_tim  epoch         loss          mem_gb        step         
0.9569000000  0.1733743101  0.8719000000  0.3331411779  0.7937000000  0.4769399166  0.7063000000  0.6299191117  0.6253000000  0.7879825830  0.5369000000  0.9525885582  0.4611000000  1.0925050974  0.3737000000  1.2633026838  0.2838000000  1.4160645008  0.2084000000  1.5642987490  0.1254000000  1.7097107172  0.0249011889  3125.0000000  0.3433282077  0.2879672050  250          
0.0_acc       0.0_loss      0.1_acc       0.1_loss      0.2_acc       0.2_loss      0.3_acc       0.3_loss      0.4_acc       0.4_loss      0.5_acc       0.5_loss      0.6_acc       0.6_loss      0.7_acc       0.7_loss      0.8_acc       0.8_loss      0.9_acc       0.9_loss      1.0_acc       1.0_loss      avg_step_tim  epoch         loss          mem_gb        step         
0.9452000000  0.1684804708  0.8598000000  0.3473224044  0.7901000000  0.5088624954  0.7068000000  0.6774934530  0.6295000000  0.8608975410  0.5488000000  1.0427416563  0.4736000000  1.1950380802  0.3932000000  1.3877304792  0.3093000000  1.5596705675  0.2329000000  1.7244592905  0.1566000000  1.8838288784  0.0331517482  3750.0000000  0.2973798811  0.2879672050  300          
0.0_acc       0.0_loss      0.1_acc       0.1_loss      0.2_acc       0.2_loss      0.3_acc       0.3_loss      0.4_acc       0.4_loss      0.5_acc       0.5_loss      0.6_acc       0.6_loss      0.7_acc       0.7_loss      0.8_acc       0.8_loss      0.9_acc       0.9_loss      1.0_acc       1.0_loss      avg_step_tim  epoch         loss          mem_gb        step         
0.9356000000  0.1724721193  0.8544000000  0.3737888932  0.7867000000  0.5568634868  0.7072000000  0.7442249060  0.6327000000  0.9565955997  0.5567000000  1.1598727703  0.4851000000  1.3267925978  0.4048000000  1.5441267490  0.3250000000  1.7422738075  0.2524000000  1.9239070415  0.1805000000  2.1025750637  0.0290475559  4375.0000000  0.2463671714  0.2879672050  350          
0.0_acc       0.0_loss      0.1_acc       0.1_loss      0.2_acc       0.2_loss      0.3_acc       0.3_loss      0.4_acc       0.4_loss      0.5_acc       0.5_loss      0.6_acc       0.6_loss      0.7_acc       0.7_loss      0.8_acc       0.8_loss      0.9_acc       0.9_loss      1.0_acc       1.0_loss      avg_step_tim  epoch         loss          mem_gb        step         
0.9269000000  0.1778594255  0.8498000000  0.4070609510  0.7814000000  0.6194887757  0.7032000000  0.8337390423  0.6338000000  1.0797058344  0.5569000000  1.3129997253  0.4890000000  1.4987370968  0.4133000000  1.7514083385  0.3349000000  1.9785019159  0.2649000000  2.1879992485  0.1928000000  2.3884119987  0.0219269174  5000.0000000  0.2023827285  0.2879672050  400          
0.0_acc       0.0_loss      0.1_acc       0.1_loss      0.2_acc       0.2_loss      0.3_acc       0.3_loss      0.4_acc       0.4_loss      0.5_acc       0.5_loss      0.6_acc       0.6_loss      0.7_acc       0.7_loss      0.8_acc       0.8_loss      0.9_acc       0.9_loss      1.0_acc       1.0_loss      avg_step_tim  epoch         loss          mem_gb        step         
0.9218000000  0.1865920424  0.8488000000  0.4429189265  0.7794000000  0.6813879013  0.7049000000  0.9194570184  0.6362000000  1.1976802349  0.5585000000  1.4594063759  0.4948000000  1.6623167992  0.4173000000  1.9460450411  0.3403000000  2.2028615475  0.2724000000  2.4363508224  0.2027000000  2.6624853611  0.0212018707  5625.0000000  0.1681129783  0.2879672050  450          
0.0_acc       0.0_loss      0.1_acc       0.1_loss      0.2_acc       0.2_loss      0.3_acc       0.3_loss      0.4_acc       0.4_loss      0.5_acc       0.5_loss      0.6_acc       0.6_loss      0.7_acc       0.7_loss      0.8_acc       0.8_loss      0.9_acc       0.9_loss      1.0_acc       1.0_loss      avg_step_tim  epoch         loss          mem_gb        step         
0.9161000000  0.1962782890  0.8441000000  0.4811322987  0.7784000000  0.7477020025  0.7033000000  1.0095875263  0.6366000000  1.3204615116  0.5622000000  1.6133415699  0.4984000000  1.8364187479  0.4229000000  2.1503484249  0.3452000000  2.4385130405  0.2797000000  2.6987459660  0.2104000000  2.9494185448  0.0207777548  6250.0000000  0.1352543980  0.2879672050  500          
0.0_acc       0.0_loss      0.1_acc       0.1_loss      0.2_acc       0.2_loss      0.3_acc       0.3_loss      0.4_acc       0.4_loss      0.5_acc       0.5_loss      0.6_acc       0.6_loss      0.7_acc       0.7_loss      0.8_acc       0.8_loss      0.9_acc       0.9_loss      1.0_acc       1.0_loss      avg_step_tim  epoch         loss          mem_gb        step         
0.9154000000  0.2040812522  0.8440000000  0.5188128352  0.7767000000  0.8175089359  0.7049000000  1.1103795767  0.6353000000  1.4563585520  0.5585000000  1.7788820267  0.4941000000  2.0264370441  0.4203000000  2.3781878948  0.3451000000  2.6928687096  0.2769000000  2.9898765087  0.2081000000  3.2651357651  0.0151716358  6875.0000000  0.1153356954  0.2879672050  550          
0.0_acc       0.0_loss      0.1_acc       0.1_loss      0.2_acc       0.2_loss      0.3_acc       0.3_loss      0.4_acc       0.4_loss      0.5_acc       0.5_loss      0.6_acc       0.6_loss      0.7_acc       0.7_loss      0.8_acc       0.8_loss      0.9_acc       0.9_loss      1.0_acc       1.0_loss      avg_step_tim  epoch         loss          mem_gb        step         
0.9144000000  0.2114309520  0.8439000000  0.5543617606  0.7778000000  0.8790816069  0.7046000000  1.1990251541  0.6370000000  1.5765167475  0.5599000000  1.9328620434  0.4954000000  2.1971604824  0.4206000000  2.5802061558  0.3462000000  2.9298162460  0.2770000000  3.2482652664  0.2087000000  3.5519545078  0.0151136553  7500.0000000  0.0976222232  0.2879672050  600          
[1.89, 2.06, 2.23, 2.4, 2.57, 2.73, 2.9, 3.07, 3.24, 3.4, 3.56]

final accuracies:
0.0    0.1    0.2    0.3    0.4    0.5    0.6    0.7    0.8    0.9    1.0   
0.920  0.848  0.772  0.701  0.632  0.553  0.486  0.416  0.340  0.267  0.197 
[1.59, 1.73, 1.87, 2.01, 2.14, 2.28, 2.42, 2.56, 2.7, 2.83, 2.96]

best accuracies:
0.0    0.1    0.2    0.3    0.4    0.5    0.6    0.7    0.8    0.9    1.0   
0.921  0.850  0.772  0.704  0.634  0.554  0.490  0.419  0.344  0.269  0.200 
Args:
	algorithm: irm
	alpha: 0.4
	batch_size: 25000
	data_dir: ..\data
	deterministic: False
	dropout_p: 0.2
	erm_pretrain_iters: 400
	eval_freq: 50
	exp_name: e3b_tail_support
	full_resolution: False
	groupdro_eta: 1.0
	loss_fn: nll
	lr: 0.0001
	lr_cos_sched: True
	lr_factor_reduction: 1
	mlp_hidden_dim: 390
	n_workers: 0
	network: FiLMedMLP
	other_arg: default
	output_dir: ..\results\E3b_tail_support
	penalty_weight: 1000.0
	save_ckpts: True
	seed: 1
	steps: 600
	tail_support_condition: long_tail_visible
	tail_support_head_env: 0.1
	tail_support_source_envs: 0.1,0.2,0.5,0.9
	tail_support_source_envs_parsed: (0.1, 0.2, 0.5, 0.9)
	tail_support_tail_env: 0.9
	test_env_ms: 0.9
	test_envs: 0.0,0.1,0.2,0.3,0.4,0.5,0.6,0.7,0.8,0.9,1.0
	train_env_ps: (0.1, 0.2, 0.5, 0.9)
	train_env_size_mode: random
	train_env_sizes: 5000,2000,800,200
	train_env_sizes_parsed: (5000, 2000, 800, 200)
	train_envs: 0.1,0.2,0.5,0.9
	weight_decay: 0
Train environment sample counts: [5000, 2000, 800, 200]
Requested train environments: [0.1, 0.2, 0.5, 0.9]
Active train environments: [0.1, 0.2, 0.5, 0.9]
Train domain count map: {'0.1': 5000, '0.2': 2000, '0.5': 800, '0.9': 200}
Empirical training prior map: {'0.1': 0.625, '0.2': 0.25, '0.5': 0.1, '0.9': 0.025}
0.0_acc       0.0_loss      0.1_acc       0.1_loss      0.2_acc       0.2_loss      0.3_acc       0.3_loss      0.4_acc       0.4_loss      0.5_acc       0.5_loss      0.6_acc       0.6_loss      0.7_acc       0.7_loss      0.8_acc       0.8_loss      0.9_acc       0.9_loss      1.0_acc       1.0_loss      avg_step_tim  epoch         loss          mem_gb        step         
1.0000000000  0.1965447068  0.9011000000  0.3455598056  0.8029000000  0.4894627929  0.7012000000  0.6434216499  0.6027000000  0.7857016325  0.5003000000  0.9412670732  0.4046000000  1.0821683407  0.3020000000  1.2391774654  0.1954000000  1.4000933170  0.0984000000  1.5443563461  0.0000000000  1.6898733377  0.1470754528  625.00000000  0.4706950486  0.2879672050  50           
0.0_acc       0.0_loss      0.1_acc       0.1_loss      0.2_acc       0.2_loss      0.3_acc       0.3_loss      0.4_acc       0.4_loss      0.5_acc       0.5_loss      0.6_acc       0.6_loss      0.7_acc       0.7_loss      0.8_acc       0.8_loss      0.9_acc       0.9_loss      1.0_acc       1.0_loss      avg_step_tim  epoch         loss          mem_gb        step         
0.9960000000  0.1923980117  0.8978000000  0.3333786130  0.8029000000  0.4661335945  0.7026000000  0.6107193232  0.6059000000  0.7423877120  0.5025000000  0.8919104338  0.4098000000  1.0225876570  0.3105000000  1.1760640144  0.2054000000  1.3215345144  0.1094000000  1.4541177750  0.0138000000  1.5913150311  0.0872754073  1250.0000000  0.4409756660  0.2879672050  100          
0.0_acc       0.0_loss      0.1_acc       0.1_loss      0.2_acc       0.2_loss      0.3_acc       0.3_loss      0.4_acc       0.4_loss      0.5_acc       0.5_loss      0.6_acc       0.6_loss      0.7_acc       0.7_loss      0.8_acc       0.8_loss      0.9_acc       0.9_loss      1.0_acc       1.0_loss      avg_step_tim  epoch         loss          mem_gb        step         
0.9816000000  0.1842327863  0.8873000000  0.3283355832  0.8004000000  0.4598185420  0.7045000000  0.6030924916  0.6128000000  0.7368479371  0.5137000000  0.8889885545  0.4285000000  1.0207149982  0.3306000000  1.1744763851  0.2319000000  1.3164703846  0.1412000000  1.4494570494  0.0521000000  1.5867744684  0.0678988663  1875.0000000  0.4120507538  0.2879672050  150          
0.0_acc       0.0_loss      0.1_acc       0.1_loss      0.2_acc       0.2_loss      0.3_acc       0.3_loss      0.4_acc       0.4_loss      0.5_acc       0.5_loss      0.6_acc       0.6_loss      0.7_acc       0.7_loss      0.8_acc       0.8_loss      0.9_acc       0.9_loss      1.0_acc       1.0_loss      avg_step_tim  epoch         loss          mem_gb        step         
0.9703000000  0.1787369847  0.8795000000  0.3279829621  0.7976000000  0.4621387720  0.7069000000  0.6079146862  0.6220000000  0.7491919994  0.5268000000  0.9055882692  0.4442000000  1.0398653746  0.3521000000  1.1979659796  0.2600000000  1.3410451412  0.1762000000  1.4793652296  0.0884000000  1.6178718805  0.0439252687  2500.0000000  0.3841392398  0.2879672050  200          
0.0_acc       0.0_loss      0.1_acc       0.1_loss      0.2_acc       0.2_loss      0.3_acc       0.3_loss      0.4_acc       0.4_loss      0.5_acc       0.5_loss      0.6_acc       0.6_loss      0.7_acc       0.7_loss      0.8_acc       0.8_loss      0.9_acc       0.9_loss      1.0_acc       1.0_loss      avg_step_tim  epoch         loss          mem_gb        step         
0.9569000000  0.1733743101  0.8719000000  0.3331411779  0.7937000000  0.4769399166  0.7063000000  0.6299191117  0.6253000000  0.7879825830  0.5369000000  0.9525885582  0.4611000000  1.0925050974  0.3737000000  1.2633026838  0.2838000000  1.4160645008  0.2084000000  1.5642987490  0.1254000000  1.7097107172  0.0360948343  3125.0000000  0.3433282077  0.2879672050  250          
0.0_acc       0.0_loss      0.1_acc       0.1_loss      0.2_acc       0.2_loss      0.3_acc       0.3_loss      0.4_acc       0.4_loss      0.5_acc       0.5_loss      0.6_acc       0.6_loss      0.7_acc       0.7_loss      0.8_acc       0.8_loss      0.9_acc       0.9_loss      1.0_acc       1.0_loss      avg_step_tim  epoch         loss          mem_gb        step         
0.9452000000  0.1684804708  0.8598000000  0.3473224044  0.7901000000  0.5088624954  0.7068000000  0.6774934530  0.6295000000  0.8608975410  0.5488000000  1.0427416563  0.4736000000  1.1950380802  0.3932000000  1.3877304792  0.3093000000  1.5596705675  0.2329000000  1.7244592905  0.1566000000  1.8838288784  0.0293199054  3750.0000000  0.2973798811  0.2879672050  300          
0.0_acc       0.0_loss      0.1_acc       0.1_loss      0.2_acc       0.2_loss      0.3_acc       0.3_loss      0.4_acc       0.4_loss      0.5_acc       0.5_loss      0.6_acc       0.6_loss      0.7_acc       0.7_loss      0.8_acc       0.8_loss      0.9_acc       0.9_loss      1.0_acc       1.0_loss      avg_step_tim  epoch         loss          mem_gb        step         
0.9356000000  0.1724721193  0.8544000000  0.3737888932  0.7867000000  0.5568634868  0.7072000000  0.7442249060  0.6327000000  0.9565955997  0.5567000000  1.1598727703  0.4851000000  1.3267925978  0.4048000000  1.5441267490  0.3250000000  1.7422738075  0.2524000000  1.9239070415  0.1805000000  2.1025750637  0.0289352151  4375.0000000  0.2463671714  0.2879672050  350          
0.0_acc       0.0_loss      0.1_acc       0.1_loss      0.2_acc       0.2_loss      0.3_acc       0.3_loss      0.4_acc       0.4_loss      0.5_acc       0.5_loss      0.6_acc       0.6_loss      0.7_acc       0.7_loss      0.8_acc       0.8_loss      0.9_acc       0.9_loss      1.0_acc       1.0_loss      avg_step_tim  epoch         loss          mem_gb        step         
0.9269000000  0.1778594255  0.8498000000  0.4070609510  0.7814000000  0.6194887757  0.7032000000  0.8337390423  0.6338000000  1.0797058344  0.5569000000  1.3129997253  0.4890000000  1.4987370968  0.4133000000  1.7514083385  0.3349000000  1.9785019159  0.2649000000  2.1879992485  0.1928000000  2.3884119987  0.0223741466  5000.0000000  0.2023827285  0.2879672050  400          
Saved ERM-pretrained model.
0.0_acc       0.0_loss      0.1_acc       0.1_loss      0.2_acc       0.2_loss      0.3_acc       0.3_loss      0.4_acc       0.4_loss      0.5_acc       0.5_loss      0.6_acc       0.6_loss      0.7_acc       0.7_loss      0.8_acc       0.8_loss      0.9_acc       0.9_loss      1.0_acc       1.0_loss      avg_step_tim  epoch         erm_loss      loss          mem_gb        penalty       step         
0.7896000000  0.4797793925  0.7541000000  0.5862869024  0.7283000000  0.6674835086  0.6890000000  0.7615826726  0.6582000000  0.8729699254  0.6222000000  0.9776390195  0.5955000000  1.0497943163  0.5609000000  1.1669784784  0.5243000000  1.2511277199  0.4966000000  1.3391426802  0.4660000000  1.4166644812  0.0225705041  5625.0000000  0.3026097119  0.0005636380  0.2879719734  0.0002610282  450          
0.0_acc       0.0_loss      0.1_acc       0.1_loss      0.2_acc       0.2_loss      0.3_acc       0.3_loss      0.4_acc       0.4_loss      0.5_acc       0.5_loss      0.6_acc       0.6_loss      0.7_acc       0.7_loss      0.8_acc       0.8_loss      0.9_acc       0.9_loss      1.0_acc       1.0_loss      avg_step_tim  epoch         erm_loss      loss          mem_gb        penalty       step         
0.7843000000  0.4914394021  0.7488000000  0.5945826769  0.7261000000  0.6698703170  0.6908000000  0.7596387863  0.6600000000  0.8669854999  0.6247000000  0.9677681327  0.6009000000  1.0348908901  0.5668000000  1.1467372179  0.5320000000  1.2279564142  0.5056000000  1.3096210957  0.4762000000  1.3846772909  0.0191409888  6250.0000000  0.2979493439  0.0005331408  0.2879719734  0.0002351915  500          
0.0_acc       0.0_loss      0.1_acc       0.1_loss      0.2_acc       0.2_loss      0.3_acc       0.3_loss      0.4_acc       0.4_loss      0.5_acc       0.5_loss      0.6_acc       0.6_loss      0.7_acc       0.7_loss      0.8_acc       0.8_loss      0.9_acc       0.9_loss      1.0_acc       1.0_loss      avg_step_tim  epoch         erm_loss      loss          mem_gb        penalty       step         
0.7810000000  0.5017605424  0.7469000000  0.6024359465  0.7247000000  0.6752157807  0.6906000000  0.7629511952  0.6613000000  0.8669334650  0.6239000000  0.9658605456  0.6041000000  1.0306595564  0.5715000000  1.1398446560  0.5370000000  1.2175018787  0.5115000000  1.2978416681  0.4830000000  1.3700537682  0.0182601335  6875.0000000  0.3032851219  0.0010099950  0.2879719734  0.0007067099  550          
0.0_acc       0.0_loss      0.1_acc       0.1_loss      0.2_acc       0.2_loss      0.3_acc       0.3_loss      0.4_acc       0.4_loss      0.5_acc       0.5_loss      0.6_acc       0.6_loss      0.7_acc       0.7_loss      0.8_acc       0.8_loss      0.9_acc       0.9_loss      1.0_acc       1.0_loss      avg_step_tim  epoch         erm_loss      loss          mem_gb        penalty       step         
0.7852000000  0.4903124869  0.7507000000  0.5945032239  0.7270000000  0.6709339619  0.6908000000  0.7620734572  0.6609000000  0.8700575829  0.6235000000  0.9727259278  0.6009000000  1.0404484272  0.5683000000  1.1539129019  0.5329000000  1.2356662750  0.5052000000  1.3192188740  0.4760000000  1.3949621916  0.0179922569  7500.0000000  0.3058644831  0.0005836049  0.2879719734  0.0002777403  600          
[0.94, 0.99, 1.03, 1.08, 1.12, 1.17, 1.21, 1.26, 1.3, 1.34, 1.38]

final accuracies:
0.0    0.1    0.2    0.3    0.4    0.5    0.6    0.7    0.8    0.9    1.0   
0.791  0.762  0.724  0.687  0.665  0.629  0.600  0.579  0.540  0.513  0.478 
[0.94, 0.98, 1.02, 1.07, 1.11, 1.15, 1.19, 1.24, 1.28, 1.32, 1.36]

best accuracies:
0.0    0.1    0.2    0.3    0.4    0.5    0.6    0.7    0.8    0.9    1.0   
0.785  0.757  0.721  0.686  0.665  0.630  0.601  0.582  0.544  0.520  0.486 
Args:
	algorithm: groupdro
	alpha: 0.4
	batch_size: 25000
	data_dir: ..\data
	deterministic: False
	dropout_p: 0.2
	erm_pretrain_iters: 400
	eval_freq: 50
	exp_name: e3b_tail_support
	full_resolution: False
	groupdro_eta: 0.1
	loss_fn: nll
	lr: 0.0001
	lr_cos_sched: True
	lr_factor_reduction: 1
	mlp_hidden_dim: 390
	n_workers: 0
	network: FiLMedMLP
	other_arg: default
	output_dir: ..\results\E3b_tail_support
	penalty_weight: 1000
	save_ckpts: True
	seed: 1
	steps: 1000
	tail_support_condition: long_tail_visible
	tail_support_head_env: 0.1
	tail_support_source_envs: 0.1,0.2,0.5,0.9
	tail_support_source_envs_parsed: (0.1, 0.2, 0.5, 0.9)
	tail_support_tail_env: 0.9
	test_env_ms: 0.9
	test_envs: 0.0,0.1,0.2,0.3,0.4,0.5,0.6,0.7,0.8,0.9,1.0
	train_env_ps: (0.1, 0.2, 0.5, 0.9)
	train_env_size_mode: random
	train_env_sizes: 5000,2000,800,200
	train_env_sizes_parsed: (5000, 2000, 800, 200)
	train_envs: 0.1,0.2,0.5,0.9
	weight_decay: 0
Train environment sample counts: [5000, 2000, 800, 200]
Requested train environments: [0.1, 0.2, 0.5, 0.9]
Active train environments: [0.1, 0.2, 0.5, 0.9]
Train domain count map: {'0.1': 5000, '0.2': 2000, '0.5': 800, '0.9': 200}
Empirical training prior map: {'0.1': 0.625, '0.2': 0.25, '0.5': 0.1, '0.9': 0.025}
train_sandbox.py:231: FutureWarning: You are using `torch.load` with `weights_only=False` (the current default value), which uses the default pickle module implicitly. It is possible to construct malicious pickle data which will execute arbitrary code during unpickling (See https://github.com/pytorch/pytorch/blob/main/SECURITY.md#untrusted-models for more details). In a future release, the default value for `weights_only` will be flipped to `True`. This limits the functions that could be executed during unpickling. Arbitrary objects will no longer be allowed to be loaded via this mode unless they are explicitly allowlisted by the user via `torch.serialization.add_safe_globals`. We recommend you start setting `weights_only=True` for any use case where you don't have full control of the loaded file. Please open an issue on GitHub for any issues related to this experimental feature.
  algorithm.load_state_dict(torch.load(erm_ckpt_pth, map_location=device), strict=False)
ERM-pretrained model loaded: d7798454fbceb1e9faff6f50b17aa6a3.
0.0_acc       0.0_loss      0.1_acc       0.1_loss      0.2_acc       0.2_loss      0.3_acc       0.3_loss      0.4_acc       0.4_loss      0.5_acc       0.5_loss      0.6_acc       0.6_loss      0.7_acc       0.7_loss      0.8_acc       0.8_loss      0.9_acc       0.9_loss      1.0_acc       1.0_loss      avg_step_tim  epoch         loss          mem_gb        step         
0.8491000000  0.3347492218  0.7959000000  0.5096148252  0.7565000000  0.6518654227  0.7044000000  0.8010538816  0.6536000000  0.9902171493  0.6011000000  1.1656565666  0.5598000000  1.2887363434  0.5085000000  1.4742990732  0.4568000000  1.6355744600  0.4059000000  1.7805019617  0.3596000000  1.9243116379  0.0174136485  5625.0000000  0.2297074497  0.2564220428  450          
0.0_acc       0.0_loss      0.1_acc       0.1_loss      0.2_acc       0.2_loss      0.3_acc       0.3_loss      0.4_acc       0.4_loss      0.5_acc       0.5_loss      0.6_acc       0.6_loss      0.7_acc       0.7_loss      0.8_acc       0.8_loss      0.9_acc       0.9_loss      1.0_acc       1.0_loss      avg_step_tim  epoch         loss          mem_gb        step         
0.8664000000  0.3061376810  0.8080000000  0.5163848400  0.7590000000  0.6946814656  0.7052000000  0.8784580827  0.6473000000  1.1071943045  0.5898000000  1.3200657368  0.5435000000  1.4709757566  0.4868000000  1.6989226341  0.4262000000  1.8989245892  0.3729000000  2.0751917362  0.3214000000  2.2545382977  0.0211813922  6250.0000000  0.1991272122  0.2565846443  500          
0.0_acc       0.0_loss      0.1_acc       0.1_loss      0.2_acc       0.2_loss      0.3_acc       0.3_loss      0.4_acc       0.4_loss      0.5_acc       0.5_loss      0.6_acc       0.6_loss      0.7_acc       0.7_loss      0.8_acc       0.8_loss      0.9_acc       0.9_loss      1.0_acc       1.0_loss      avg_step_tim  epoch         loss          mem_gb        step         
0.8678000000  0.3100877404  0.8083000000  0.5321902633  0.7602000000  0.7247229218  0.7050000000  0.9193636775  0.6457000000  1.1637731791  0.5884000000  1.3893724680  0.5433000000  1.5508168936  0.4860000000  1.7929853201  0.4258000000  2.0044326782  0.3711000000  2.1948676109  0.3179000000  2.3863112926  0.0165672671  6875.0000000  0.1687034667  0.2565846443  550          
0.0_acc       0.0_loss      0.1_acc       0.1_loss      0.2_acc       0.2_loss      0.3_acc       0.3_loss      0.4_acc       0.4_loss      0.5_acc       0.5_loss      0.6_acc       0.6_loss      0.7_acc       0.7_loss      0.8_acc       0.8_loss      0.9_acc       0.9_loss      1.0_acc       1.0_loss      avg_step_tim  epoch         loss          mem_gb        step         
0.8847000000  0.2725429237  0.8199000000  0.5261760354  0.7640000000  0.7545171976  0.7041000000  0.9810518026  0.6441000000  1.2601341009  0.5799000000  1.5208157301  0.5292000000  1.7092071772  0.4643000000  1.9910546541  0.3988000000  2.2363011837  0.3383000000  2.4602956772  0.2820000000  2.6825838089  0.0150295671  7500.0000000  0.1622090042  0.2565846443  600          
0.0_acc       0.0_loss      0.1_acc       0.1_loss      0.2_acc       0.2_loss      0.3_acc       0.3_loss      0.4_acc       0.4_loss      0.5_acc       0.5_loss      0.6_acc       0.6_loss      0.7_acc       0.7_loss      0.8_acc       0.8_loss      0.9_acc       0.9_loss      1.0_acc       1.0_loss      avg_step_tim  epoch         loss          mem_gb        step         
0.8860000000  0.2696771920  0.8222000000  0.5341920257  0.7666000000  0.7735254169  0.7042000000  1.0097675323  0.6442000000  1.3024100065  0.5794000000  1.5740287304  0.5256000000  1.7700804472  0.4617000000  2.0623645782  0.3938000000  2.3249425888  0.3331000000  2.5536534786  0.2755000000  2.7891128063  0.0142321018  8125.0000000  0.1554421782  0.2565846443  650          
0.0_acc       0.0_loss      0.1_acc       0.1_loss      0.2_acc       0.2_loss      0.3_acc       0.3_loss      0.4_acc       0.4_loss      0.5_acc       0.5_loss      0.6_acc       0.6_loss      0.7_acc       0.7_loss      0.8_acc       0.8_loss      0.9_acc       0.9_loss      1.0_acc       1.0_loss      avg_step_tim  epoch         loss          mem_gb        step         
0.8914000000  0.2575670481  0.8260000000  0.5360823870  0.7688000000  0.7896115780  0.7047000000  1.0399072170  0.6442000000  1.3474785089  0.5749000000  1.6331588030  0.5217000000  1.8426514864  0.4522000000  2.1498000622  0.3872000000  2.4265854359  0.3232000000  2.6717851162  0.2634000000  2.9184145927  0.0129840892  8750.0000000  0.1423312277  0.2565846443  700          
0.0_acc       0.0_loss      0.1_acc       0.1_loss      0.2_acc       0.2_loss      0.3_acc       0.3_loss      0.4_acc       0.4_loss      0.5_acc       0.5_loss      0.6_acc       0.6_loss      0.7_acc       0.7_loss      0.8_acc       0.8_loss      0.9_acc       0.9_loss      1.0_acc       1.0_loss      avg_step_tim  epoch         loss          mem_gb        step         
0.8928000000  0.2579674721  0.8278000000  0.5413529277  0.7698000000  0.7995835543  0.7053000000  1.0555220842  0.6449000000  1.3691452742  0.5735000000  1.6600238085  0.5201000000  1.8729194403  0.4517000000  2.1861524582  0.3848000000  2.4688749313  0.3205000000  2.7185745239  0.2595000000  2.9705977440  0.0134724843  9375.0000000  0.1390108764  0.2565846443  750          
0.0_acc       0.0_loss      0.1_acc       0.1_loss      0.2_acc       0.2_loss      0.3_acc       0.3_loss      0.4_acc       0.4_loss      0.5_acc       0.5_loss      0.6_acc       0.6_loss      0.7_acc       0.7_loss      0.8_acc       0.8_loss      0.9_acc       0.9_loss      1.0_acc       1.0_loss      avg_step_tim  epoch         loss          mem_gb        step         
0.8979000000  0.2444528788  0.8314000000  0.5390442014  0.7719000000  0.8102551699  0.7058000000  1.0776040554  0.6440000000  1.4037249088  0.5707000000  1.7064803839  0.5161000000  1.9301255941  0.4450000000  2.2564311028  0.3757000000  2.5510785580  0.3113000000  2.8136260509  0.2484000000  3.0760002136  0.0127615544  10000.000000  0.1303153336  0.2565846443  800          
0.0_acc       0.0_loss      0.1_acc       0.1_loss      0.2_acc       0.2_loss      0.3_acc       0.3_loss      0.4_acc       0.4_loss      0.5_acc       0.5_loss      0.6_acc       0.6_loss      0.7_acc       0.7_loss      0.8_acc       0.8_loss      0.9_acc       0.9_loss      1.0_acc       1.0_loss      avg_step_tim  epoch         loss          mem_gb        step         
0.8962000000  0.2479575574  0.8314000000  0.5432791114  0.7712000000  0.8144936562  0.7061000000  1.0818750858  0.6440000000  1.4092870951  0.5713000000  1.7125288248  0.5155000000  1.9354548454  0.4455000000  2.2623515129  0.3765000000  2.5578231812  0.3122000000  2.8204779625  0.2506000000  3.0829124451  0.0112778515  10625.000000  0.1291203499  0.2565846443  850          
0.0_acc       0.0_loss      0.1_acc       0.1_loss      0.2_acc       0.2_loss      0.3_acc       0.3_loss      0.4_acc       0.4_loss      0.5_acc       0.5_loss      0.6_acc       0.6_loss      0.7_acc       0.7_loss      0.8_acc       0.8_loss      0.9_acc       0.9_loss      1.0_acc       1.0_loss      avg_step_tim  epoch         loss          mem_gb        step         
0.8987000000  0.2425554395  0.8322000000  0.5421546698  0.7710000000  0.8182742596  0.7056000000  1.0902644396  0.6428000000  1.4209899902  0.5706000000  1.7285153866  0.5138000000  1.9556788206  0.4423000000  2.2874152660  0.3731000000  2.5870292187  0.3083000000  2.8551373482  0.2455000000  3.1211633682  0.0103244805  11250.000000  0.1270119250  0.2565846443  900          
0.0_acc       0.0_loss      0.1_acc       0.1_loss      0.2_acc       0.2_loss      0.3_acc       0.3_loss      0.4_acc       0.4_loss      0.5_acc       0.5_loss      0.6_acc       0.6_loss      0.7_acc       0.7_loss      0.8_acc       0.8_loss      0.9_acc       0.9_loss      1.0_acc       1.0_loss      avg_step_tim  epoch         loss          mem_gb        step         
0.8984000000  0.2440688610  0.8325000000  0.5432974696  0.7712000000  0.8190875053  0.7060000000  1.0908004045  0.6431000000  1.4213968515  0.5708000000  1.7285637856  0.5135000000  1.9553012848  0.4431000000  2.2868094444  0.3732000000  2.5862777233  0.3087000000  2.8535776138  0.2458000000  3.1196630001  0.0096184505  11875.000000  0.1306380183  0.2565846443  950          
0.0_acc       0.0_loss      0.1_acc       0.1_loss      0.2_acc       0.2_loss      0.3_acc       0.3_loss      0.4_acc       0.4_loss      0.5_acc       0.5_loss      0.6_acc       0.6_loss      0.7_acc       0.7_loss      0.8_acc       0.8_loss      0.9_acc       0.9_loss      1.0_acc       1.0_loss      avg_step_tim  epoch         loss          mem_gb        step         
0.8990000000  0.2433582991  0.8328000000  0.5430898666  0.7716000000  0.8194333911  0.7060000000  1.0916519165  0.6430000000  1.4227434397  0.5706000000  1.7304739952  0.5131000000  1.9576842785  0.4420000000  2.2897574902  0.3730000000  2.5897209644  0.3080000000  2.8576033115  0.2450000000  3.1241412163  0.0093447402  12500.000000  0.1345563233  0.2565846443  1000         
[1.7, 1.84, 1.99, 2.14, 2.28, 2.42, 2.57, 2.71, 2.86, 3.0, 3.14]

final accuracies:
0.0    0.1    0.2    0.3    0.4    0.5    0.6    0.7    0.8    0.9    1.0   
0.904  0.835  0.768  0.699  0.637  0.563  0.501  0.438  0.369  0.301  0.236 
[1.14, 1.22, 1.3, 1.38, 1.46, 1.54, 1.62, 1.7, 1.78, 1.85, 1.93]

best accuracies:
0.0    0.1    0.2    0.3    0.4    0.5    0.6    0.7    0.8    0.9    1.0   
0.853  0.806  0.754  0.697  0.651  0.593  0.548  0.504  0.451  0.400  0.353 
Args:
	algorithm: iro
	alpha: 0.4
	batch_size: 25000
	data_dir: ..\data
	deterministic: False
	dropout_p: 0.2
	erm_pretrain_iters: 400
	eval_freq: 50
	exp_name: e3b_tail_support
	full_resolution: False
	groupdro_eta: 1.0
	loss_fn: nll
	lr: 0.0001
	lr_cos_sched: True
	lr_factor_reduction: 1
	mlp_hidden_dim: 390
	n_workers: 0
	network: FiLMedMLP
	other_arg: default
	output_dir: ..\results\E3b_tail_support
	penalty_weight: 1000
	save_ckpts: True
	seed: 1
	steps: 600
	tail_support_condition: long_tail_visible
	tail_support_head_env: 0.1
	tail_support_source_envs: 0.1,0.2,0.5,0.9
	tail_support_source_envs_parsed: (0.1, 0.2, 0.5, 0.9)
	tail_support_tail_env: 0.9
	test_env_ms: 0.9
	test_envs: 0.0,0.1,0.2,0.3,0.4,0.5,0.6,0.7,0.8,0.9,1.0
	train_env_ps: (0.1, 0.2, 0.5, 0.9)
	train_env_size_mode: random
	train_env_sizes: 5000,2000,800,200
	train_env_sizes_parsed: (5000, 2000, 800, 200)
	train_envs: 0.1,0.2,0.5,0.9
	weight_decay: 0
Train environment sample counts: [5000, 2000, 800, 200]
Requested train environments: [0.1, 0.2, 0.5, 0.9]
Active train environments: [0.1, 0.2, 0.5, 0.9]
Train domain count map: {'0.1': 5000, '0.2': 2000, '0.5': 800, '0.9': 200}
Empirical training prior map: {'0.1': 0.625, '0.2': 0.25, '0.5': 0.1, '0.9': 0.025}
train_sandbox.py:231: FutureWarning: You are using `torch.load` with `weights_only=False` (the current default value), which uses the default pickle module implicitly. It is possible to construct malicious pickle data which will execute arbitrary code during unpickling (See https://github.com/pytorch/pytorch/blob/main/SECURITY.md#untrusted-models for more details). In a future release, the default value for `weights_only` will be flipped to `True`. This limits the functions that could be executed during unpickling. Arbitrary objects will no longer be allowed to be loaded via this mode unless they are explicitly allowlisted by the user via `torch.serialization.add_safe_globals`. We recommend you start setting `weights_only=True` for any use case where you don't have full control of the loaded file. Please open an issue on GitHub for any issues related to this experimental feature.
  algorithm.load_state_dict(torch.load(erm_ckpt_pth, map_location=device), strict=False)
ERM-pretrained model loaded: d7798454fbceb1e9faff6f50b17aa6a3.
Traceback (most recent call last):
  File "train_sandbox.py", line 285, in <module>
    results[env_name + '_acc'] = misc.accuracy(algorithm, env_loader, device, alpha=h_alphas_train[i])
IndexError: list index out of range
Args:
	algorithm: inftask
	alpha: 0.4
	batch_size: 25000
	data_dir: ..\data
	deterministic: False
	dropout_p: 0.2
	erm_pretrain_iters: 400
	eval_freq: 50
	exp_name: e3b_tail_support
	full_resolution: False
	groupdro_eta: 1.0
	loss_fn: nll
	lr: 0.0001
	lr_cos_sched: True
	lr_factor_reduction: 1
	mlp_hidden_dim: 390
	n_workers: 0
	network: FiLMedMLP
	other_arg: default
	output_dir: ..\results\E3b_tail_support
	penalty_weight: 1000
	save_ckpts: True
	seed: 1
	steps: 600
	tail_support_condition: long_tail_visible
	tail_support_head_env: 0.1
	tail_support_source_envs: 0.1,0.2,0.5,0.9
	tail_support_source_envs_parsed: (0.1, 0.2, 0.5, 0.9)
	tail_support_tail_env: 0.9
	test_env_ms: 0.9
	test_envs: 0.0,0.1,0.2,0.3,0.4,0.5,0.6,0.7,0.8,0.9,1.0
	train_env_ps: (0.1, 0.2, 0.5, 0.9)
	train_env_size_mode: random
	train_env_sizes: 5000,2000,800,200
	train_env_sizes_parsed: (5000, 2000, 800, 200)
	train_envs: 0.1,0.2,0.5,0.9
	weight_decay: 0
Train environment sample counts: [5000, 2000, 800, 200]
Requested train environments: [0.1, 0.2, 0.5, 0.9]
Active train environments: [0.1, 0.2, 0.5, 0.9]
Train domain count map: {'0.1': 5000, '0.2': 2000, '0.5': 800, '0.9': 200}
Empirical training prior map: {'0.1': 0.625, '0.2': 0.25, '0.5': 0.1, '0.9': 0.025}
train_sandbox.py:231: FutureWarning: You are using `torch.load` with `weights_only=False` (the current default value), which uses the default pickle module implicitly. It is possible to construct malicious pickle data which will execute arbitrary code during unpickling (See https://github.com/pytorch/pytorch/blob/main/SECURITY.md#untrusted-models for more details). In a future release, the default value for `weights_only` will be flipped to `True`. This limits the functions that could be executed during unpickling. Arbitrary objects will no longer be allowed to be loaded via this mode unless they are explicitly allowlisted by the user via `torch.serialization.add_safe_globals`. We recommend you start setting `weights_only=True` for any use case where you don't have full control of the loaded file. Please open an issue on GitHub for any issues related to this experimental feature.
  algorithm.load_state_dict(torch.load(erm_ckpt_pth, map_location=device), strict=False)
ERM-pretrained model loaded: d7798454fbceb1e9faff6f50b17aa6a3.
Traceback (most recent call last):
  File "train_sandbox.py", line 285, in <module>
    results[env_name + '_acc'] = misc.accuracy(algorithm, env_loader, device, alpha=h_alphas_train[i])
IndexError: list index out of range
Args:
	algorithm: erm
	alpha: 0.4
	batch_size: 25000
	data_dir: ..\data
	deterministic: False
	dropout_p: 0.2
	erm_pretrain_iters: 0
	eval_freq: 50
	exp_name: e3b_tail_support
	full_resolution: False
	groupdro_eta: 1.0
	loss_fn: nll
	lr: 0.0001
	lr_cos_sched: False
	lr_factor_reduction: 1
	mlp_hidden_dim: 390
	n_workers: 0
	network: FiLMedMLP
	other_arg: default
	output_dir: ..\results\E3b_tail_support
	penalty_weight: 1000
	save_ckpts: False
	seed: 1
	steps: 600
	tail_support_condition: missing_tail
	tail_support_head_env: 0.1
	tail_support_source_envs: 0.1,0.2,0.5,0.9
	tail_support_source_envs_parsed: (0.1, 0.2, 0.5, 0.9)
	tail_support_tail_env: 0.9
	test_env_ms: 0.9
	test_envs: 0.0,0.1,0.2,0.3,0.4,0.5,0.6,0.7,0.8,0.9,1.0
	train_env_ps: (0.1, 0.2, 0.5, 0.9)
	train_env_size_mode: random
	train_env_sizes: 6000,1500,500,0
	train_env_sizes_parsed: (6000, 1500, 500, 0)
	train_envs: 0.1,0.2,0.5,0.9
	weight_decay: 0
Dropped zero-sized training environments: [0.9]
Train environment sample counts: [6000, 1500, 500]
Requested train environments: [0.1, 0.2, 0.5, 0.9]
Active train environments: [0.1, 0.2, 0.5]
Train domain count map: {'0.1': 6000, '0.2': 1500, '0.5': 500, '0.9': 0}
Empirical training prior map: {'0.1': 0.75, '0.2': 0.1875, '0.5': 0.0625, '0.9': 0.0}
0.0_acc       0.0_loss      0.1_acc       0.1_loss      0.2_acc       0.2_loss      0.3_acc       0.3_loss      0.4_acc       0.4_loss      0.5_acc       0.5_loss      0.6_acc       0.6_loss      0.7_acc       0.7_loss      0.8_acc       0.8_loss      0.9_acc       0.9_loss      1.0_acc       1.0_loss      avg_step_tim  epoch         loss          mem_gb        step         
1.0000000000  0.1341766268  0.8949000000  0.3396802247  0.7988000000  0.5274344683  0.7043000000  0.7168110013  0.6031000000  0.9155610800  0.4981000000  1.1188904047  0.3913000000  1.3306541443  0.2973000000  1.5172305107  0.2037000000  1.7012321949  0.0996000000  1.9042807817  0.0000000000  2.0986609459  0.1550615549  468.75000000  0.4121949375  0.3051366806  50           
0.0_acc       0.0_loss      0.1_acc       0.1_loss      0.2_acc       0.2_loss      0.3_acc       0.3_loss      0.4_acc       0.4_loss      0.5_acc       0.5_loss      0.6_acc       0.6_loss      0.7_acc       0.7_loss      0.8_acc       0.8_loss      0.9_acc       0.9_loss      1.0_acc       1.0_loss      avg_step_tim  epoch         loss          mem_gb        step         
0.9995000000  0.1468305737  0.8947000000  0.3283002377  0.7984000000  0.4896965623  0.7042000000  0.6600817442  0.6040000000  0.8320054412  0.4985000000  1.0093874931  0.3919000000  1.1916496754  0.2986000000  1.3628187180  0.2048000000  1.5207663774  0.1009000000  1.7004315853  0.0013000000  1.8661081791  0.1023727298  937.50000000  0.3865735233  0.3051366806  100          
0.0_acc       0.0_loss      0.1_acc       0.1_loss      0.2_acc       0.2_loss      0.3_acc       0.3_loss      0.4_acc       0.4_loss      0.5_acc       0.5_loss      0.6_acc       0.6_loss      0.7_acc       0.7_loss      0.8_acc       0.8_loss      0.9_acc       0.9_loss      1.0_acc       1.0_loss      avg_step_tim  epoch         loss          mem_gb        step         
0.9958000000  0.1395304650  0.8940000000  0.3209185898  0.7978000000  0.4807262719  0.7035000000  0.6479730010  0.6056000000  0.8188592792  0.5016000000  0.9968635440  0.3965000000  1.1740959883  0.3051000000  1.3514237404  0.2123000000  1.5040799379  0.1092000000  1.6843801737  0.0112000000  1.8476997614  0.0684125630  1406.2500000  0.3656654954  0.3051366806  150          
0.0_acc       0.0_loss      0.1_acc       0.1_loss      0.2_acc       0.2_loss      0.3_acc       0.3_loss      0.4_acc       0.4_loss      0.5_acc       0.5_loss      0.6_acc       0.6_loss      0.7_acc       0.7_loss      0.8_acc       0.8_loss      0.9_acc       0.9_loss      1.0_acc       1.0_loss      avg_step_tim  epoch         loss          mem_gb        step         
0.9910000000  0.1330782175  0.8916000000  0.3200041354  0.7960000000  0.4795072079  0.7055000000  0.6495953202  0.6091000000  0.8224489093  0.5063000000  1.0062032938  0.4064000000  1.1846110821  0.3159000000  1.3707141876  0.2271000000  1.5217729807  0.1257000000  1.7068434954  0.0305000000  1.8717913628  0.0480594230  1875.0000000  0.3369428515  0.3051366806  200          
0.0_acc       0.0_loss      0.1_acc       0.1_loss      0.2_acc       0.2_loss      0.3_acc       0.3_loss      0.4_acc       0.4_loss      0.5_acc       0.5_loss      0.6_acc       0.6_loss      0.7_acc       0.7_loss      0.8_acc       0.8_loss      0.9_acc       0.9_loss      1.0_acc       1.0_loss      avg_step_tim  epoch         loss          mem_gb        step         
0.9824000000  0.1248183548  0.8854000000  0.3259855509  0.7967000000  0.4900807440  0.7065000000  0.6719195843  0.6117000000  0.8536565304  0.5151000000  1.0498920679  0.4172000000  1.2390650511  0.3277000000  1.4400634766  0.2455000000  1.5949468613  0.1482000000  1.7943886518  0.0555000000  1.9660742283  0.0353254929  2343.7500000  0.3079642951  0.3051366806  250          
0.0_acc       0.0_loss      0.1_acc       0.1_loss      0.2_acc       0.2_loss      0.3_acc       0.3_loss      0.4_acc       0.4_loss      0.5_acc       0.5_loss      0.6_acc       0.6_loss      0.7_acc       0.7_loss      0.8_acc       0.8_loss      0.9_acc       0.9_loss      1.0_acc       1.0_loss      avg_step_tim  epoch         loss          mem_gb        step         
0.9754000000  0.1181007773  0.8782000000  0.3429631889  0.7954000000  0.5196205378  0.7097000000  0.7229287624  0.6186000000  0.9191216826  0.5219000000  1.1380875111  0.4290000000  1.3460456133  0.3418000000  1.5698040724  0.2654000000  1.7347590923  0.1685000000  1.9617660046  0.0807000000  2.1473672390  0.0300461046  2812.5000000  0.2668186128  0.3051366806  300          
0.0_acc       0.0_loss      0.1_acc       0.1_loss      0.2_acc       0.2_loss      0.3_acc       0.3_loss      0.4_acc       0.4_loss      0.5_acc       0.5_loss      0.6_acc       0.6_loss      0.7_acc       0.7_loss      0.8_acc       0.8_loss      0.9_acc       0.9_loss      1.0_acc       1.0_loss      avg_step_tim  epoch         loss          mem_gb        step         
0.9656000000  0.1179585904  0.8703000000  0.3726220727  0.7912000000  0.5680850744  0.7101000000  0.7983264923  0.6202000000  1.0142667294  0.5305000000  1.2597738504  0.4399000000  1.4942984581  0.3585000000  1.7439852953  0.2817000000  1.9266796112  0.1887000000  2.1879820824  0.1049000000  2.3910198212  0.0252033022  3281.2500000  0.2182241678  0.3051366806  350          
0.0_acc       0.0_loss      0.1_acc       0.1_loss      0.2_acc       0.2_loss      0.3_acc       0.3_loss      0.4_acc       0.4_loss      0.5_acc       0.5_loss      0.6_acc       0.6_loss      0.7_acc       0.7_loss      0.8_acc       0.8_loss      0.9_acc       0.9_loss      1.0_acc       1.0_loss      avg_step_tim  epoch         loss          mem_gb        step         
0.9593000000  0.1146223247  0.8668000000  0.4142388999  0.7893000000  0.6398440003  0.7107000000  0.9096252918  0.6209000000  1.1599483490  0.5337000000  1.4474755526  0.4465000000  1.7211941481  0.3647000000  2.0113847256  0.2895000000  2.2241933346  0.1972000000  2.5347585678  0.1165000000  2.7672631741  0.0232938147  3750.0000000  0.1778615266  0.3051366806  400          
0.0_acc       0.0_loss      0.1_acc       0.1_loss      0.2_acc       0.2_loss      0.3_acc       0.3_loss      0.4_acc       0.4_loss      0.5_acc       0.5_loss      0.6_acc       0.6_loss      0.7_acc       0.7_loss      0.8_acc       0.8_loss      0.9_acc       0.9_loss      1.0_acc       1.0_loss      avg_step_tim  epoch         loss          mem_gb        step         
0.9507000000  0.1281270981  0.8614000000  0.4575105906  0.7855000000  0.7036337852  0.7104000000  0.9983032942  0.6247000000  1.2691855431  0.5395000000  1.5871448517  0.4549000000  1.8876353502  0.3776000000  2.2027156353  0.3043000000  2.4369635582  0.2137000000  2.7823650837  0.1358000000  3.0320944786  0.0215650193  4218.7500000  0.1491862983  0.3051366806  450          
0.0_acc       0.0_loss      0.1_acc       0.1_loss      0.2_acc       0.2_loss      0.3_acc       0.3_loss      0.4_acc       0.4_loss      0.5_acc       0.5_loss      0.6_acc       0.6_loss      0.7_acc       0.7_loss      0.8_acc       0.8_loss      0.9_acc       0.9_loss      1.0_acc       1.0_loss      avg_step_tim  epoch         loss          mem_gb        step         
0.9518000000  0.1260801554  0.8620000000  0.5028972626  0.7843000000  0.7878046632  0.7127000000  1.1260468960  0.6249000000  1.4380747080  0.5386000000  1.8028699160  0.4561000000  2.1492862701  0.3773000000  2.5055718422  0.3039000000  2.7808187008  0.2146000000  3.1759395599  0.1352000000  3.4656043053  0.0196849227  4687.5000000  0.1219545305  0.3051366806  500          
0.0_acc       0.0_loss      0.1_acc       0.1_loss      0.2_acc       0.2_loss      0.3_acc       0.3_loss      0.4_acc       0.4_loss      0.5_acc       0.5_loss      0.6_acc       0.6_loss      0.7_acc       0.7_loss      0.8_acc       0.8_loss      0.9_acc       0.9_loss      1.0_acc       1.0_loss      avg_step_tim  epoch         loss          mem_gb        step         
0.9492000000  0.1331442147  0.8606000000  0.5500918031  0.7849000000  0.8678397536  0.7105000000  1.2435715199  0.6263000000  1.5899008512  0.5399000000  1.9965949059  0.4578000000  2.3817806244  0.3810000000  2.7749686241  0.3084000000  3.0840513706  0.2194000000  3.5237116814  0.1406000000  3.8451733589  0.0185930300  5156.2500000  0.1037576050  0.3051366806  550          
0.0_acc       0.0_loss      0.1_acc       0.1_loss      0.2_acc       0.2_loss      0.3_acc       0.3_loss      0.4_acc       0.4_loss      0.5_acc       0.5_loss      0.6_acc       0.6_loss      0.7_acc       0.7_loss      0.8_acc       0.8_loss      0.9_acc       0.9_loss      1.0_acc       1.0_loss      avg_step_tim  epoch         loss          mem_gb        step         
0.9498000000  0.1312255114  0.8601000000  0.5952903032  0.7844000000  0.9461345673  0.7099000000  1.3596736193  0.6254000000  1.7457242012  0.5380000000  2.1956698895  0.4554000000  2.6206045151  0.3797000000  3.0562546253  0.3056000000  3.3997209072  0.2162000000  3.8826320171  0.1384000000  4.2406063080  0.0159970164  5625.0000000  0.0811764151  0.3051366806  600          
[2.2, 2.4, 2.61, 2.82, 3.02, 3.22, 3.43, 3.63, 3.83, 4.03, 4.27]

final accuracies:
0.0    0.1    0.2    0.3    0.4    0.5    0.6    0.7    0.8    0.9    1.0   
0.947  0.870  0.783  0.698  0.618  0.551  0.454  0.379  0.294  0.221  0.134 
[2.0, 2.18, 2.37, 2.56, 2.74, 2.92, 3.11, 3.29, 3.48, 3.66, 3.87]

best accuracies:
0.0    0.1    0.2    0.3    0.4    0.5    0.6    0.7    0.8    0.9    1.0   
0.946  0.868  0.783  0.699  0.618  0.552  0.454  0.379  0.295  0.223  0.137 
Args:
	algorithm: irm
	alpha: 0.4
	batch_size: 25000
	data_dir: ..\data
	deterministic: False
	dropout_p: 0.2
	erm_pretrain_iters: 400
	eval_freq: 50
	exp_name: e3b_tail_support
	full_resolution: False
	groupdro_eta: 1.0
	loss_fn: nll
	lr: 0.0001
	lr_cos_sched: True
	lr_factor_reduction: 1
	mlp_hidden_dim: 390
	n_workers: 0
	network: FiLMedMLP
	other_arg: default
	output_dir: ..\results\E3b_tail_support
	penalty_weight: 1000.0
	save_ckpts: True
	seed: 1
	steps: 600
	tail_support_condition: missing_tail
	tail_support_head_env: 0.1
	tail_support_source_envs: 0.1,0.2,0.5,0.9
	tail_support_source_envs_parsed: (0.1, 0.2, 0.5, 0.9)
	tail_support_tail_env: 0.9
	test_env_ms: 0.9
	test_envs: 0.0,0.1,0.2,0.3,0.4,0.5,0.6,0.7,0.8,0.9,1.0
	train_env_ps: (0.1, 0.2, 0.5, 0.9)
	train_env_size_mode: random
	train_env_sizes: 6000,1500,500,0
	train_env_sizes_parsed: (6000, 1500, 500, 0)
	train_envs: 0.1,0.2,0.5,0.9
	weight_decay: 0
Dropped zero-sized training environments: [0.9]
Train environment sample counts: [6000, 1500, 500]
Requested train environments: [0.1, 0.2, 0.5, 0.9]
Active train environments: [0.1, 0.2, 0.5]
Train domain count map: {'0.1': 6000, '0.2': 1500, '0.5': 500, '0.9': 0}
Empirical training prior map: {'0.1': 0.75, '0.2': 0.1875, '0.5': 0.0625, '0.9': 0.0}
0.0_acc       0.0_loss      0.1_acc       0.1_loss      0.2_acc       0.2_loss      0.3_acc       0.3_loss      0.4_acc       0.4_loss      0.5_acc       0.5_loss      0.6_acc       0.6_loss      0.7_acc       0.7_loss      0.8_acc       0.8_loss      0.9_acc       0.9_loss      1.0_acc       1.0_loss      avg_step_tim  epoch         loss          mem_gb        step         
1.0000000000  0.1341766268  0.8949000000  0.3396802247  0.7988000000  0.5274344683  0.7043000000  0.7168110013  0.6031000000  0.9155610800  0.4981000000  1.1188904047  0.3913000000  1.3306541443  0.2973000000  1.5172305107  0.2037000000  1.7012321949  0.0996000000  1.9042807817  0.0000000000  2.0986609459  0.1552605104  468.75000000  0.4121949375  0.3051366806  50           
0.0_acc       0.0_loss      0.1_acc       0.1_loss      0.2_acc       0.2_loss      0.3_acc       0.3_loss      0.4_acc       0.4_loss      0.5_acc       0.5_loss      0.6_acc       0.6_loss      0.7_acc       0.7_loss      0.8_acc       0.8_loss      0.9_acc       0.9_loss      1.0_acc       1.0_loss      avg_step_tim  epoch         loss          mem_gb        step         
0.9995000000  0.1468305737  0.8947000000  0.3283002377  0.7984000000  0.4896965623  0.7042000000  0.6600817442  0.6040000000  0.8320054412  0.4985000000  1.0093874931  0.3919000000  1.1916496754  0.2986000000  1.3628187180  0.2048000000  1.5207663774  0.1009000000  1.7004315853  0.0013000000  1.8661081791  0.0898056102  937.50000000  0.3865735233  0.3051366806  100          
0.0_acc       0.0_loss      0.1_acc       0.1_loss      0.2_acc       0.2_loss      0.3_acc       0.3_loss      0.4_acc       0.4_loss      0.5_acc       0.5_loss      0.6_acc       0.6_loss      0.7_acc       0.7_loss      0.8_acc       0.8_loss      0.9_acc       0.9_loss      1.0_acc       1.0_loss      avg_step_tim  epoch         loss          mem_gb        step         
0.9958000000  0.1395304650  0.8940000000  0.3209185898  0.7978000000  0.4807262719  0.7035000000  0.6479730010  0.6056000000  0.8188592792  0.5016000000  0.9968635440  0.3965000000  1.1740959883  0.3051000000  1.3514237404  0.2123000000  1.5040799379  0.1092000000  1.6843801737  0.0112000000  1.8476997614  0.0670730114  1406.2500000  0.3656654954  0.3051366806  150          
0.0_acc       0.0_loss      0.1_acc       0.1_loss      0.2_acc       0.2_loss      0.3_acc       0.3_loss      0.4_acc       0.4_loss      0.5_acc       0.5_loss      0.6_acc       0.6_loss      0.7_acc       0.7_loss      0.8_acc       0.8_loss      0.9_acc       0.9_loss      1.0_acc       1.0_loss      avg_step_tim  epoch         loss          mem_gb        step         
0.9910000000  0.1330782175  0.8916000000  0.3200041354  0.7960000000  0.4795072079  0.7055000000  0.6495953202  0.6091000000  0.8224489093  0.5063000000  1.0062032938  0.4064000000  1.1846110821  0.3159000000  1.3707141876  0.2271000000  1.5217729807  0.1257000000  1.7068434954  0.0305000000  1.8717913628  0.0459835744  1875.0000000  0.3369428515  0.3051366806  200          
0.0_acc       0.0_loss      0.1_acc       0.1_loss      0.2_acc       0.2_loss      0.3_acc       0.3_loss      0.4_acc       0.4_loss      0.5_acc       0.5_loss      0.6_acc       0.6_loss      0.7_acc       0.7_loss      0.8_acc       0.8_loss      0.9_acc       0.9_loss      1.0_acc       1.0_loss      avg_step_tim  epoch         loss          mem_gb        step         
0.9824000000  0.1248183548  0.8854000000  0.3259855509  0.7967000000  0.4900807440  0.7065000000  0.6719195843  0.6117000000  0.8536565304  0.5151000000  1.0498920679  0.4172000000  1.2390650511  0.3277000000  1.4400634766  0.2455000000  1.5949468613  0.1482000000  1.7943886518  0.0555000000  1.9660742283  0.0356956768  2343.7500000  0.3079642951  0.3051366806  250          
0.0_acc       0.0_loss      0.1_acc       0.1_loss      0.2_acc       0.2_loss      0.3_acc       0.3_loss      0.4_acc       0.4_loss      0.5_acc       0.5_loss      0.6_acc       0.6_loss      0.7_acc       0.7_loss      0.8_acc       0.8_loss      0.9_acc       0.9_loss      1.0_acc       1.0_loss      avg_step_tim  epoch         loss          mem_gb        step         
0.9754000000  0.1181007773  0.8782000000  0.3429631889  0.7954000000  0.5196205378  0.7097000000  0.7229287624  0.6186000000  0.9191216826  0.5219000000  1.1380875111  0.4290000000  1.3460456133  0.3418000000  1.5698040724  0.2654000000  1.7347590923  0.1685000000  1.9617660046  0.0807000000  2.1473672390  0.0298063421  2812.5000000  0.2668186128  0.3051366806  300          
0.0_acc       0.0_loss      0.1_acc       0.1_loss      0.2_acc       0.2_loss      0.3_acc       0.3_loss      0.4_acc       0.4_loss      0.5_acc       0.5_loss      0.6_acc       0.6_loss      0.7_acc       0.7_loss      0.8_acc       0.8_loss      0.9_acc       0.9_loss      1.0_acc       1.0_loss      avg_step_tim  epoch         loss          mem_gb        step         
0.9656000000  0.1179585904  0.8703000000  0.3726220727  0.7912000000  0.5680850744  0.7101000000  0.7983264923  0.6202000000  1.0142667294  0.5305000000  1.2597738504  0.4399000000  1.4942984581  0.3585000000  1.7439852953  0.2817000000  1.9266796112  0.1887000000  2.1879820824  0.1049000000  2.3910198212  0.0275084761  3281.2500000  0.2182241678  0.3051366806  350          
0.0_acc       0.0_loss      0.1_acc       0.1_loss      0.2_acc       0.2_loss      0.3_acc       0.3_loss      0.4_acc       0.4_loss      0.5_acc       0.5_loss      0.6_acc       0.6_loss      0.7_acc       0.7_loss      0.8_acc       0.8_loss      0.9_acc       0.9_loss      1.0_acc       1.0_loss      avg_step_tim  epoch         loss          mem_gb        step         
0.9593000000  0.1146223247  0.8668000000  0.4142388999  0.7893000000  0.6398440003  0.7107000000  0.9096252918  0.6209000000  1.1599483490  0.5337000000  1.4474755526  0.4465000000  1.7211941481  0.3647000000  2.0113847256  0.2895000000  2.2241933346  0.1972000000  2.5347585678  0.1165000000  2.7672631741  0.0235394645  3750.0000000  0.1778615266  0.3051366806  400          
Saved ERM-pretrained model.
0.0_acc       0.0_loss      0.1_acc       0.1_loss      0.2_acc       0.2_loss      0.3_acc       0.3_loss      0.4_acc       0.4_loss      0.5_acc       0.5_loss      0.6_acc       0.6_loss      0.7_acc       0.7_loss      0.8_acc       0.8_loss      0.9_acc       0.9_loss      1.0_acc       1.0_loss      avg_step_tim  epoch         erm_loss      loss          mem_gb        penalty       step         
0.8056000000  0.4355634749  0.7588000000  0.5719232559  0.7293000000  0.6304814219  0.6937000000  0.7426530719  0.6567000000  0.8308154345  0.6271000000  0.9330554605  0.5840000000  1.0341390371  0.5409000000  1.1572303772  0.5105000000  1.2299581766  0.4706000000  1.3495128155  0.4390000000  1.4183187485  0.0237561210  4218.7500000  0.3399438262  0.0003817930  0.3051404953  0.0000418491  450          
0.0_acc       0.0_loss      0.1_acc       0.1_loss      0.2_acc       0.2_loss      0.3_acc       0.3_loss      0.4_acc       0.4_loss      0.5_acc       0.5_loss      0.6_acc       0.6_loss      0.7_acc       0.7_loss      0.8_acc       0.8_loss      0.9_acc       0.9_loss      1.0_acc       1.0_loss      avg_step_tim  epoch         erm_loss      loss          mem_gb        penalty       step         
0.8237000000  0.3976614773  0.7706000000  0.5491725206  0.7393000000  0.6187763810  0.6982000000  0.7472192049  0.6600000000  0.8480610251  0.6237000000  0.9669243693  0.5784000000  1.0811266899  0.5332000000  1.2210069895  0.4996000000  1.3058261871  0.4539000000  1.4417196512  0.4190000000  1.5233285427  0.0195239482  4687.5000000  0.3140708804  0.0006256877  0.3051404953  0.0003116167  500          
0.0_acc       0.0_loss      0.1_acc       0.1_loss      0.2_acc       0.2_loss      0.3_acc       0.3_loss      0.4_acc       0.4_loss      0.5_acc       0.5_loss      0.6_acc       0.6_loss      0.7_acc       0.7_loss      0.8_acc       0.8_loss      0.9_acc       0.9_loss      1.0_acc       1.0_loss      avg_step_tim  epoch         erm_loss      loss          mem_gb        penalty       step         
0.8239000000  0.3974398375  0.7729000000  0.5473775268  0.7408000000  0.6170210838  0.7015000000  0.7470390797  0.6628000000  0.8457825184  0.6264000000  0.9658070207  0.5820000000  1.0787824392  0.5362000000  1.2190212011  0.5049000000  1.3032416105  0.4582000000  1.4402245283  0.4228000000  1.5202887058  0.0201407480  5156.2500000  0.3104791641  0.0003337460  0.3051404953  0.0000232668  550          
0.0_acc       0.0_loss      0.1_acc       0.1_loss      0.2_acc       0.2_loss      0.3_acc       0.3_loss      0.4_acc       0.4_loss      0.5_acc       0.5_loss      0.6_acc       0.6_loss      0.7_acc       0.7_loss      0.8_acc       0.8_loss      0.9_acc       0.9_loss      1.0_acc       1.0_loss      avg_step_tim  epoch         erm_loss      loss          mem_gb        penalty       step         
0.8157000000  0.4172765017  0.7672000000  0.5625275373  0.7368000000  0.6260225177  0.7000000000  0.7508162856  0.6647000000  0.8443120122  0.6297000000  0.9574818015  0.5861000000  1.0649340153  0.5437000000  1.1996562481  0.5133000000  1.2794169188  0.4690000000  1.4095453024  0.4364000000  1.4839780331  0.0170434984  5625.0000000  0.3232902586  0.0011602752  0.3051404953  0.0008369849  600          
[0.96, 1.02, 1.07, 1.12, 1.17, 1.22, 1.27, 1.32, 1.37, 1.43, 1.49]

final accuracies:
0.0    0.1    0.2    0.3    0.4    0.5    0.6    0.7    0.8    0.9    1.0   
0.811  0.770  0.727  0.691  0.657  0.626  0.583  0.550  0.512  0.481  0.438 
[0.94, 0.99, 1.04, 1.09, 1.13, 1.18, 1.23, 1.27, 1.32, 1.37, 1.43]

best accuracies:
0.0    0.1    0.2    0.3    0.4    0.5    0.6    0.7    0.8    0.9    1.0   
0.799  0.760  0.719  0.683  0.647  0.622  0.580  0.547  0.513  0.480  0.439 
Args:
	algorithm: groupdro
	alpha: 0.4
	batch_size: 25000
	data_dir: ..\data
	deterministic: False
	dropout_p: 0.2
	erm_pretrain_iters: 400
	eval_freq: 50
	exp_name: e3b_tail_support
	full_resolution: False
	groupdro_eta: 0.1
	loss_fn: nll
	lr: 0.0001
	lr_cos_sched: True
	lr_factor_reduction: 1
	mlp_hidden_dim: 390
	n_workers: 0
	network: FiLMedMLP
	other_arg: default
	output_dir: ..\results\E3b_tail_support
	penalty_weight: 1000
	save_ckpts: True
	seed: 1
	steps: 1000
	tail_support_condition: missing_tail
	tail_support_head_env: 0.1
	tail_support_source_envs: 0.1,0.2,0.5,0.9
	tail_support_source_envs_parsed: (0.1, 0.2, 0.5, 0.9)
	tail_support_tail_env: 0.9
	test_env_ms: 0.9
	test_envs: 0.0,0.1,0.2,0.3,0.4,0.5,0.6,0.7,0.8,0.9,1.0
	train_env_ps: (0.1, 0.2, 0.5, 0.9)
	train_env_size_mode: random
	train_env_sizes: 6000,1500,500,0
	train_env_sizes_parsed: (6000, 1500, 500, 0)
	train_envs: 0.1,0.2,0.5,0.9
	weight_decay: 0
Dropped zero-sized training environments: [0.9]
Train environment sample counts: [6000, 1500, 500]
Requested train environments: [0.1, 0.2, 0.5, 0.9]
Active train environments: [0.1, 0.2, 0.5]
Train domain count map: {'0.1': 6000, '0.2': 1500, '0.5': 500, '0.9': 0}
Empirical training prior map: {'0.1': 0.75, '0.2': 0.1875, '0.5': 0.0625, '0.9': 0.0}
train_sandbox.py:231: FutureWarning: You are using `torch.load` with `weights_only=False` (the current default value), which uses the default pickle module implicitly. It is possible to construct malicious pickle data which will execute arbitrary code during unpickling (See https://github.com/pytorch/pytorch/blob/main/SECURITY.md#untrusted-models for more details). In a future release, the default value for `weights_only` will be flipped to `True`. This limits the functions that could be executed during unpickling. Arbitrary objects will no longer be allowed to be loaded via this mode unless they are explicitly allowlisted by the user via `torch.serialization.add_safe_globals`. We recommend you start setting `weights_only=True` for any use case where you don't have full control of the loaded file. Please open an issue on GitHub for any issues related to this experimental feature.
  algorithm.load_state_dict(torch.load(erm_ckpt_pth, map_location=device), strict=False)
ERM-pretrained model loaded: 8928c6e86d49890b6e91b7d1c0af8229.
0.0_acc       0.0_loss      0.1_acc       0.1_loss      0.2_acc       0.2_loss      0.3_acc       0.3_loss      0.4_acc       0.4_loss      0.5_acc       0.5_loss      0.6_acc       0.6_loss      0.7_acc       0.7_loss      0.8_acc       0.8_loss      0.9_acc       0.9_loss      1.0_acc       1.0_loss      avg_step_tim  epoch         loss          mem_gb        step         
0.9061000000  0.2194025517  0.8338000000  0.4700927734  0.7741000000  0.6442890167  0.7112000000  0.8758001924  0.6431000000  1.0639932156  0.5770000000  1.3109146357  0.5088000000  1.5258628130  0.4417000000  1.7637995481  0.3837000000  1.9362496138  0.3109000000  2.1962244511  0.2466000000  2.3774666786  0.0180733575  4218.7500000  0.1868596971  0.2788195610  450          
0.0_acc       0.0_loss      0.1_acc       0.1_loss      0.2_acc       0.2_loss      0.3_acc       0.3_loss      0.4_acc       0.4_loss      0.5_acc       0.5_loss      0.6_acc       0.6_loss      0.7_acc       0.7_loss      0.8_acc       0.8_loss      0.9_acc       0.9_loss      1.0_acc       1.0_loss      avg_step_tim  epoch         loss          mem_gb        step         
0.9133000000  0.2025123239  0.8379000000  0.5059130192  0.7743000000  0.7197602391  0.7124000000  0.9990960956  0.6388000000  1.2279759645  0.5683000000  1.5303862095  0.4988000000  1.7926036119  0.4301000000  2.0772008896  0.3691000000  2.2889554501  0.2913000000  2.6062996387  0.2257000000  2.8295142651  0.0210541563  4687.5000000  0.1623748839  0.2788200378  500          
0.0_acc       0.0_loss      0.1_acc       0.1_loss      0.2_acc       0.2_loss      0.3_acc       0.3_loss      0.4_acc       0.4_loss      0.5_acc       0.5_loss      0.6_acc       0.6_loss      0.7_acc       0.7_loss      0.8_acc       0.8_loss      0.9_acc       0.9_loss      1.0_acc       1.0_loss      avg_step_tim  epoch         loss          mem_gb        step         
0.9220000000  0.1884797513  0.8436000000  0.5256496072  0.7778000000  0.7625498176  0.7123000000  1.0678631067  0.6367000000  1.3257771730  0.5642000000  1.6588691473  0.4922000000  1.9490960836  0.4196000000  2.2646720409  0.3529000000  2.4988148212  0.2755000000  2.8511238098  0.2081000000  3.0966634750  0.0162912828  5156.2500000  0.1358555704  0.2788200378  550          
0.0_acc       0.0_loss      0.1_acc       0.1_loss      0.2_acc       0.2_loss      0.3_acc       0.3_loss      0.4_acc       0.4_loss      0.5_acc       0.5_loss      0.6_acc       0.6_loss      0.7_acc       0.7_loss      0.8_acc       0.8_loss      0.9_acc       0.9_loss      1.0_acc       1.0_loss      avg_step_tim  epoch         loss          mem_gb        step         
0.9308000000  0.1708756089  0.8487000000  0.5366570950  0.7814000000  0.8000367880  0.7109000000  1.1336070299  0.6317000000  1.4175047874  0.5547000000  1.7831070423  0.4805000000  2.1026859283  0.4072000000  2.4455542564  0.3374000000  2.7029342651  0.2545000000  3.0911350250  0.1856000000  3.3582928181  0.0149558079  5625.0000000  0.1304501146  0.2788200378  600          
0.0_acc       0.0_loss      0.1_acc       0.1_loss      0.2_acc       0.2_loss      0.3_acc       0.3_loss      0.4_acc       0.4_loss      0.5_acc       0.5_loss      0.6_acc       0.6_loss      0.7_acc       0.7_loss      0.8_acc       0.8_loss      0.9_acc       0.9_loss      1.0_acc       1.0_loss      avg_step_tim  epoch         loss          mem_gb        step         
0.9386000000  0.1547013819  0.8537000000  0.5458328724  0.7819000000  0.8319181204  0.7093000000  1.1867431402  0.6295000000  1.4952673912  0.5493000000  1.8858866692  0.4738000000  2.2301731110  0.3965000000  2.5978477001  0.3259000000  2.8756077290  0.2403000000  3.2906084061  0.1681000000  3.5800304413  0.0163221425  6093.7500000  0.1258314252  0.2788200378  650          
0.0_acc       0.0_loss      0.1_acc       0.1_loss      0.2_acc       0.2_loss      0.3_acc       0.3_loss      0.4_acc       0.4_loss      0.5_acc       0.5_loss      0.6_acc       0.6_loss      0.7_acc       0.7_loss      0.8_acc       0.8_loss      0.9_acc       0.9_loss      1.0_acc       1.0_loss      avg_step_tim  epoch         loss          mem_gb        step         
0.9375000000  0.1560703516  0.8532000000  0.5520581603  0.7808000000  0.8409271240  0.7085000000  1.1968162060  0.6304000000  1.5097657442  0.5505000000  1.9021660089  0.4746000000  2.2513191700  0.3974000000  2.6218822002  0.3271000000  2.9032189846  0.2412000000  3.3215842247  0.1694000000  3.6128084660  0.0135546150  6562.5000000  0.1192073971  0.2788200378  700          
0.0_acc       0.0_loss      0.1_acc       0.1_loss      0.2_acc       0.2_loss      0.3_acc       0.3_loss      0.4_acc       0.4_loss      0.5_acc       0.5_loss      0.6_acc       0.6_loss      0.7_acc       0.7_loss      0.8_acc       0.8_loss      0.9_acc       0.9_loss      1.0_acc       1.0_loss      avg_step_tim  epoch         loss          mem_gb        step         
0.9394000000  0.1520967484  0.8543000000  0.5578860044  0.7810000000  0.8555541635  0.7090000000  1.2197149992  0.6302000000  1.5416119099  0.5491000000  1.9445482492  0.4712000000  2.3038470745  0.3946000000  2.6836299896  0.3231000000  2.9725189209  0.2375000000  3.4014358521  0.1630000000  3.7010583878  0.0122675594  7031.2500000  0.1135916859  0.2788200378  750          
0.0_acc       0.0_loss      0.1_acc       0.1_loss      0.2_acc       0.2_loss      0.3_acc       0.3_loss      0.4_acc       0.4_loss      0.5_acc       0.5_loss      0.6_acc       0.6_loss      0.7_acc       0.7_loss      0.8_acc       0.8_loss      0.9_acc       0.9_loss      1.0_acc       1.0_loss      avg_step_tim  epoch         loss          mem_gb        step         
0.9398000000  0.1491843015  0.8546000000  0.5603735447  0.7813000000  0.8628175855  0.7085000000  1.2322338820  0.6298000000  1.5590968132  0.5478000000  1.9677685499  0.4700000000  2.3327667713  0.3935000000  2.7182426453  0.3211000000  3.0118179321  0.2348000000  3.4468476772  0.1605000000  3.7510662079  0.0112779954  7500.0000000  0.1103638634  0.2788200378  800          
0.0_acc       0.0_loss      0.1_acc       0.1_loss      0.2_acc       0.2_loss      0.3_acc       0.3_loss      0.4_acc       0.4_loss      0.5_acc       0.5_loss      0.6_acc       0.6_loss      0.7_acc       0.7_loss      0.8_acc       0.8_loss      0.9_acc       0.9_loss      1.0_acc       1.0_loss      avg_step_tim  epoch         loss          mem_gb        step         
0.9414000000  0.1464783400  0.8561000000  0.5631756783  0.7817000000  0.8702911735  0.7087000000  1.2436734438  0.6292000000  1.5761550665  0.5460000000  1.9897136688  0.4684000000  2.3605327606  0.3910000000  2.7510495186  0.3184000000  3.0491428375  0.2320000000  3.4901165962  0.1570000000  3.7991342545  0.0111295616  7968.7500000  0.1124870628  0.2788200378  850          
0.0_acc       0.0_loss      0.1_acc       0.1_loss      0.2_acc       0.2_loss      0.3_acc       0.3_loss      0.4_acc       0.4_loss      0.5_acc       0.5_loss      0.6_acc       0.6_loss      0.7_acc       0.7_loss      0.8_acc       0.8_loss      0.9_acc       0.9_loss      1.0_acc       1.0_loss      avg_step_tim  epoch         loss          mem_gb        step         
0.9431000000  0.1432503611  0.8572000000  0.5646394491  0.7821000000  0.8763778806  0.7095000000  1.2540513277  0.6277000000  1.5911203623  0.5451000000  2.0097835064  0.4670000000  2.3860146999  0.3890000000  2.7807812691  0.3160000000  3.0828726292  0.2292000000  3.5293881893  0.1538000000  3.8428585529  0.0102320970  8437.5000000  0.1115814745  0.2788200378  900          
0.0_acc       0.0_loss      0.1_acc       0.1_loss      0.2_acc       0.2_loss      0.3_acc       0.3_loss      0.4_acc       0.4_loss      0.5_acc       0.5_loss      0.6_acc       0.6_loss      0.7_acc       0.7_loss      0.8_acc       0.8_loss      0.9_acc       0.9_loss      1.0_acc       1.0_loss      avg_step_tim  epoch         loss          mem_gb        step         
0.9429000000  0.1428984404  0.8571000000  0.5649033785  0.7823000000  0.8772485852  0.7092000000  1.2553274632  0.6284000000  1.5931509733  0.5451000000  2.0123214722  0.4673000000  2.3892219067  0.3890000000  2.7846901417  0.3164000000  3.0872750282  0.2285000000  3.5346710682  0.1536000000  3.8485186100  0.0096201186  8906.2500000  0.1094062850  0.2788200378  950          
0.0_acc       0.0_loss      0.1_acc       0.1_loss      0.2_acc       0.2_loss      0.3_acc       0.3_loss      0.4_acc       0.4_loss      0.5_acc       0.5_loss      0.6_acc       0.6_loss      0.7_acc       0.7_loss      0.8_acc       0.8_loss      0.9_acc       0.9_loss      1.0_acc       1.0_loss      avg_step_tim  epoch         loss          mem_gb        step         
0.9428000000  0.1426773369  0.8569000000  0.5649456382  0.7820000000  0.8775085807  0.7093000000  1.2557833195  0.6285000000  1.5938357115  0.5451000000  2.0132169724  0.4672000000  2.3904869556  0.3889000000  2.7860600948  0.3164000000  3.0888781548  0.2284000000  3.5365545750  0.1534000000  3.8506541252  0.0092640798  9375.0000000  0.1093369648  0.2788200378  1000         
[2.01, 2.2, 2.38, 2.57, 2.75, 2.93, 3.12, 3.31, 3.49, 3.67, 3.88]

final accuracies:
0.0    0.1    0.2    0.3    0.4    0.5    0.6    0.7    0.8    0.9    1.0   
0.940  0.866  0.781  0.697  0.620  0.555  0.462  0.386  0.303  0.233  0.150 
[1.31, 1.41, 1.52, 1.63, 1.74, 1.84, 1.95, 2.06, 2.16, 2.27, 2.39]

best accuracies:
0.0    0.1    0.2    0.3    0.4    0.5    0.6    0.7    0.8    0.9    1.0   
0.904  0.841  0.768  0.697  0.634  0.584  0.501  0.443  0.374  0.318  0.244 
Args:
	algorithm: iro
	alpha: 0.4
	batch_size: 25000
	data_dir: ..\data
	deterministic: False
	dropout_p: 0.2
	erm_pretrain_iters: 400
	eval_freq: 50
	exp_name: e3b_tail_support
	full_resolution: False
	groupdro_eta: 1.0
	loss_fn: nll
	lr: 0.0001
	lr_cos_sched: True
	lr_factor_reduction: 1
	mlp_hidden_dim: 390
	n_workers: 0
	network: FiLMedMLP
	other_arg: default
	output_dir: ..\results\E3b_tail_support
	penalty_weight: 1000
	save_ckpts: True
	seed: 1
	steps: 600
	tail_support_condition: missing_tail
	tail_support_head_env: 0.1
	tail_support_source_envs: 0.1,0.2,0.5,0.9
	tail_support_source_envs_parsed: (0.1, 0.2, 0.5, 0.9)
	tail_support_tail_env: 0.9
	test_env_ms: 0.9
	test_envs: 0.0,0.1,0.2,0.3,0.4,0.5,0.6,0.7,0.8,0.9,1.0
	train_env_ps: (0.1, 0.2, 0.5, 0.9)
	train_env_size_mode: random
	train_env_sizes: 6000,1500,500,0
	train_env_sizes_parsed: (6000, 1500, 500, 0)
	train_envs: 0.1,0.2,0.5,0.9
	weight_decay: 0
Dropped zero-sized training environments: [0.9]
Train environment sample counts: [6000, 1500, 500]
Requested train environments: [0.1, 0.2, 0.5, 0.9]
Active train environments: [0.1, 0.2, 0.5]
Train domain count map: {'0.1': 6000, '0.2': 1500, '0.5': 500, '0.9': 0}
Empirical training prior map: {'0.1': 0.75, '0.2': 0.1875, '0.5': 0.0625, '0.9': 0.0}
train_sandbox.py:231: FutureWarning: You are using `torch.load` with `weights_only=False` (the current default value), which uses the default pickle module implicitly. It is possible to construct malicious pickle data which will execute arbitrary code during unpickling (See https://github.com/pytorch/pytorch/blob/main/SECURITY.md#untrusted-models for more details). In a future release, the default value for `weights_only` will be flipped to `True`. This limits the functions that could be executed during unpickling. Arbitrary objects will no longer be allowed to be loaded via this mode unless they are explicitly allowlisted by the user via `torch.serialization.add_safe_globals`. We recommend you start setting `weights_only=True` for any use case where you don't have full control of the loaded file. Please open an issue on GitHub for any issues related to this experimental feature.
  algorithm.load_state_dict(torch.load(erm_ckpt_pth, map_location=device), strict=False)
ERM-pretrained model loaded: 8928c6e86d49890b6e91b7d1c0af8229.
Traceback (most recent call last):
  File "train_sandbox.py", line 285, in <module>
    results[env_name + '_acc'] = misc.accuracy(algorithm, env_loader, device, alpha=h_alphas_train[i])
IndexError: list index out of range
Args:
	algorithm: inftask
	alpha: 0.4
	batch_size: 25000
	data_dir: ..\data
	deterministic: False
	dropout_p: 0.2
	erm_pretrain_iters: 400
	eval_freq: 50
	exp_name: e3b_tail_support
	full_resolution: False
	groupdro_eta: 1.0
	loss_fn: nll
	lr: 0.0001
	lr_cos_sched: True
	lr_factor_reduction: 1
	mlp_hidden_dim: 390
	n_workers: 0
	network: FiLMedMLP
	other_arg: default
	output_dir: ..\results\E3b_tail_support
	penalty_weight: 1000
	save_ckpts: True
	seed: 1
	steps: 600
	tail_support_condition: missing_tail
	tail_support_head_env: 0.1
	tail_support_source_envs: 0.1,0.2,0.5,0.9
	tail_support_source_envs_parsed: (0.1, 0.2, 0.5, 0.9)
	tail_support_tail_env: 0.9
	test_env_ms: 0.9
	test_envs: 0.0,0.1,0.2,0.3,0.4,0.5,0.6,0.7,0.8,0.9,1.0
	train_env_ps: (0.1, 0.2, 0.5, 0.9)
	train_env_size_mode: random
	train_env_sizes: 6000,1500,500,0
	train_env_sizes_parsed: (6000, 1500, 500, 0)
	train_envs: 0.1,0.2,0.5,0.9
	weight_decay: 0
Dropped zero-sized training environments: [0.9]
Train environment sample counts: [6000, 1500, 500]
Requested train environments: [0.1, 0.2, 0.5, 0.9]
Active train environments: [0.1, 0.2, 0.5]
Train domain count map: {'0.1': 6000, '0.2': 1500, '0.5': 500, '0.9': 0}
Empirical training prior map: {'0.1': 0.75, '0.2': 0.1875, '0.5': 0.0625, '0.9': 0.0}
train_sandbox.py:231: FutureWarning: You are using `torch.load` with `weights_only=False` (the current default value), which uses the default pickle module implicitly. It is possible to construct malicious pickle data which will execute arbitrary code during unpickling (See https://github.com/pytorch/pytorch/blob/main/SECURITY.md#untrusted-models for more details). In a future release, the default value for `weights_only` will be flipped to `True`. This limits the functions that could be executed during unpickling. Arbitrary objects will no longer be allowed to be loaded via this mode unless they are explicitly allowlisted by the user via `torch.serialization.add_safe_globals`. We recommend you start setting `weights_only=True` for any use case where you don't have full control of the loaded file. Please open an issue on GitHub for any issues related to this experimental feature.
  algorithm.load_state_dict(torch.load(erm_ckpt_pth, map_location=device), strict=False)
ERM-pretrained model loaded: 8928c6e86d49890b6e91b7d1c0af8229.
Traceback (most recent call last):
  File "train_sandbox.py", line 285, in <module>
    results[env_name + '_acc'] = misc.accuracy(algorithm, env_loader, device, alpha=h_alphas_train[i])
IndexError: list index out of range
Args:
	algorithm: erm
	alpha: 0.4
	batch_size: 25000
	data_dir: ..\data
	deterministic: False
	dropout_p: 0.2
	erm_pretrain_iters: 0
	eval_freq: 50
	exp_name: e3b_tail_support
	full_resolution: False
	groupdro_eta: 1.0
	loss_fn: nll
	lr: 0.0001
	lr_cos_sched: False
	lr_factor_reduction: 1
	mlp_hidden_dim: 390
	n_workers: 0
	network: FiLMedMLP
	other_arg: default
	output_dir: ..\results\E3b_tail_support
	penalty_weight: 1000
	save_ckpts: False
	seed: 2
	steps: 600
	tail_support_condition: balanced_visible
	tail_support_head_env: 0.1
	tail_support_source_envs: 0.1,0.2,0.5,0.9
	tail_support_source_envs_parsed: (0.1, 0.2, 0.5, 0.9)
	tail_support_tail_env: 0.9
	test_env_ms: 0.9
	test_envs: 0.0,0.1,0.2,0.3,0.4,0.5,0.6,0.7,0.8,0.9,1.0
	train_env_ps: (0.1, 0.2, 0.5, 0.9)
	train_env_size_mode: random
	train_env_sizes: 2000,2000,2000,2000
	train_env_sizes_parsed: (2000, 2000, 2000, 2000)
	train_envs: 0.1,0.2,0.5,0.9
	weight_decay: 0
Train environment sample counts: [2000, 2000, 2000, 2000]
Requested train environments: [0.1, 0.2, 0.5, 0.9]
Active train environments: [0.1, 0.2, 0.5, 0.9]
Train domain count map: {'0.1': 2000, '0.2': 2000, '0.5': 2000, '0.9': 2000}
Empirical training prior map: {'0.1': 0.25, '0.2': 0.25, '0.5': 0.25, '0.9': 0.25}
0.0_acc       0.0_loss      0.1_acc       0.1_loss      0.2_acc       0.2_loss      0.3_acc       0.3_loss      0.4_acc       0.4_loss      0.5_acc       0.5_loss      0.6_acc       0.6_loss      0.7_acc       0.7_loss      0.8_acc       0.8_loss      0.9_acc       0.9_loss      1.0_acc       1.0_loss      avg_step_tim  epoch         loss          mem_gb        step         
0.7959000000  0.5012810826  0.7605000000  0.5326557755  0.7239000000  0.5649664402  0.6921000000  0.5968882442  0.6687000000  0.6202825904  0.6336000000  0.6500980258  0.6080000000  0.6766161919  0.5805000000  0.7076910138  0.5479000000  0.7362074852  0.5098000000  0.7699618936  0.4843000000  0.7927362323  0.1392807961  625.00000000  0.6248353720  0.2862210274  50           
0.0_acc       0.0_loss      0.1_acc       0.1_loss      0.2_acc       0.2_loss      0.3_acc       0.3_loss      0.4_acc       0.4_loss      0.5_acc       0.5_loss      0.6_acc       0.6_loss      0.7_acc       0.7_loss      0.8_acc       0.8_loss      0.9_acc       0.9_loss      1.0_acc       1.0_loss      avg_step_tim  epoch         loss          mem_gb        step         
0.7745000000  0.4912633598  0.7470000000  0.5253288150  0.7217000000  0.5564568043  0.7041000000  0.5886777043  0.6931000000  0.6095883846  0.6744000000  0.6349643469  0.6630000000  0.6556032896  0.6370000000  0.6848970652  0.6185000000  0.7120752931  0.5954000000  0.7482192516  0.5811000000  0.7675764561  0.0908387876  1250.0000000  0.5782746077  0.2862210274  100          
0.0_acc       0.0_loss      0.1_acc       0.1_loss      0.2_acc       0.2_loss      0.3_acc       0.3_loss      0.4_acc       0.4_loss      0.5_acc       0.5_loss      0.6_acc       0.6_loss      0.7_acc       0.7_loss      0.8_acc       0.8_loss      0.9_acc       0.9_loss      1.0_acc       1.0_loss      avg_step_tim  epoch         loss          mem_gb        step         
0.7656000000  0.4936315417  0.7389000000  0.5311922431  0.7208000000  0.5623207092  0.7040000000  0.5953781009  0.6979000000  0.6163600087  0.6827000000  0.6348668337  0.6747000000  0.6543013453  0.6591000000  0.6854106188  0.6410000000  0.7120037675  0.6215000000  0.7507030368  0.6113000000  0.7673942447  0.0653180790  1875.0000000  0.5344420671  0.2862210274  150          
0.0_acc       0.0_loss      0.1_acc       0.1_loss      0.2_acc       0.2_loss      0.3_acc       0.3_loss      0.4_acc       0.4_loss      0.5_acc       0.5_loss      0.6_acc       0.6_loss      0.7_acc       0.7_loss      0.8_acc       0.8_loss      0.9_acc       0.9_loss      1.0_acc       1.0_loss      avg_step_tim  epoch         loss          mem_gb        step         
0.7612000000  0.5021361113  0.7384000000  0.5432037711  0.7181000000  0.5806500316  0.7003000000  0.6177104115  0.6942000000  0.6402572393  0.6824000000  0.6561513543  0.6730000000  0.6785333753  0.6541000000  0.7148445249  0.6403000000  0.7428627014  0.6196000000  0.7886461616  0.6104000000  0.8051064014  0.0406824088  2500.0000000  0.4833061993  0.2862210274  200          
0.0_acc       0.0_loss      0.1_acc       0.1_loss      0.2_acc       0.2_loss      0.3_acc       0.3_loss      0.4_acc       0.4_loss      0.5_acc       0.5_loss      0.6_acc       0.6_loss      0.7_acc       0.7_loss      0.8_acc       0.8_loss      0.9_acc       0.9_loss      1.0_acc       1.0_loss      avg_step_tim  epoch         loss          mem_gb        step         
0.7545000000  0.5316580534  0.7292000000  0.5748500228  0.7098000000  0.6202309728  0.6898000000  0.6589342356  0.6844000000  0.6817945242  0.6774000000  0.6982651949  0.6673000000  0.7232644558  0.6478000000  0.7631974220  0.6308000000  0.7939656377  0.6122000000  0.8456979990  0.6017000000  0.8621875644  0.0366911163  3125.0000000  0.4177800715  0.2862210274  250          
0.0_acc       0.0_loss      0.1_acc       0.1_loss      0.2_acc       0.2_loss      0.3_acc       0.3_loss      0.4_acc       0.4_loss      0.5_acc       0.5_loss      0.6_acc       0.6_loss      0.7_acc       0.7_loss      0.8_acc       0.8_loss      0.9_acc       0.9_loss      1.0_acc       1.0_loss      avg_step_tim  epoch         loss          mem_gb        step         
0.7467000000  0.5794875622  0.7199000000  0.6233315468  0.7021000000  0.6773884296  0.6837000000  0.7176513076  0.6743000000  0.7383037806  0.6713000000  0.7566472292  0.6616000000  0.7807770371  0.6399000000  0.8252057433  0.6261000000  0.8592921495  0.6075000000  0.9137184620  0.5973000000  0.9318212867  0.0315950330  3750.0000000  0.3509440720  0.2862210274  300          
0.0_acc       0.0_loss      0.1_acc       0.1_loss      0.2_acc       0.2_loss      0.3_acc       0.3_loss      0.4_acc       0.4_loss      0.5_acc       0.5_loss      0.6_acc       0.6_loss      0.7_acc       0.7_loss      0.8_acc       0.8_loss      0.9_acc       0.9_loss      1.0_acc       1.0_loss      avg_step_tim  epoch         loss          mem_gb        step         
0.7368000000  0.6298795938  0.7132000000  0.6746338010  0.6927000000  0.7381614447  0.6762000000  0.7820113301  0.6650000000  0.8022315502  0.6666000000  0.8231945038  0.6519000000  0.8513877988  0.6338000000  0.8974204659  0.6207000000  0.9371413589  0.6025000000  0.9940072298  0.5916000000  1.0150134563  0.0245560884  4375.0000000  0.3007975817  0.2862210274  350          
0.0_acc       0.0_loss      0.1_acc       0.1_loss      0.2_acc       0.2_loss      0.3_acc       0.3_loss      0.4_acc       0.4_loss      0.5_acc       0.5_loss      0.6_acc       0.6_loss      0.7_acc       0.7_loss      0.8_acc       0.8_loss      0.9_acc       0.9_loss      1.0_acc       1.0_loss      avg_step_tim  epoch         loss          mem_gb        step         
0.7359000000  0.6751269102  0.7144000000  0.7232328057  0.6908000000  0.7965831757  0.6753000000  0.8496982455  0.6626000000  0.8710098267  0.6592000000  0.8999792933  0.6433000000  0.9316529036  0.6279000000  0.9823970199  0.6112000000  1.0327901840  0.5933000000  1.0931524038  0.5802000000  1.1229795218  0.0244883376  5000.0000000  0.2565408349  0.2862210274  400          
0.0_acc       0.0_loss      0.1_acc       0.1_loss      0.2_acc       0.2_loss      0.3_acc       0.3_loss      0.4_acc       0.4_loss      0.5_acc       0.5_loss      0.6_acc       0.6_loss      0.7_acc       0.7_loss      0.8_acc       0.8_loss      0.9_acc       0.9_loss      1.0_acc       1.0_loss      avg_step_tim  epoch         loss          mem_gb        step         
0.7301000000  0.7437341809  0.7082000000  0.7908563018  0.6880000000  0.8722930551  0.6725000000  0.9291851521  0.6651000000  0.9473585486  0.6577000000  0.9801856279  0.6420000000  1.0120542049  0.6269000000  1.0652167797  0.6120000000  1.1191120148  0.5949000000  1.1814874411  0.5835000000  1.2128667831  0.0217619128  5625.0000000  0.2184329480  0.2862210274  450          
0.0_acc       0.0_loss      0.1_acc       0.1_loss      0.2_acc       0.2_loss      0.3_acc       0.3_loss      0.4_acc       0.4_loss      0.5_acc       0.5_loss      0.6_acc       0.6_loss      0.7_acc       0.7_loss      0.8_acc       0.8_loss      0.9_acc       0.9_loss      1.0_acc       1.0_loss      avg_step_tim  epoch         loss          mem_gb        step         
0.7183000000  0.8170976639  0.7009000000  0.8613569140  0.6791000000  0.9434036613  0.6689000000  1.0015960932  0.6584000000  1.0140063763  0.6553000000  1.0441761017  0.6417000000  1.0727468729  0.6273000000  1.1230179071  0.6143000000  1.1795325279  0.5994000000  1.2376898527  0.5901000000  1.2685505152  0.0192749777  6250.0000000  0.1904167831  0.2862210274  500          
0.0_acc       0.0_loss      0.1_acc       0.1_loss      0.2_acc       0.2_loss      0.3_acc       0.3_loss      0.4_acc       0.4_loss      0.5_acc       0.5_loss      0.6_acc       0.6_loss      0.7_acc       0.7_loss      0.8_acc       0.8_loss      0.9_acc       0.9_loss      1.0_acc       1.0_loss      avg_step_tim  epoch         loss          mem_gb        step         
0.7272000000  0.8304875493  0.7061000000  0.8845462799  0.6861000000  0.9836698771  0.6691000000  1.0532217026  0.6564000000  1.0757312775  0.6529000000  1.1185134649  0.6364000000  1.1560281515  0.6162000000  1.2185323238  0.6046000000  1.2886569500  0.5876000000  1.3582724333  0.5737000000  1.4022907019  0.0168424086  6875.0000000  0.1719077528  0.2862210274  550          
0.0_acc       0.0_loss      0.1_acc       0.1_loss      0.2_acc       0.2_loss      0.3_acc       0.3_loss      0.4_acc       0.4_loss      0.5_acc       0.5_loss      0.6_acc       0.6_loss      0.7_acc       0.7_loss      0.8_acc       0.8_loss      0.9_acc       0.9_loss      1.0_acc       1.0_loss      avg_step_tim  epoch         loss          mem_gb        step         
0.7172000000  0.9089190364  0.6993000000  0.9582068920  0.6810000000  1.0599329472  0.6656000000  1.1290377378  0.6545000000  1.1494073868  0.6513000000  1.1879392862  0.6348000000  1.2240380049  0.6212000000  1.2860487700  0.6103000000  1.3544640541  0.5928000000  1.4202052355  0.5810000000  1.4641448259  0.0160814182  7500.0000000  0.1485826224  0.2862210274  600          
[1.18, 1.21, 1.23, 1.26, 1.29, 1.32, 1.35, 1.38, 1.41, 1.44, 1.48]

final accuracies:
0.0    0.1    0.2    0.3    0.4    0.5    0.6    0.7    0.8    0.9    1.0   
0.712  0.700  0.691  0.670  0.659  0.647  0.627  0.622  0.607  0.598  0.572 
[0.64, 0.65, 0.66, 0.68, 0.69, 0.7, 0.72, 0.73, 0.75, 0.76, 0.78]

best accuracies:
0.0    0.1    0.2    0.3    0.4    0.5    0.6    0.7    0.8    0.9    1.0   
0.754  0.741  0.733  0.711  0.695  0.685  0.666  0.658  0.641  0.628  0.604 
Args:
	algorithm: irm
	alpha: 0.4
	batch_size: 25000
	data_dir: ..\data
	deterministic: False
	dropout_p: 0.2
	erm_pretrain_iters: 400
	eval_freq: 50
	exp_name: e3b_tail_support
	full_resolution: False
	groupdro_eta: 1.0
	loss_fn: nll
	lr: 0.0001
	lr_cos_sched: True
	lr_factor_reduction: 1
	mlp_hidden_dim: 390
	n_workers: 0
	network: FiLMedMLP
	other_arg: default
	output_dir: ..\results\E3b_tail_support
	penalty_weight: 1000.0
	save_ckpts: True
	seed: 2
	steps: 600
	tail_support_condition: balanced_visible
	tail_support_head_env: 0.1
	tail_support_source_envs: 0.1,0.2,0.5,0.9
	tail_support_source_envs_parsed: (0.1, 0.2, 0.5, 0.9)
	tail_support_tail_env: 0.9
	test_env_ms: 0.9
	test_envs: 0.0,0.1,0.2,0.3,0.4,0.5,0.6,0.7,0.8,0.9,1.0
	train_env_ps: (0.1, 0.2, 0.5, 0.9)
	train_env_size_mode: random
	train_env_sizes: 2000,2000,2000,2000
	train_env_sizes_parsed: (2000, 2000, 2000, 2000)
	train_envs: 0.1,0.2,0.5,0.9
	weight_decay: 0
Train environment sample counts: [2000, 2000, 2000, 2000]
Requested train environments: [0.1, 0.2, 0.5, 0.9]
Active train environments: [0.1, 0.2, 0.5, 0.9]
Train domain count map: {'0.1': 2000, '0.2': 2000, '0.5': 2000, '0.9': 2000}
Empirical training prior map: {'0.1': 0.25, '0.2': 0.25, '0.5': 0.25, '0.9': 0.25}
0.0_acc       0.0_loss      0.1_acc       0.1_loss      0.2_acc       0.2_loss      0.3_acc       0.3_loss      0.4_acc       0.4_loss      0.5_acc       0.5_loss      0.6_acc       0.6_loss      0.7_acc       0.7_loss      0.8_acc       0.8_loss      0.9_acc       0.9_loss      1.0_acc       1.0_loss      avg_step_tim  epoch         loss          mem_gb        step         
0.7959000000  0.5012810826  0.7605000000  0.5326557755  0.7239000000  0.5649664402  0.6921000000  0.5968882442  0.6687000000  0.6202825904  0.6336000000  0.6500980258  0.6080000000  0.6766161919  0.5805000000  0.7076910138  0.5479000000  0.7362074852  0.5098000000  0.7699618936  0.4843000000  0.7927362323  0.1366935921  625.00000000  0.6248353720  0.2862210274  50           
0.0_acc       0.0_loss      0.1_acc       0.1_loss      0.2_acc       0.2_loss      0.3_acc       0.3_loss      0.4_acc       0.4_loss      0.5_acc       0.5_loss      0.6_acc       0.6_loss      0.7_acc       0.7_loss      0.8_acc       0.8_loss      0.9_acc       0.9_loss      1.0_acc       1.0_loss      avg_step_tim  epoch         loss          mem_gb        step         
0.7745000000  0.4912633598  0.7470000000  0.5253288150  0.7217000000  0.5564568043  0.7041000000  0.5886777043  0.6931000000  0.6095883846  0.6744000000  0.6349643469  0.6630000000  0.6556032896  0.6370000000  0.6848970652  0.6185000000  0.7120752931  0.5954000000  0.7482192516  0.5811000000  0.7675764561  0.0941076493  1250.0000000  0.5782746077  0.2862210274  100          
0.0_acc       0.0_loss      0.1_acc       0.1_loss      0.2_acc       0.2_loss      0.3_acc       0.3_loss      0.4_acc       0.4_loss      0.5_acc       0.5_loss      0.6_acc       0.6_loss      0.7_acc       0.7_loss      0.8_acc       0.8_loss      0.9_acc       0.9_loss      1.0_acc       1.0_loss      avg_step_tim  epoch         loss          mem_gb        step         
0.7656000000  0.4936315417  0.7389000000  0.5311922431  0.7208000000  0.5623207092  0.7040000000  0.5953781009  0.6979000000  0.6163600087  0.6827000000  0.6348668337  0.6747000000  0.6543013453  0.6591000000  0.6854106188  0.6410000000  0.7120037675  0.6215000000  0.7507030368  0.6113000000  0.7673942447  0.0597456503  1875.0000000  0.5344420671  0.2862210274  150          
0.0_acc       0.0_loss      0.1_acc       0.1_loss      0.2_acc       0.2_loss      0.3_acc       0.3_loss      0.4_acc       0.4_loss      0.5_acc       0.5_loss      0.6_acc       0.6_loss      0.7_acc       0.7_loss      0.8_acc       0.8_loss      0.9_acc       0.9_loss      1.0_acc       1.0_loss      avg_step_tim  epoch         loss          mem_gb        step         
0.7612000000  0.5021361113  0.7384000000  0.5432037711  0.7181000000  0.5806500316  0.7003000000  0.6177104115  0.6942000000  0.6402572393  0.6824000000  0.6561513543  0.6730000000  0.6785333753  0.6541000000  0.7148445249  0.6403000000  0.7428627014  0.6196000000  0.7886461616  0.6104000000  0.8051064014  0.0467407942  2500.0000000  0.4833061993  0.2862210274  200          
0.0_acc       0.0_loss      0.1_acc       0.1_loss      0.2_acc       0.2_loss      0.3_acc       0.3_loss      0.4_acc       0.4_loss      0.5_acc       0.5_loss      0.6_acc       0.6_loss      0.7_acc       0.7_loss      0.8_acc       0.8_loss      0.9_acc       0.9_loss      1.0_acc       1.0_loss      avg_step_tim  epoch         loss          mem_gb        step         
0.7545000000  0.5316580534  0.7292000000  0.5748500228  0.7098000000  0.6202309728  0.6898000000  0.6589342356  0.6844000000  0.6817945242  0.6774000000  0.6982651949  0.6673000000  0.7232644558  0.6478000000  0.7631974220  0.6308000000  0.7939656377  0.6122000000  0.8456979990  0.6017000000  0.8621875644  0.0345031385  3125.0000000  0.4177800715  0.2862210274  250          
0.0_acc       0.0_loss      0.1_acc       0.1_loss      0.2_acc       0.2_loss      0.3_acc       0.3_loss      0.4_acc       0.4_loss      0.5_acc       0.5_loss      0.6_acc       0.6_loss      0.7_acc       0.7_loss      0.8_acc       0.8_loss      0.9_acc       0.9_loss      1.0_acc       1.0_loss      avg_step_tim  epoch         loss          mem_gb        step         
0.7467000000  0.5794875622  0.7199000000  0.6233315468  0.7021000000  0.6773884296  0.6837000000  0.7176513076  0.6743000000  0.7383037806  0.6713000000  0.7566472292  0.6616000000  0.7807770371  0.6399000000  0.8252057433  0.6261000000  0.8592921495  0.6075000000  0.9137184620  0.5973000000  0.9318212867  0.0326608086  3750.0000000  0.3509440720  0.2862210274  300          
0.0_acc       0.0_loss      0.1_acc       0.1_loss      0.2_acc       0.2_loss      0.3_acc       0.3_loss      0.4_acc       0.4_loss      0.5_acc       0.5_loss      0.6_acc       0.6_loss      0.7_acc       0.7_loss      0.8_acc       0.8_loss      0.9_acc       0.9_loss      1.0_acc       1.0_loss      avg_step_tim  epoch         loss          mem_gb        step         
0.7368000000  0.6298795938  0.7132000000  0.6746338010  0.6927000000  0.7381614447  0.6762000000  0.7820113301  0.6650000000  0.8022315502  0.6666000000  0.8231945038  0.6519000000  0.8513877988  0.6338000000  0.8974204659  0.6207000000  0.9371413589  0.6025000000  0.9940072298  0.5916000000  1.0150134563  0.0278642212  4375.0000000  0.3007975817  0.2862210274  350          
0.0_acc       0.0_loss      0.1_acc       0.1_loss      0.2_acc       0.2_loss      0.3_acc       0.3_loss      0.4_acc       0.4_loss      0.5_acc       0.5_loss      0.6_acc       0.6_loss      0.7_acc       0.7_loss      0.8_acc       0.8_loss      0.9_acc       0.9_loss      1.0_acc       1.0_loss      avg_step_tim  epoch         loss          mem_gb        step         
0.7359000000  0.6751269102  0.7144000000  0.7232328057  0.6908000000  0.7965831757  0.6753000000  0.8496982455  0.6626000000  0.8710098267  0.6592000000  0.8999792933  0.6433000000  0.9316529036  0.6279000000  0.9823970199  0.6112000000  1.0327901840  0.5933000000  1.0931524038  0.5802000000  1.1229795218  0.0209346300  5000.0000000  0.2565408349  0.2862210274  400          
Saved ERM-pretrained model.
0.0_acc       0.0_loss      0.1_acc       0.1_loss      0.2_acc       0.2_loss      0.3_acc       0.3_loss      0.4_acc       0.4_loss      0.5_acc       0.5_loss      0.6_acc       0.6_loss      0.7_acc       0.7_loss      0.8_acc       0.8_loss      0.9_acc       0.9_loss      1.0_acc       1.0_loss      avg_step_tim  epoch         erm_loss      loss          mem_gb        penalty       step         
0.7140000000  0.8002235889  0.6926000000  0.8381738067  0.6783000000  0.9007167816  0.6678000000  0.9414096475  0.6640000000  0.9463847280  0.6620000000  0.9622271061  0.6568000000  0.9745351076  0.6463000000  1.0128930807  0.6360000000  1.0467385054  0.6231000000  1.1012281179  0.6182000000  1.1110328436  0.0238575066  5625.0000000  0.2665097713  0.0003042890  0.2862257957  0.0000377792  450          
0.0_acc       0.0_loss      0.1_acc       0.1_loss      0.2_acc       0.2_loss      0.3_acc       0.3_loss      0.4_acc       0.4_loss      0.5_acc       0.5_loss      0.6_acc       0.6_loss      0.7_acc       0.7_loss      0.8_acc       0.8_loss      0.9_acc       0.9_loss      1.0_acc       1.0_loss      avg_step_tim  epoch         erm_loss      loss          mem_gb        penalty       step         
0.7198000000  0.7864890695  0.6991000000  0.8283064365  0.6830000000  0.8944380879  0.6733000000  0.9387566447  0.6669000000  0.9463317394  0.6669000000  0.9629928470  0.6559000000  0.9802253842  0.6456000000  1.0221465826  0.6364000000  1.0601882935  0.6205000000  1.1184767485  0.6148000000  1.1296445131  0.0188732328  6250.0000000  0.2652307749  0.0003384369  0.2862257957  0.0000732061  500          
0.0_acc       0.0_loss      0.1_acc       0.1_loss      0.2_acc       0.2_loss      0.3_acc       0.3_loss      0.4_acc       0.4_loss      0.5_acc       0.5_loss      0.6_acc       0.6_loss      0.7_acc       0.7_loss      0.8_acc       0.8_loss      0.9_acc       0.9_loss      1.0_acc       1.0_loss      avg_step_tim  epoch         erm_loss      loss          mem_gb        penalty       step         
0.7137000000  0.8041431904  0.6950000000  0.8419475555  0.6803000000  0.9044849277  0.6703000000  0.9437863231  0.6664000000  0.9482948780  0.6672000000  0.9588540792  0.6596000000  0.9736619592  0.6480000000  1.0106261969  0.6396000000  1.0434998274  0.6260000000  1.0980613232  0.6222000000  1.1050044298  0.0190846226  6875.0000000  0.2683120668  0.0003958051  0.2862257957  0.0001274930  550          
0.0_acc       0.0_loss      0.1_acc       0.1_loss      0.2_acc       0.2_loss      0.3_acc       0.3_loss      0.4_acc       0.4_loss      0.5_acc       0.5_loss      0.6_acc       0.6_loss      0.7_acc       0.7_loss      0.8_acc       0.8_loss      0.9_acc       0.9_loss      1.0_acc       1.0_loss      avg_step_tim  epoch         erm_loss      loss          mem_gb        penalty       step         
0.7199000000  0.7850093842  0.6987000000  0.8271186352  0.6835000000  0.8952537775  0.6729000000  0.9392473102  0.6664000000  0.9486657977  0.6675000000  0.9645103216  0.6575000000  0.9837371707  0.6459000000  1.0260708332  0.6360000000  1.0639368296  0.6222000000  1.1237677336  0.6157000000  1.1352003813  0.0152841791  7500.0000000  0.2666415572  0.0002943618  0.2862257957  0.0000277202  600          
[0.97, 0.98, 1.0, 1.02, 1.03, 1.05, 1.07, 1.09, 1.11, 1.12, 1.15]

final accuracies:
0.0    0.1    0.2    0.3    0.4    0.5    0.6    0.7    0.8    0.9    1.0   
0.707  0.702  0.698  0.681  0.669  0.660  0.651  0.645  0.635  0.630  0.608 
[0.96, 0.97, 0.99, 1.0, 1.02, 1.03, 1.05, 1.06, 1.08, 1.09, 1.12]

best accuracies:
0.0    0.1    0.2    0.3    0.4    0.5    0.6    0.7    0.8    0.9    1.0   
0.700  0.698  0.694  0.680  0.668  0.662  0.652  0.647  0.640  0.636  0.615 
Args:
	algorithm: groupdro
	alpha: 0.4
	batch_size: 25000
	data_dir: ..\data
	deterministic: False
	dropout_p: 0.2
	erm_pretrain_iters: 400
	eval_freq: 50
	exp_name: e3b_tail_support
	full_resolution: False
	groupdro_eta: 0.1
	loss_fn: nll
	lr: 0.0001
	lr_cos_sched: True
	lr_factor_reduction: 1
	mlp_hidden_dim: 390
	n_workers: 0
	network: FiLMedMLP
	other_arg: default
	output_dir: ..\results\E3b_tail_support
	penalty_weight: 1000
	save_ckpts: True
	seed: 2
	steps: 1000
	tail_support_condition: balanced_visible
	tail_support_head_env: 0.1
	tail_support_source_envs: 0.1,0.2,0.5,0.9
	tail_support_source_envs_parsed: (0.1, 0.2, 0.5, 0.9)
	tail_support_tail_env: 0.9
	test_env_ms: 0.9
	test_envs: 0.0,0.1,0.2,0.3,0.4,0.5,0.6,0.7,0.8,0.9,1.0
	train_env_ps: (0.1, 0.2, 0.5, 0.9)
	train_env_size_mode: random
	train_env_sizes: 2000,2000,2000,2000
	train_env_sizes_parsed: (2000, 2000, 2000, 2000)
	train_envs: 0.1,0.2,0.5,0.9
	weight_decay: 0
Train environment sample counts: [2000, 2000, 2000, 2000]
Requested train environments: [0.1, 0.2, 0.5, 0.9]
Active train environments: [0.1, 0.2, 0.5, 0.9]
Train domain count map: {'0.1': 2000, '0.2': 2000, '0.5': 2000, '0.9': 2000}
Empirical training prior map: {'0.1': 0.25, '0.2': 0.25, '0.5': 0.25, '0.9': 0.25}
train_sandbox.py:231: FutureWarning: You are using `torch.load` with `weights_only=False` (the current default value), which uses the default pickle module implicitly. It is possible to construct malicious pickle data which will execute arbitrary code during unpickling (See https://github.com/pytorch/pytorch/blob/main/SECURITY.md#untrusted-models for more details). In a future release, the default value for `weights_only` will be flipped to `True`. This limits the functions that could be executed during unpickling. Arbitrary objects will no longer be allowed to be loaded via this mode unless they are explicitly allowlisted by the user via `torch.serialization.add_safe_globals`. We recommend you start setting `weights_only=True` for any use case where you don't have full control of the loaded file. Please open an issue on GitHub for any issues related to this experimental feature.
  algorithm.load_state_dict(torch.load(erm_ckpt_pth, map_location=device), strict=False)
ERM-pretrained model loaded: 2f02628af7c72d658ad873552021c1bb.
0.0_acc       0.0_loss      0.1_acc       0.1_loss      0.2_acc       0.2_loss      0.3_acc       0.3_loss      0.4_acc       0.4_loss      0.5_acc       0.5_loss      0.6_acc       0.6_loss      0.7_acc       0.7_loss      0.8_acc       0.8_loss      0.9_acc       0.9_loss      1.0_acc       1.0_loss      avg_step_tim  epoch         loss          mem_gb        step         
0.7188000000  0.7654809952  0.6998000000  0.8060638905  0.6800000000  0.8773865104  0.6698000000  0.9251781106  0.6630000000  0.9361653924  0.6582000000  0.9599274993  0.6463000000  0.9833503366  0.6330000000  1.0284552574  0.6217000000  1.0724164248  0.6051000000  1.1274803877  0.5978000000  1.1505423784  0.0169685528  5625.0000000  0.2372329980  0.2566685677  450          
0.0_acc       0.0_loss      0.1_acc       0.1_loss      0.2_acc       0.2_loss      0.3_acc       0.3_loss      0.4_acc       0.4_loss      0.5_acc       0.5_loss      0.6_acc       0.6_loss      0.7_acc       0.7_loss      0.8_acc       0.8_loss      0.9_acc       0.9_loss      1.0_acc       1.0_loss      avg_step_tim  epoch         loss          mem_gb        step         
0.7094000000  0.8278881907  0.6940000000  0.8649122715  0.6743000000  0.9358739257  0.6675000000  0.9836521149  0.6604000000  0.9884546399  0.6571000000  1.0090249777  0.6491000000  1.0286040306  0.6343000000  1.0703722239  0.6260000000  1.1144133806  0.6116000000  1.1643220186  0.6057000000  1.1862257719  0.0175986538  6250.0000000  0.2093344182  0.2566690445  500          
0.0_acc       0.0_loss      0.1_acc       0.1_loss      0.2_acc       0.2_loss      0.3_acc       0.3_loss      0.4_acc       0.4_loss      0.5_acc       0.5_loss      0.6_acc       0.6_loss      0.7_acc       0.7_loss      0.8_acc       0.8_loss      0.9_acc       0.9_loss      1.0_acc       1.0_loss      avg_step_tim  epoch         loss          mem_gb        step         
0.7048000000  0.8779398203  0.6901000000  0.9135941863  0.6719000000  0.9857575893  0.6632000000  1.0357327461  0.6570000000  1.0376032591  0.6560000000  1.0577982664  0.6477000000  1.0751870871  0.6322000000  1.1177438498  0.6264000000  1.1630028486  0.6131000000  1.2119107246  0.6067000000  1.2344720364  0.0154291300  6875.0000000  0.1920742393  0.2566690445  550          
0.0_acc       0.0_loss      0.1_acc       0.1_loss      0.2_acc       0.2_loss      0.3_acc       0.3_loss      0.4_acc       0.4_loss      0.5_acc       0.5_loss      0.6_acc       0.6_loss      0.7_acc       0.7_loss      0.8_acc       0.8_loss      0.9_acc       0.9_loss      1.0_acc       1.0_loss      avg_step_tim  epoch         loss          mem_gb        step         
0.7102000000  0.8873754740  0.6937000000  0.9288183451  0.6746000000  1.0134040117  0.6622000000  1.0717028379  0.6557000000  1.0791022778  0.6526000000  1.1077018976  0.6410000000  1.1318482161  0.6272000000  1.1827250719  0.6187000000  1.2386527061  0.6023000000  1.2936331034  0.5943000000  1.3250129223  0.0156261977  7500.0000000  0.1767043322  0.2566690445  600          
0.0_acc       0.0_loss      0.1_acc       0.1_loss      0.2_acc       0.2_loss      0.3_acc       0.3_loss      0.4_acc       0.4_loss      0.5_acc       0.5_loss      0.6_acc       0.6_loss      0.7_acc       0.7_loss      0.8_acc       0.8_loss      0.9_acc       0.9_loss      1.0_acc       1.0_loss      avg_step_tim  epoch         loss          mem_gb        step         
0.7144000000  0.8992747068  0.6973000000  0.9454228282  0.6778000000  1.0391800404  0.6653000000  1.1024973392  0.6544000000  1.1154489517  0.6527000000  1.1502298117  0.6384000000  1.1804425716  0.6245000000  1.2359521389  0.6133000000  1.3002241850  0.5978000000  1.3599919081  0.5881000000  1.3979697227  0.0129949933  8125.0000000  0.1614645720  0.2566690445  650          
0.0_acc       0.0_loss      0.1_acc       0.1_loss      0.2_acc       0.2_loss      0.3_acc       0.3_loss      0.4_acc       0.4_loss      0.5_acc       0.5_loss      0.6_acc       0.6_loss      0.7_acc       0.7_loss      0.8_acc       0.8_loss      0.9_acc       0.9_loss      1.0_acc       1.0_loss      avg_step_tim  epoch         loss          mem_gb        step         
0.7053000000  0.9495758414  0.6907000000  0.9895466566  0.6720000000  1.0790150166  0.6620000000  1.1393017769  0.6550000000  1.1454019547  0.6540000000  1.1744488478  0.6409000000  1.1998447180  0.6282000000  1.2489546537  0.6194000000  1.3084524870  0.6061000000  1.3612824678  0.5969000000  1.3951169252  0.0123413008  8750.0000000  0.1536097527  0.2566690445  700          
0.0_acc       0.0_loss      0.1_acc       0.1_loss      0.2_acc       0.2_loss      0.3_acc       0.3_loss      0.4_acc       0.4_loss      0.5_acc       0.5_loss      0.6_acc       0.6_loss      0.7_acc       0.7_loss      0.8_acc       0.8_loss      0.9_acc       0.9_loss      1.0_acc       1.0_loss      avg_step_tim  epoch         loss          mem_gb        step         
0.7057000000  0.9671261311  0.6902000000  1.0078198910  0.6722000000  1.0976331234  0.6623000000  1.1603934765  0.6556000000  1.1651930809  0.6538000000  1.1958069801  0.6402000000  1.2208214998  0.6296000000  1.2705385685  0.6202000000  1.3309619427  0.6063000000  1.3842333555  0.5979000000  1.4198765755  0.0117659995  9375.0000000  0.1465135366  0.2566690445  750          
0.0_acc       0.0_loss      0.1_acc       0.1_loss      0.2_acc       0.2_loss      0.3_acc       0.3_loss      0.4_acc       0.4_loss      0.5_acc       0.5_loss      0.6_acc       0.6_loss      0.7_acc       0.7_loss      0.8_acc       0.8_loss      0.9_acc       0.9_loss      1.0_acc       1.0_loss      avg_step_tim  epoch         loss          mem_gb        step         
0.7083000000  0.9707683325  0.6926000000  1.0139509439  0.6745000000  1.1071135998  0.6631000000  1.1723474264  0.6545000000  1.1788495779  0.6536000000  1.2112731934  0.6400000000  1.2385578156  0.6288000000  1.2909411192  0.6191000000  1.3552513123  0.6036000000  1.4098594189  0.5940000000  1.4480601549  0.0114141011  10000.000000  0.1453599036  0.2566690445  800          
0.0_acc       0.0_loss      0.1_acc       0.1_loss      0.2_acc       0.2_loss      0.3_acc       0.3_loss      0.4_acc       0.4_loss      0.5_acc       0.5_loss      0.6_acc       0.6_loss      0.7_acc       0.7_loss      0.8_acc       0.8_loss      0.9_acc       0.9_loss      1.0_acc       1.0_loss      avg_step_tim  epoch         loss          mem_gb        step         
0.7128000000  0.9608805180  0.6957000000  1.0078437328  0.6787000000  1.1073240042  0.6629000000  1.1790159941  0.6539000000  1.1904952526  0.6518000000  1.2284379005  0.6368000000  1.2601749897  0.6245000000  1.3179062605  0.6144000000  1.3880134821  0.5987000000  1.4485059977  0.5866000000  1.4920001030  0.0095841812  10625.000000  0.1422931850  0.2566690445  850          
0.0_acc       0.0_loss      0.1_acc       0.1_loss      0.2_acc       0.2_loss      0.3_acc       0.3_loss      0.4_acc       0.4_loss      0.5_acc       0.5_loss      0.6_acc       0.6_loss      0.7_acc       0.7_loss      0.8_acc       0.8_loss      0.9_acc       0.9_loss      1.0_acc       1.0_loss      avg_step_tim  epoch         loss          mem_gb        step         
0.7102000000  0.9769693017  0.6929000000  1.0221997499  0.6754000000  1.1190677881  0.6617000000  1.1874523163  0.6538000000  1.1967734098  0.6534000000  1.2316505909  0.6386000000  1.2613675594  0.6259000000  1.3168152571  0.6164000000  1.3839292526  0.6007000000  1.4416121244  0.5903000000  1.4829601049  0.0091598370  11250.000000  0.1370883286  0.2566690445  900          
0.0_acc       0.0_loss      0.1_acc       0.1_loss      0.2_acc       0.2_loss      0.3_acc       0.3_loss      0.4_acc       0.4_loss      0.5_acc       0.5_loss      0.6_acc       0.6_loss      0.7_acc       0.7_loss      0.8_acc       0.8_loss      0.9_acc       0.9_loss      1.0_acc       1.0_loss      avg_step_tim  epoch         loss          mem_gb        step         
0.7106000000  0.9752771258  0.6938000000  1.0213642120  0.6761000000  1.1194186211  0.6620000000  1.1891303062  0.6538000000  1.1991642714  0.6528000000  1.2347862720  0.6381000000  1.2657968998  0.6254000000  1.3218213320  0.6153000000  1.3902442455  0.6004000000  1.4489458799  0.5892000000  1.4910975695  0.0088996686  11875.000000  0.1465510726  0.2566690445  950          
0.0_acc       0.0_loss      0.1_acc       0.1_loss      0.2_acc       0.2_loss      0.3_acc       0.3_loss      0.4_acc       0.4_loss      0.5_acc       0.5_loss      0.6_acc       0.6_loss      0.7_acc       0.7_loss      0.8_acc       0.8_loss      0.9_acc       0.9_loss      1.0_acc       1.0_loss      avg_step_tim  epoch         loss          mem_gb        step         
0.7109000000  0.9742276073  0.6943000000  1.0206456184  0.6765000000  1.1191414595  0.6619000000  1.1892014742  0.6537000000  1.1995278597  0.6530000000  1.2354733944  0.6381000000  1.2668339014  0.6253000000  1.3231556416  0.6154000000  1.3920289278  0.6000000000  1.4510868788  0.5889000000  1.4935097694  0.0084749529  12500.000000  0.1410512626  0.2566690445  1000         
[1.23, 1.25, 1.28, 1.31, 1.33, 1.36, 1.39, 1.41, 1.45, 1.47, 1.51]

final accuracies:
0.0    0.1    0.2    0.3    0.4    0.5    0.6    0.7    0.8    0.9    1.0   
0.702  0.694  0.688  0.668  0.656  0.648  0.629  0.624  0.613  0.603  0.580 
[1.06, 1.07, 1.09, 1.11, 1.13, 1.15, 1.17, 1.19, 1.21, 1.22, 1.26]

best accuracies:
0.0    0.1    0.2    0.3    0.4    0.5    0.6    0.7    0.8    0.9    1.0   
0.696  0.689  0.688  0.669  0.660  0.652  0.637  0.634  0.625  0.616  0.596 
Args:
	algorithm: iro
	alpha: 0.4
	batch_size: 25000
	data_dir: ..\data
	deterministic: False
	dropout_p: 0.2
	erm_pretrain_iters: 400
	eval_freq: 50
	exp_name: e3b_tail_support
	full_resolution: False
	groupdro_eta: 1.0
	loss_fn: nll
	lr: 0.0001
	lr_cos_sched: True
	lr_factor_reduction: 1
	mlp_hidden_dim: 390
	n_workers: 0
	network: FiLMedMLP
	other_arg: default
	output_dir: ..\results\E3b_tail_support
	penalty_weight: 1000
	save_ckpts: True
	seed: 2
	steps: 600
	tail_support_condition: balanced_visible
	tail_support_head_env: 0.1
	tail_support_source_envs: 0.1,0.2,0.5,0.9
	tail_support_source_envs_parsed: (0.1, 0.2, 0.5, 0.9)
	tail_support_tail_env: 0.9
	test_env_ms: 0.9
	test_envs: 0.0,0.1,0.2,0.3,0.4,0.5,0.6,0.7,0.8,0.9,1.0
	train_env_ps: (0.1, 0.2, 0.5, 0.9)
	train_env_size_mode: random
	train_env_sizes: 2000,2000,2000,2000
	train_env_sizes_parsed: (2000, 2000, 2000, 2000)
	train_envs: 0.1,0.2,0.5,0.9
	weight_decay: 0
Train environment sample counts: [2000, 2000, 2000, 2000]
Requested train environments: [0.1, 0.2, 0.5, 0.9]
Active train environments: [0.1, 0.2, 0.5, 0.9]
Train domain count map: {'0.1': 2000, '0.2': 2000, '0.5': 2000, '0.9': 2000}
Empirical training prior map: {'0.1': 0.25, '0.2': 0.25, '0.5': 0.25, '0.9': 0.25}
train_sandbox.py:231: FutureWarning: You are using `torch.load` with `weights_only=False` (the current default value), which uses the default pickle module implicitly. It is possible to construct malicious pickle data which will execute arbitrary code during unpickling (See https://github.com/pytorch/pytorch/blob/main/SECURITY.md#untrusted-models for more details). In a future release, the default value for `weights_only` will be flipped to `True`. This limits the functions that could be executed during unpickling. Arbitrary objects will no longer be allowed to be loaded via this mode unless they are explicitly allowlisted by the user via `torch.serialization.add_safe_globals`. We recommend you start setting `weights_only=True` for any use case where you don't have full control of the loaded file. Please open an issue on GitHub for any issues related to this experimental feature.
  algorithm.load_state_dict(torch.load(erm_ckpt_pth, map_location=device), strict=False)
ERM-pretrained model loaded: 2f02628af7c72d658ad873552021c1bb.
Traceback (most recent call last):
  File "train_sandbox.py", line 285, in <module>
    results[env_name + '_acc'] = misc.accuracy(algorithm, env_loader, device, alpha=h_alphas_train[i])
IndexError: list index out of range
Args:
	algorithm: inftask
	alpha: 0.4
	batch_size: 25000
	data_dir: ..\data
	deterministic: False
	dropout_p: 0.2
	erm_pretrain_iters: 400
	eval_freq: 50
	exp_name: e3b_tail_support
	full_resolution: False
	groupdro_eta: 1.0
	loss_fn: nll
	lr: 0.0001
	lr_cos_sched: True
	lr_factor_reduction: 1
	mlp_hidden_dim: 390
	n_workers: 0
	network: FiLMedMLP
	other_arg: default
	output_dir: ..\results\E3b_tail_support
	penalty_weight: 1000
	save_ckpts: True
	seed: 2
	steps: 600
	tail_support_condition: balanced_visible
	tail_support_head_env: 0.1
	tail_support_source_envs: 0.1,0.2,0.5,0.9
	tail_support_source_envs_parsed: (0.1, 0.2, 0.5, 0.9)
	tail_support_tail_env: 0.9
	test_env_ms: 0.9
	test_envs: 0.0,0.1,0.2,0.3,0.4,0.5,0.6,0.7,0.8,0.9,1.0
	train_env_ps: (0.1, 0.2, 0.5, 0.9)
	train_env_size_mode: random
	train_env_sizes: 2000,2000,2000,2000
	train_env_sizes_parsed: (2000, 2000, 2000, 2000)
	train_envs: 0.1,0.2,0.5,0.9
	weight_decay: 0
Train environment sample counts: [2000, 2000, 2000, 2000]
Requested train environments: [0.1, 0.2, 0.5, 0.9]
Active train environments: [0.1, 0.2, 0.5, 0.9]
Train domain count map: {'0.1': 2000, '0.2': 2000, '0.5': 2000, '0.9': 2000}
Empirical training prior map: {'0.1': 0.25, '0.2': 0.25, '0.5': 0.25, '0.9': 0.25}
train_sandbox.py:231: FutureWarning: You are using `torch.load` with `weights_only=False` (the current default value), which uses the default pickle module implicitly. It is possible to construct malicious pickle data which will execute arbitrary code during unpickling (See https://github.com/pytorch/pytorch/blob/main/SECURITY.md#untrusted-models for more details). In a future release, the default value for `weights_only` will be flipped to `True`. This limits the functions that could be executed during unpickling. Arbitrary objects will no longer be allowed to be loaded via this mode unless they are explicitly allowlisted by the user via `torch.serialization.add_safe_globals`. We recommend you start setting `weights_only=True` for any use case where you don't have full control of the loaded file. Please open an issue on GitHub for any issues related to this experimental feature.
  algorithm.load_state_dict(torch.load(erm_ckpt_pth, map_location=device), strict=False)
ERM-pretrained model loaded: 2f02628af7c72d658ad873552021c1bb.
Traceback (most recent call last):
  File "train_sandbox.py", line 285, in <module>
    results[env_name + '_acc'] = misc.accuracy(algorithm, env_loader, device, alpha=h_alphas_train[i])
IndexError: list index out of range
Args:
	algorithm: erm
	alpha: 0.4
	batch_size: 25000
	data_dir: ..\data
	deterministic: False
	dropout_p: 0.2
	erm_pretrain_iters: 0
	eval_freq: 50
	exp_name: e3b_tail_support
	full_resolution: False
	groupdro_eta: 1.0
	loss_fn: nll
	lr: 0.0001
	lr_cos_sched: False
	lr_factor_reduction: 1
	mlp_hidden_dim: 390
	n_workers: 0
	network: FiLMedMLP
	other_arg: default
	output_dir: ..\results\E3b_tail_support
	penalty_weight: 1000
	save_ckpts: False
	seed: 2
	steps: 600
	tail_support_condition: long_tail_visible
	tail_support_head_env: 0.1
	tail_support_source_envs: 0.1,0.2,0.5,0.9
	tail_support_source_envs_parsed: (0.1, 0.2, 0.5, 0.9)
	tail_support_tail_env: 0.9
	test_env_ms: 0.9
	test_envs: 0.0,0.1,0.2,0.3,0.4,0.5,0.6,0.7,0.8,0.9,1.0
	train_env_ps: (0.1, 0.2, 0.5, 0.9)
	train_env_size_mode: random
	train_env_sizes: 5000,2000,800,200
	train_env_sizes_parsed: (5000, 2000, 800, 200)
	train_envs: 0.1,0.2,0.5,0.9
	weight_decay: 0
Train environment sample counts: [5000, 2000, 800, 200]
Requested train environments: [0.1, 0.2, 0.5, 0.9]
Active train environments: [0.1, 0.2, 0.5, 0.9]
Train domain count map: {'0.1': 5000, '0.2': 2000, '0.5': 800, '0.9': 200}
Empirical training prior map: {'0.1': 0.625, '0.2': 0.25, '0.5': 0.1, '0.9': 0.025}
0.0_acc       0.0_loss      0.1_acc       0.1_loss      0.2_acc       0.2_loss      0.3_acc       0.3_loss      0.4_acc       0.4_loss      0.5_acc       0.5_loss      0.6_acc       0.6_loss      0.7_acc       0.7_loss      0.8_acc       0.8_loss      0.9_acc       0.9_loss      1.0_acc       1.0_loss      avg_step_tim  epoch         loss          mem_gb        step         
1.0000000000  0.1916657686  0.8991000000  0.3445662856  0.7941000000  0.5046305060  0.6925000000  0.6643282771  0.5973000000  0.8070406318  0.5024000000  0.9527892470  0.4015000000  1.1033697128  0.2948000000  1.2673472166  0.1958000000  1.4196507931  0.1022000000  1.5659649372  0.0000000000  1.7176269293  0.1650964880  625.00000000  0.4705675244  0.2879672050  50           
0.0_acc       0.0_loss      0.1_acc       0.1_loss      0.2_acc       0.2_loss      0.3_acc       0.3_loss      0.4_acc       0.4_loss      0.5_acc       0.5_loss      0.6_acc       0.6_loss      0.7_acc       0.7_loss      0.8_acc       0.8_loss      0.9_acc       0.9_loss      1.0_acc       1.0_loss      avg_step_tim  epoch         loss          mem_gb        step         
0.9939000000  0.1896169633  0.8964000000  0.3307521045  0.7936000000  0.4817901254  0.6935000000  0.6293578148  0.6016000000  0.7606251836  0.5066000000  0.8996317983  0.4081000000  1.0356754065  0.3038000000  1.1858673096  0.2057000000  1.3279280663  0.1142000000  1.4688670635  0.0143000000  1.6051017046  0.1041141391  1250.0000000  0.4405997694  0.2879672050  100          
0.0_acc       0.0_loss      0.1_acc       0.1_loss      0.2_acc       0.2_loss      0.3_acc       0.3_loss      0.4_acc       0.4_loss      0.5_acc       0.5_loss      0.6_acc       0.6_loss      0.7_acc       0.7_loss      0.8_acc       0.8_loss      0.9_acc       0.9_loss      1.0_acc       1.0_loss      avg_step_tim  epoch         loss          mem_gb        step         
0.9783000000  0.1831893176  0.8868000000  0.3242899477  0.7916000000  0.4758583307  0.6923000000  0.6231901050  0.6063000000  0.7523487210  0.5196000000  0.8888227344  0.4266000000  1.0236223936  0.3282000000  1.1713384390  0.2379000000  1.3132060766  0.1509000000  1.4556498528  0.0553000000  1.5898081064  0.0678446547  1875.0000000  0.4110170007  0.2879672050  150          
0.0_acc       0.0_loss      0.1_acc       0.1_loss      0.2_acc       0.2_loss      0.3_acc       0.3_loss      0.4_acc       0.4_loss      0.5_acc       0.5_loss      0.6_acc       0.6_loss      0.7_acc       0.7_loss      0.8_acc       0.8_loss      0.9_acc       0.9_loss      1.0_acc       1.0_loss      avg_step_tim  epoch         loss          mem_gb        step         
0.9619000000  0.1785426736  0.8765000000  0.3261198103  0.7875000000  0.4830541015  0.6943000000  0.6364065409  0.6155000000  0.7698205113  0.5388000000  0.9049618840  0.4507000000  1.0443533659  0.3599000000  1.1987497807  0.2748000000  1.3447538614  0.1947000000  1.4919893742  0.1058000000  1.6313822269  0.0473276114  2500.0000000  0.3777617812  0.2879672050  200          
0.0_acc       0.0_loss      0.1_acc       0.1_loss      0.2_acc       0.2_loss      0.3_acc       0.3_loss      0.4_acc       0.4_loss      0.5_acc       0.5_loss      0.6_acc       0.6_loss      0.7_acc       0.7_loss      0.8_acc       0.8_loss      0.9_acc       0.9_loss      1.0_acc       1.0_loss      avg_step_tim  epoch         loss          mem_gb        step         
0.9476000000  0.1740857065  0.8668000000  0.3354276121  0.7844000000  0.5065727830  0.6982000000  0.6746466756  0.6187000000  0.8201888204  0.5507000000  0.9616786838  0.4707000000  1.1116791964  0.3823000000  1.2815806866  0.3069000000  1.4383282661  0.2303000000  1.6000540257  0.1479000000  1.7509506941  0.0412294054  3125.0000000  0.3360087574  0.2879672050  250          
0.0_acc       0.0_loss      0.1_acc       0.1_loss      0.2_acc       0.2_loss      0.3_acc       0.3_loss      0.4_acc       0.4_loss      0.5_acc       0.5_loss      0.6_acc       0.6_loss      0.7_acc       0.7_loss      0.8_acc       0.8_loss      0.9_acc       0.9_loss      1.0_acc       1.0_loss      avg_step_tim  epoch         loss          mem_gb        step         
0.9379000000  0.1736248881  0.8585000000  0.3542934954  0.7791000000  0.5459091663  0.7006000000  0.7361578941  0.6216000000  0.8950446844  0.5603000000  1.0519764423  0.4848000000  1.2167959213  0.4023000000  1.4087964296  0.3300000000  1.5808022022  0.2561000000  1.7642507553  0.1793000000  1.9304546118  0.0303451784  3750.0000000  0.2846890986  0.2879672050  300          
0.0_acc       0.0_loss      0.1_acc       0.1_loss      0.2_acc       0.2_loss      0.3_acc       0.3_loss      0.4_acc       0.4_loss      0.5_acc       0.5_loss      0.6_acc       0.6_loss      0.7_acc       0.7_loss      0.8_acc       0.8_loss      0.9_acc       0.9_loss      1.0_acc       1.0_loss      avg_step_tim  epoch         loss          mem_gb        step         
0.9309000000  0.1741520166  0.8518000000  0.3807889223  0.7779000000  0.6021605134  0.6998000000  0.8238369823  0.6245000000  1.0013059378  0.5635000000  1.1844599247  0.4917000000  1.3713444471  0.4141000000  1.5919713974  0.3424000000  1.7884253263  0.2708000000  2.0004389286  0.1960000000  2.1909890175  0.0293148558  4375.0000000  0.2419769317  0.2879672050  350          
0.0_acc       0.0_loss      0.1_acc       0.1_loss      0.2_acc       0.2_loss      0.3_acc       0.3_loss      0.4_acc       0.4_loss      0.5_acc       0.5_loss      0.6_acc       0.6_loss      0.7_acc       0.7_loss      0.8_acc       0.8_loss      0.9_acc       0.9_loss      1.0_acc       1.0_loss      avg_step_tim  epoch         loss          mem_gb        step         
0.9274000000  0.1741362512  0.8486000000  0.4144228399  0.7747000000  0.6702399850  0.6999000000  0.9274404049  0.6244000000  1.1304304600  0.5657000000  1.3425819874  0.4919000000  1.5577642918  0.4149000000  1.8134616613  0.3458000000  2.0417115688  0.2741000000  2.2857983112  0.1998000000  2.5040252209  0.0255688584  5000.0000000  0.1977376044  0.2879672050  400          
0.0_acc       0.0_loss      0.1_acc       0.1_loss      0.2_acc       0.2_loss      0.3_acc       0.3_loss      0.4_acc       0.4_loss      0.5_acc       0.5_loss      0.6_acc       0.6_loss      0.7_acc       0.7_loss      0.8_acc       0.8_loss      0.9_acc       0.9_loss      1.0_acc       1.0_loss      avg_step_tim  epoch         loss          mem_gb        step         
0.9209000000  0.1910234094  0.8427000000  0.4546734393  0.7723000000  0.7374964952  0.6965000000  1.0218898058  0.6248000000  1.2403649092  0.5669000000  1.4747173786  0.4950000000  1.7096282244  0.4218000000  1.9911655188  0.3529000000  2.2419576645  0.2810000000  2.5113084316  0.2098000000  2.7488031387  0.0232677216  5625.0000000  0.1605202556  0.2879672050  450          
0.0_acc       0.0_loss      0.1_acc       0.1_loss      0.2_acc       0.2_loss      0.3_acc       0.3_loss      0.4_acc       0.4_loss      0.5_acc       0.5_loss      0.6_acc       0.6_loss      0.7_acc       0.7_loss      0.8_acc       0.8_loss      0.9_acc       0.9_loss      1.0_acc       1.0_loss      avg_step_tim  epoch         loss          mem_gb        step         
0.9200000000  0.1987392008  0.8426000000  0.4963200986  0.7700000000  0.8126150966  0.6967000000  1.1314113140  0.6249000000  1.3756455183  0.5663000000  1.6415339708  0.4966000000  1.9011839628  0.4211000000  2.2207493782  0.3550000000  2.5029141903  0.2840000000  2.8041841984  0.2118000000  3.0707759857  0.0180608754  6250.0000000  0.1368443668  0.2879672050  500          
0.0_acc       0.0_loss      0.1_acc       0.1_loss      0.2_acc       0.2_loss      0.3_acc       0.3_loss      0.4_acc       0.4_loss      0.5_acc       0.5_loss      0.6_acc       0.6_loss      0.7_acc       0.7_loss      0.8_acc       0.8_loss      0.9_acc       0.9_loss      1.0_acc       1.0_loss      avg_step_tim  epoch         loss          mem_gb        step         
0.9181000000  0.2041694969  0.8416000000  0.5328095555  0.7692000000  0.8835573196  0.6963000000  1.2316879034  0.6261000000  1.5025093555  0.5665000000  1.7959113121  0.4958000000  2.0821745396  0.4220000000  2.4367108345  0.3543000000  2.7496273518  0.2863000000  3.0792331696  0.2133000000  3.3744847775  0.0183658041  6875.0000000  0.1143897176  0.2879672050  550          
0.0_acc       0.0_loss      0.1_acc       0.1_loss      0.2_acc       0.2_loss      0.3_acc       0.3_loss      0.4_acc       0.4_loss      0.5_acc       0.5_loss      0.6_acc       0.6_loss      0.7_acc       0.7_loss      0.8_acc       0.8_loss      0.9_acc       0.9_loss      1.0_acc       1.0_loss      avg_step_tim  epoch         loss          mem_gb        step         
0.9168000000  0.2165621221  0.8404000000  0.5707216859  0.7675000000  0.9477138519  0.6936000000  1.3250659704  0.6250000000  1.6161412001  0.5663000000  1.9310374260  0.4967000000  2.2406363487  0.4236000000  2.6189854145  0.3557000000  2.9578633308  0.2875000000  3.3123326302  0.2150000000  3.6283252239  0.0171794331  7500.0000000  0.1023168862  0.2879672050  600          
[1.92, 2.09, 2.26, 2.43, 2.6, 2.78, 2.94, 3.11, 3.29, 3.47, 3.66]

final accuracies:
0.0    0.1    0.2    0.3    0.4    0.5    0.6    0.7    0.8    0.9    1.0   
0.912  0.845  0.773  0.710  0.641  0.562  0.503  0.423  0.364  0.287  0.213 
[1.92, 2.09, 2.26, 2.43, 2.6, 2.78, 2.94, 3.11, 3.29, 3.47, 3.66]

best accuracies:
0.0    0.1    0.2    0.3    0.4    0.5    0.6    0.7    0.8    0.9    1.0   
0.912  0.845  0.773  0.710  0.641  0.562  0.503  0.423  0.364  0.287  0.213 
Args:
	algorithm: irm
	alpha: 0.4
	batch_size: 25000
	data_dir: ..\data
	deterministic: False
	dropout_p: 0.2
	erm_pretrain_iters: 400
	eval_freq: 50
	exp_name: e3b_tail_support
	full_resolution: False
	groupdro_eta: 1.0
	loss_fn: nll
	lr: 0.0001
	lr_cos_sched: True
	lr_factor_reduction: 1
	mlp_hidden_dim: 390
	n_workers: 0
	network: FiLMedMLP
	other_arg: default
	output_dir: ..\results\E3b_tail_support
	penalty_weight: 1000.0
	save_ckpts: True
	seed: 2
	steps: 600
	tail_support_condition: long_tail_visible
	tail_support_head_env: 0.1
	tail_support_source_envs: 0.1,0.2,0.5,0.9
	tail_support_source_envs_parsed: (0.1, 0.2, 0.5, 0.9)
	tail_support_tail_env: 0.9
	test_env_ms: 0.9
	test_envs: 0.0,0.1,0.2,0.3,0.4,0.5,0.6,0.7,0.8,0.9,1.0
	train_env_ps: (0.1, 0.2, 0.5, 0.9)
	train_env_size_mode: random
	train_env_sizes: 5000,2000,800,200
	train_env_sizes_parsed: (5000, 2000, 800, 200)
	train_envs: 0.1,0.2,0.5,0.9
	weight_decay: 0
Train environment sample counts: [5000, 2000, 800, 200]
Requested train environments: [0.1, 0.2, 0.5, 0.9]
Active train environments: [0.1, 0.2, 0.5, 0.9]
Train domain count map: {'0.1': 5000, '0.2': 2000, '0.5': 800, '0.9': 200}
Empirical training prior map: {'0.1': 0.625, '0.2': 0.25, '0.5': 0.1, '0.9': 0.025}
0.0_acc       0.0_loss      0.1_acc       0.1_loss      0.2_acc       0.2_loss      0.3_acc       0.3_loss      0.4_acc       0.4_loss      0.5_acc       0.5_loss      0.6_acc       0.6_loss      0.7_acc       0.7_loss      0.8_acc       0.8_loss      0.9_acc       0.9_loss      1.0_acc       1.0_loss      avg_step_tim  epoch         loss          mem_gb        step         
1.0000000000  0.1916657686  0.8991000000  0.3445662856  0.7941000000  0.5046305060  0.6925000000  0.6643282771  0.5973000000  0.8070406318  0.5024000000  0.9527892470  0.4015000000  1.1033697128  0.2948000000  1.2673472166  0.1958000000  1.4196507931  0.1022000000  1.5659649372  0.0000000000  1.7176269293  0.1591306114  625.00000000  0.4705675244  0.2879672050  50           
0.0_acc       0.0_loss      0.1_acc       0.1_loss      0.2_acc       0.2_loss      0.3_acc       0.3_loss      0.4_acc       0.4_loss      0.5_acc       0.5_loss      0.6_acc       0.6_loss      0.7_acc       0.7_loss      0.8_acc       0.8_loss      0.9_acc       0.9_loss      1.0_acc       1.0_loss      avg_step_tim  epoch         loss          mem_gb        step         
0.9939000000  0.1896169633  0.8964000000  0.3307521045  0.7936000000  0.4817901254  0.6935000000  0.6293578148  0.6016000000  0.7606251836  0.5066000000  0.8996317983  0.4081000000  1.0356754065  0.3038000000  1.1858673096  0.2057000000  1.3279280663  0.1142000000  1.4688670635  0.0143000000  1.6051017046  0.1043614125  1250.0000000  0.4405997694  0.2879672050  100          
0.0_acc       0.0_loss      0.1_acc       0.1_loss      0.2_acc       0.2_loss      0.3_acc       0.3_loss      0.4_acc       0.4_loss      0.5_acc       0.5_loss      0.6_acc       0.6_loss      0.7_acc       0.7_loss      0.8_acc       0.8_loss      0.9_acc       0.9_loss      1.0_acc       1.0_loss      avg_step_tim  epoch         loss          mem_gb        step         
0.9783000000  0.1831893176  0.8868000000  0.3242899477  0.7916000000  0.4758583307  0.6923000000  0.6231901050  0.6063000000  0.7523487210  0.5196000000  0.8888227344  0.4266000000  1.0236223936  0.3282000000  1.1713384390  0.2379000000  1.3132060766  0.1509000000  1.4556498528  0.0553000000  1.5898081064  0.0676086903  1875.0000000  0.4110170007  0.2879672050  150          
0.0_acc       0.0_loss      0.1_acc       0.1_loss      0.2_acc       0.2_loss      0.3_acc       0.3_loss      0.4_acc       0.4_loss      0.5_acc       0.5_loss      0.6_acc       0.6_loss      0.7_acc       0.7_loss      0.8_acc       0.8_loss      0.9_acc       0.9_loss      1.0_acc       1.0_loss      avg_step_tim  epoch         loss          mem_gb        step         
0.9619000000  0.1785426736  0.8765000000  0.3261198103  0.7875000000  0.4830541015  0.6943000000  0.6364065409  0.6155000000  0.7698205113  0.5388000000  0.9049618840  0.4507000000  1.0443533659  0.3599000000  1.1987497807  0.2748000000  1.3447538614  0.1947000000  1.4919893742  0.1058000000  1.6313822269  0.0475046694  2500.0000000  0.3777617812  0.2879672050  200          
0.0_acc       0.0_loss      0.1_acc       0.1_loss      0.2_acc       0.2_loss      0.3_acc       0.3_loss      0.4_acc       0.4_loss      0.5_acc       0.5_loss      0.6_acc       0.6_loss      0.7_acc       0.7_loss      0.8_acc       0.8_loss      0.9_acc       0.9_loss      1.0_acc       1.0_loss      avg_step_tim  epoch         loss          mem_gb        step         
0.9476000000  0.1740857065  0.8668000000  0.3354276121  0.7844000000  0.5065727830  0.6982000000  0.6746466756  0.6187000000  0.8201888204  0.5507000000  0.9616786838  0.4707000000  1.1116791964  0.3823000000  1.2815806866  0.3069000000  1.4383282661  0.2303000000  1.6000540257  0.1479000000  1.7509506941  0.0389916945  3125.0000000  0.3360087574  0.2879672050  250          
0.0_acc       0.0_loss      0.1_acc       0.1_loss      0.2_acc       0.2_loss      0.3_acc       0.3_loss      0.4_acc       0.4_loss      0.5_acc       0.5_loss      0.6_acc       0.6_loss      0.7_acc       0.7_loss      0.8_acc       0.8_loss      0.9_acc       0.9_loss      1.0_acc       1.0_loss      avg_step_tim  epoch         loss          mem_gb        step         
0.9379000000  0.1736248881  0.8585000000  0.3542934954  0.7791000000  0.5459091663  0.7006000000  0.7361578941  0.6216000000  0.8950446844  0.5603000000  1.0519764423  0.4848000000  1.2167959213  0.4023000000  1.4087964296  0.3300000000  1.5808022022  0.2561000000  1.7642507553  0.1793000000  1.9304546118  0.0343453423  3750.0000000  0.2846890986  0.2879672050  300          
0.0_acc       0.0_loss      0.1_acc       0.1_loss      0.2_acc       0.2_loss      0.3_acc       0.3_loss      0.4_acc       0.4_loss      0.5_acc       0.5_loss      0.6_acc       0.6_loss      0.7_acc       0.7_loss      0.8_acc       0.8_loss      0.9_acc       0.9_loss      1.0_acc       1.0_loss      avg_step_tim  epoch         loss          mem_gb        step         
0.9309000000  0.1741520166  0.8518000000  0.3807889223  0.7779000000  0.6021605134  0.6998000000  0.8238369823  0.6245000000  1.0013059378  0.5635000000  1.1844599247  0.4917000000  1.3713444471  0.4141000000  1.5919713974  0.3424000000  1.7884253263  0.2708000000  2.0004389286  0.1960000000  2.1909890175  0.0255338158  4375.0000000  0.2419769317  0.2879672050  350          
0.0_acc       0.0_loss      0.1_acc       0.1_loss      0.2_acc       0.2_loss      0.3_acc       0.3_loss      0.4_acc       0.4_loss      0.5_acc       0.5_loss      0.6_acc       0.6_loss      0.7_acc       0.7_loss      0.8_acc       0.8_loss      0.9_acc       0.9_loss      1.0_acc       1.0_loss      avg_step_tim  epoch         loss          mem_gb        step         
0.9274000000  0.1741362512  0.8486000000  0.4144228399  0.7747000000  0.6702399850  0.6999000000  0.9274404049  0.6244000000  1.1304304600  0.5657000000  1.3425819874  0.4919000000  1.5577642918  0.4149000000  1.8134616613  0.3458000000  2.0417115688  0.2741000000  2.2857983112  0.1998000000  2.5040252209  0.0251262206  5000.0000000  0.1977376044  0.2879672050  400          
Saved ERM-pretrained model.
0.0_acc       0.0_loss      0.1_acc       0.1_loss      0.2_acc       0.2_loss      0.3_acc       0.3_loss      0.4_acc       0.4_loss      0.5_acc       0.5_loss      0.6_acc       0.6_loss      0.7_acc       0.7_loss      0.8_acc       0.8_loss      0.9_acc       0.9_loss      1.0_acc       1.0_loss      avg_step_tim  epoch         erm_loss      loss          mem_gb        penalty       step         
0.7853000000  0.4947222173  0.7490000000  0.6041057706  0.7192000000  0.7152382731  0.6846000000  0.8211067915  0.6585000000  0.8887534738  0.6363000000  0.9738540649  0.6066000000  1.0537281036  0.5775000000  1.1571893692  0.5480000000  1.2421549559  0.5158000000  1.3553653955  0.4848000000  1.4357956648  0.0214326578  5625.0000000  0.3041911125  0.0003437429  0.2879719734  0.0000395517  450          
0.0_acc       0.0_loss      0.1_acc       0.1_loss      0.2_acc       0.2_loss      0.3_acc       0.3_loss      0.4_acc       0.4_loss      0.5_acc       0.5_loss      0.6_acc       0.6_loss      0.7_acc       0.7_loss      0.8_acc       0.8_loss      0.9_acc       0.9_loss      1.0_acc       1.0_loss      avg_step_tim  epoch         erm_loss      loss          mem_gb        penalty       step         
0.7887000000  0.4812191725  0.7513000000  0.5942782164  0.7219000000  0.7057361007  0.6832000000  0.8175497055  0.6604000000  0.8865035176  0.6339000000  0.9699466825  0.6082000000  1.0525876284  0.5773000000  1.1584811211  0.5455000000  1.2481663227  0.5163000000  1.3632159233  0.4838000000  1.4420651197  0.0194604788  6250.0000000  0.2970837355  0.0003358761  0.2879719734  0.0000387924  500          
0.0_acc       0.0_loss      0.1_acc       0.1_loss      0.2_acc       0.2_loss      0.3_acc       0.3_loss      0.4_acc       0.4_loss      0.5_acc       0.5_loss      0.6_acc       0.6_loss      0.7_acc       0.7_loss      0.8_acc       0.8_loss      0.9_acc       0.9_loss      1.0_acc       1.0_loss      avg_step_tim  epoch         erm_loss      loss          mem_gb        penalty       step         
0.7900000000  0.4789065421  0.7516000000  0.5939418077  0.7224000000  0.7065072060  0.6837000000  0.8212642074  0.6606000000  0.8910077810  0.6334000000  0.9751846194  0.6093000000  1.0591294765  0.5749000000  1.1671097279  0.5450000000  1.2594454288  0.5164000000  1.3757021427  0.4821000000  1.4545823336  0.0175661980  6875.0000000  0.3027880788  0.0003506195  0.2879719734  0.0000478314  550          
0.0_acc       0.0_loss      0.1_acc       0.1_loss      0.2_acc       0.2_loss      0.3_acc       0.3_loss      0.4_acc       0.4_loss      0.5_acc       0.5_loss      0.6_acc       0.6_loss      0.7_acc       0.7_loss      0.8_acc       0.8_loss      0.9_acc       0.9_loss      1.0_acc       1.0_loss      avg_step_tim  epoch         erm_loss      loss          mem_gb        penalty       step         
0.7918000000  0.4746233225  0.7532000000  0.5908993483  0.7223000000  0.7046287656  0.6840000000  0.8209217787  0.6609000000  0.8918111324  0.6326000000  0.9769238234  0.6091000000  1.0621680021  0.5741000000  1.1715614796  0.5429000000  1.2654484510  0.5137000000  1.3827606440  0.4797000000  1.4625865221  0.0171779795  7500.0000000  0.3006678224  0.0003590463  0.2879719734  0.0000583785  600          
[0.97, 1.02, 1.07, 1.12, 1.17, 1.22, 1.26, 1.31, 1.37, 1.42, 1.48]

final accuracies:
0.0    0.1    0.2    0.3    0.4    0.5    0.6    0.7    0.8    0.9    1.0   
0.783  0.759  0.730  0.700  0.667  0.635  0.610  0.583  0.551  0.517  0.483 
[0.97, 1.02, 1.06, 1.11, 1.16, 1.21, 1.26, 1.3, 1.36, 1.41, 1.48]

best accuracies:
0.0    0.1    0.2    0.3    0.4    0.5    0.6    0.7    0.8    0.9    1.0   
0.782  0.758  0.728  0.700  0.668  0.637  0.611  0.585  0.551  0.518  0.486 
Args:
	algorithm: groupdro
	alpha: 0.4
	batch_size: 25000
	data_dir: ..\data
	deterministic: False
	dropout_p: 0.2
	erm_pretrain_iters: 400
	eval_freq: 50
	exp_name: e3b_tail_support
	full_resolution: False
	groupdro_eta: 0.1
	loss_fn: nll
	lr: 0.0001
	lr_cos_sched: True
	lr_factor_reduction: 1
	mlp_hidden_dim: 390
	n_workers: 0
	network: FiLMedMLP
	other_arg: default
	output_dir: ..\results\E3b_tail_support
	penalty_weight: 1000
	save_ckpts: True
	seed: 2
	steps: 1000
	tail_support_condition: long_tail_visible
	tail_support_head_env: 0.1
	tail_support_source_envs: 0.1,0.2,0.5,0.9
	tail_support_source_envs_parsed: (0.1, 0.2, 0.5, 0.9)
	tail_support_tail_env: 0.9
	test_env_ms: 0.9
	test_envs: 0.0,0.1,0.2,0.3,0.4,0.5,0.6,0.7,0.8,0.9,1.0
	train_env_ps: (0.1, 0.2, 0.5, 0.9)
	train_env_size_mode: random
	train_env_sizes: 5000,2000,800,200
	train_env_sizes_parsed: (5000, 2000, 800, 200)
	train_envs: 0.1,0.2,0.5,0.9
	weight_decay: 0
Train environment sample counts: [5000, 2000, 800, 200]
Requested train environments: [0.1, 0.2, 0.5, 0.9]
Active train environments: [0.1, 0.2, 0.5, 0.9]
Train domain count map: {'0.1': 5000, '0.2': 2000, '0.5': 800, '0.9': 200}
Empirical training prior map: {'0.1': 0.625, '0.2': 0.25, '0.5': 0.1, '0.9': 0.025}
train_sandbox.py:231: FutureWarning: You are using `torch.load` with `weights_only=False` (the current default value), which uses the default pickle module implicitly. It is possible to construct malicious pickle data which will execute arbitrary code during unpickling (See https://github.com/pytorch/pytorch/blob/main/SECURITY.md#untrusted-models for more details). In a future release, the default value for `weights_only` will be flipped to `True`. This limits the functions that could be executed during unpickling. Arbitrary objects will no longer be allowed to be loaded via this mode unless they are explicitly allowlisted by the user via `torch.serialization.add_safe_globals`. We recommend you start setting `weights_only=True` for any use case where you don't have full control of the loaded file. Please open an issue on GitHub for any issues related to this experimental feature.
  algorithm.load_state_dict(torch.load(erm_ckpt_pth, map_location=device), strict=False)
ERM-pretrained model loaded: c19a5d041c0ca5c69ae51a529ec00875.
0.0_acc       0.0_loss      0.1_acc       0.1_loss      0.2_acc       0.2_loss      0.3_acc       0.3_loss      0.4_acc       0.4_loss      0.5_acc       0.5_loss      0.6_acc       0.6_loss      0.7_acc       0.7_loss      0.8_acc       0.8_loss      0.9_acc       0.9_loss      1.0_acc       1.0_loss      avg_step_tim  epoch         loss          mem_gb        step         
0.8555000000  0.3297757506  0.7986000000  0.5179106593  0.7456000000  0.7121315002  0.6940000000  0.9073610902  0.6470000000  1.0459045172  0.6047000000  1.2052884102  0.5551000000  1.3606880903  0.4971000000  1.5519903898  0.4541000000  1.7206425667  0.4044000000  1.9090374708  0.3511000000  2.0643980503  0.0171637826  5625.0000000  0.2192411125  0.2564220428  450          
0.0_acc       0.0_loss      0.1_acc       0.1_loss      0.2_acc       0.2_loss      0.3_acc       0.3_loss      0.4_acc       0.4_loss      0.5_acc       0.5_loss      0.6_acc       0.6_loss      0.7_acc       0.7_loss      0.8_acc       0.8_loss      0.9_acc       0.9_loss      1.0_acc       1.0_loss      avg_step_tim  epoch         loss          mem_gb        step         
0.8648000000  0.3157560229  0.8060000000  0.5325448513  0.7504000000  0.7577981949  0.6958000000  0.9833056331  0.6441000000  1.1484169960  0.6007000000  1.3309293985  0.5456000000  1.5120865107  0.4870000000  1.7310913801  0.4393000000  1.9297120571  0.3882000000  2.1469719410  0.3328000000  2.3284978867  0.0210764022  6250.0000000  0.1887580454  0.2565846443  500          
0.0_acc       0.0_loss      0.1_acc       0.1_loss      0.2_acc       0.2_loss      0.3_acc       0.3_loss      0.4_acc       0.4_loss      0.5_acc       0.5_loss      0.6_acc       0.6_loss      0.7_acc       0.7_loss      0.8_acc       0.8_loss      0.9_acc       0.9_loss      1.0_acc       1.0_loss      avg_step_tim  epoch         loss          mem_gb        step         
0.8758000000  0.2959668040  0.8148000000  0.5378488898  0.7542000000  0.7913953662  0.6949000000  1.0430942774  0.6402000000  1.2323490381  0.5940000000  1.4414834976  0.5367000000  1.6433855295  0.4744000000  1.8922315836  0.4218000000  2.1154527664  0.3660000000  2.3626127243  0.3073000000  2.5663204193  0.0187711854  6875.0000000  0.1758777946  0.2565846443  550          
0.0_acc       0.0_loss      0.1_acc       0.1_loss      0.2_acc       0.2_loss      0.3_acc       0.3_loss      0.4_acc       0.4_loss      0.5_acc       0.5_loss      0.6_acc       0.6_loss      0.7_acc       0.7_loss      0.8_acc       0.8_loss      0.9_acc       0.9_loss      1.0_acc       1.0_loss      avg_step_tim  epoch         loss          mem_gb        step         
0.8808000000  0.2880235314  0.8191000000  0.5462776423  0.7570000000  0.8176513314  0.6960000000  1.0856945515  0.6398000000  1.2898772955  0.5931000000  1.5140841007  0.5319000000  1.7289960384  0.4685000000  1.9978264570  0.4138000000  2.2374625206  0.3568000000  2.4998624325  0.2945000000  2.7189409733  0.0148655911  7500.0000000  0.1670565009  0.2565846443  600          
0.0_acc       0.0_loss      0.1_acc       0.1_loss      0.2_acc       0.2_loss      0.3_acc       0.3_loss      0.4_acc       0.4_loss      0.5_acc       0.5_loss      0.6_acc       0.6_loss      0.7_acc       0.7_loss      0.8_acc       0.8_loss      0.9_acc       0.9_loss      1.0_acc       1.0_loss      avg_step_tim  epoch         loss          mem_gb        step         
0.8841000000  0.2826503813  0.8213000000  0.5538876057  0.7587000000  0.8377052546  0.6959000000  1.1183340549  0.6373000000  1.3332862854  0.5886000000  1.5695806742  0.5303000000  1.7946753502  0.4636000000  2.0777819157  0.4085000000  2.3272964954  0.3484000000  2.6021912098  0.2853000000  2.8331913948  0.0142814856  8125.0000000  0.1468423307  0.2565846443  650          
0.0_acc       0.0_loss      0.1_acc       0.1_loss      0.2_acc       0.2_loss      0.3_acc       0.3_loss      0.4_acc       0.4_loss      0.5_acc       0.5_loss      0.6_acc       0.6_loss      0.7_acc       0.7_loss      0.8_acc       0.8_loss      0.9_acc       0.9_loss      1.0_acc       1.0_loss      avg_step_tim  epoch         loss          mem_gb        step         
0.8934000000  0.2632812560  0.8266000000  0.5511826277  0.7633000000  0.8526218534  0.6960000000  1.1525788307  0.6341000000  1.3825587034  0.5838000000  1.6346691847  0.5233000000  1.8763967752  0.4543000000  2.1774289608  0.3955000000  2.4449617863  0.3330000000  2.7363920212  0.2684000000  2.9832408428  0.0135675573  8750.0000000  0.1456347853  0.2565846443  700          
0.0_acc       0.0_loss      0.1_acc       0.1_loss      0.2_acc       0.2_loss      0.3_acc       0.3_loss      0.4_acc       0.4_loss      0.5_acc       0.5_loss      0.6_acc       0.6_loss      0.7_acc       0.7_loss      0.8_acc       0.8_loss      0.9_acc       0.9_loss      1.0_acc       1.0_loss      avg_step_tim  epoch         loss          mem_gb        step         
0.8949000000  0.2626467943  0.8273000000  0.5590512753  0.7634000000  0.8682971597  0.6955000000  1.1775670052  0.6329000000  1.4140856266  0.5809000000  1.6751639843  0.5227000000  1.9239073992  0.4523000000  2.2337572575  0.3937000000  2.5089347363  0.3303000000  2.8081209660  0.2655000000  3.0636010170  0.0130647233  9375.0000000  0.1462009847  0.2565846443  750          
0.0_acc       0.0_loss      0.1_acc       0.1_loss      0.2_acc       0.2_loss      0.3_acc       0.3_loss      0.4_acc       0.4_loss      0.5_acc       0.5_loss      0.6_acc       0.6_loss      0.7_acc       0.7_loss      0.8_acc       0.8_loss      0.9_acc       0.9_loss      1.0_acc       1.0_loss      avg_step_tim  epoch         loss          mem_gb        step         
0.8981000000  0.2548838258  0.8294000000  0.5591074824  0.7643000000  0.8777903318  0.6954000000  1.1950879097  0.6329000000  1.4393279552  0.5795000000  1.7071347237  0.5183000000  1.9636527300  0.4491000000  2.2824342251  0.3888000000  2.5669593811  0.3237000000  2.8737931252  0.2570000000  3.1359839439  0.0113796884  10000.000000  0.1313982457  0.2565846443  800          
0.0_acc       0.0_loss      0.1_acc       0.1_loss      0.2_acc       0.2_loss      0.3_acc       0.3_loss      0.4_acc       0.4_loss      0.5_acc       0.5_loss      0.6_acc       0.6_loss      0.7_acc       0.7_loss      0.8_acc       0.8_loss      0.9_acc       0.9_loss      1.0_acc       1.0_loss      avg_step_tim  epoch         loss          mem_gb        step         
0.8990000000  0.2514539361  0.8299000000  0.5605958700  0.7643000000  0.8847653866  0.6960000000  1.2069051266  0.6330000000  1.4556629658  0.5789000000  1.7291464806  0.5184000000  1.9894613028  0.4482000000  2.3138742447  0.3868000000  2.6025416851  0.3215000000  2.9148230553  0.2548000000  3.1822495461  0.0111257951  10625.000000  0.1361944228  0.2565846443  850          
0.0_acc       0.0_loss      0.1_acc       0.1_loss      0.2_acc       0.2_loss      0.3_acc       0.3_loss      0.4_acc       0.4_loss      0.5_acc       0.5_loss      0.6_acc       0.6_loss      0.7_acc       0.7_loss      0.8_acc       0.8_loss      0.9_acc       0.9_loss      1.0_acc       1.0_loss      avg_step_tim  epoch         loss          mem_gb        step         
0.9012000000  0.2485617101  0.8318000000  0.5606131554  0.7654000000  0.8877291083  0.6964000000  1.2136852741  0.6329000000  1.4650735855  0.5770000000  1.7405788898  0.5158000000  2.0042374134  0.4461000000  2.3319375515  0.3838000000  2.6236839294  0.3188000000  2.9389109612  0.2511000000  3.2093436718  0.0103714654  11250.000000  0.1346052140  0.2565846443  900          
0.0_acc       0.0_loss      0.1_acc       0.1_loss      0.2_acc       0.2_loss      0.3_acc       0.3_loss      0.4_acc       0.4_loss      0.5_acc       0.5_loss      0.6_acc       0.6_loss      0.7_acc       0.7_loss      0.8_acc       0.8_loss      0.9_acc       0.9_loss      1.0_acc       1.0_loss      avg_step_tim  epoch         loss          mem_gb        step         
0.9019000000  0.2468755245  0.8323000000  0.5601975322  0.7654000000  0.8888438344  0.6965000000  1.2164005041  0.6322000000  1.4691501856  0.5769000000  1.7460678816  0.5151000000  2.0112237930  0.4449000000  2.3403656483  0.3829000000  2.6335957050  0.3175000000  2.9501564503  0.2497000000  3.2220602036  0.0095186788  11875.000000  0.1289381087  0.2565846443  950          
0.0_acc       0.0_loss      0.1_acc       0.1_loss      0.2_acc       0.2_loss      0.3_acc       0.3_loss      0.4_acc       0.4_loss      0.5_acc       0.5_loss      0.6_acc       0.6_loss      0.7_acc       0.7_loss      0.8_acc       0.8_loss      0.9_acc       0.9_loss      1.0_acc       1.0_loss      avg_step_tim  epoch         loss          mem_gb        step         
0.9021000000  0.2458335906  0.8325000000  0.5599138737  0.7656000000  0.8893114924  0.6968000000  1.2178306580  0.6320000000  1.4712724686  0.5768000000  1.7488307953  0.5145000000  2.0146193504  0.4445000000  2.3447084427  0.3826000000  2.6387991905  0.3168000000  2.9560785294  0.2488000000  3.2287189960  0.0085070159  12500.000000  0.1350451261  0.2565846443  1000         
[1.74, 1.88, 2.03, 2.18, 2.33, 2.48, 2.63, 2.77, 2.93, 3.09, 3.26]

final accuracies:
0.0    0.1    0.2    0.3    0.4    0.5    0.6    0.7    0.8    0.9    1.0   
0.898  0.835  0.769  0.711  0.645  0.574  0.519  0.448  0.392  0.321  0.253 
[1.2, 1.28, 1.37, 1.45, 1.54, 1.63, 1.71, 1.8, 1.89, 1.98, 2.09]

best accuracies:
0.0    0.1    0.2    0.3    0.4    0.5    0.6    0.7    0.8    0.9    1.0   
0.850  0.802  0.756  0.707  0.660  0.605  0.562  0.513  0.466  0.412  0.359 
Args:
	algorithm: iro
	alpha: 0.4
	batch_size: 25000
	data_dir: ..\data
	deterministic: False
	dropout_p: 0.2
	erm_pretrain_iters: 400
	eval_freq: 50
	exp_name: e3b_tail_support
	full_resolution: False
	groupdro_eta: 1.0
	loss_fn: nll
	lr: 0.0001
	lr_cos_sched: True
	lr_factor_reduction: 1
	mlp_hidden_dim: 390
	n_workers: 0
	network: FiLMedMLP
	other_arg: default
	output_dir: ..\results\E3b_tail_support
	penalty_weight: 1000
	save_ckpts: True
	seed: 2
	steps: 600
	tail_support_condition: long_tail_visible
	tail_support_head_env: 0.1
	tail_support_source_envs: 0.1,0.2,0.5,0.9
	tail_support_source_envs_parsed: (0.1, 0.2, 0.5, 0.9)
	tail_support_tail_env: 0.9
	test_env_ms: 0.9
	test_envs: 0.0,0.1,0.2,0.3,0.4,0.5,0.6,0.7,0.8,0.9,1.0
	train_env_ps: (0.1, 0.2, 0.5, 0.9)
	train_env_size_mode: random
	train_env_sizes: 5000,2000,800,200
	train_env_sizes_parsed: (5000, 2000, 800, 200)
	train_envs: 0.1,0.2,0.5,0.9
	weight_decay: 0
Train environment sample counts: [5000, 2000, 800, 200]
Requested train environments: [0.1, 0.2, 0.5, 0.9]
Active train environments: [0.1, 0.2, 0.5, 0.9]
Train domain count map: {'0.1': 5000, '0.2': 2000, '0.5': 800, '0.9': 200}
Empirical training prior map: {'0.1': 0.625, '0.2': 0.25, '0.5': 0.1, '0.9': 0.025}
train_sandbox.py:231: FutureWarning: You are using `torch.load` with `weights_only=False` (the current default value), which uses the default pickle module implicitly. It is possible to construct malicious pickle data which will execute arbitrary code during unpickling (See https://github.com/pytorch/pytorch/blob/main/SECURITY.md#untrusted-models for more details). In a future release, the default value for `weights_only` will be flipped to `True`. This limits the functions that could be executed during unpickling. Arbitrary objects will no longer be allowed to be loaded via this mode unless they are explicitly allowlisted by the user via `torch.serialization.add_safe_globals`. We recommend you start setting `weights_only=True` for any use case where you don't have full control of the loaded file. Please open an issue on GitHub for any issues related to this experimental feature.
  algorithm.load_state_dict(torch.load(erm_ckpt_pth, map_location=device), strict=False)
ERM-pretrained model loaded: c19a5d041c0ca5c69ae51a529ec00875.
Traceback (most recent call last):
  File "train_sandbox.py", line 285, in <module>
    results[env_name + '_acc'] = misc.accuracy(algorithm, env_loader, device, alpha=h_alphas_train[i])
IndexError: list index out of range
Args:
	algorithm: inftask
	alpha: 0.4
	batch_size: 25000
	data_dir: ..\data
	deterministic: False
	dropout_p: 0.2
	erm_pretrain_iters: 400
	eval_freq: 50
	exp_name: e3b_tail_support
	full_resolution: False
	groupdro_eta: 1.0
	loss_fn: nll
	lr: 0.0001
	lr_cos_sched: True
	lr_factor_reduction: 1
	mlp_hidden_dim: 390
	n_workers: 0
	network: FiLMedMLP
	other_arg: default
	output_dir: ..\results\E3b_tail_support
	penalty_weight: 1000
	save_ckpts: True
	seed: 2
	steps: 600
	tail_support_condition: long_tail_visible
	tail_support_head_env: 0.1
	tail_support_source_envs: 0.1,0.2,0.5,0.9
	tail_support_source_envs_parsed: (0.1, 0.2, 0.5, 0.9)
	tail_support_tail_env: 0.9
	test_env_ms: 0.9
	test_envs: 0.0,0.1,0.2,0.3,0.4,0.5,0.6,0.7,0.8,0.9,1.0
	train_env_ps: (0.1, 0.2, 0.5, 0.9)
	train_env_size_mode: random
	train_env_sizes: 5000,2000,800,200
	train_env_sizes_parsed: (5000, 2000, 800, 200)
	train_envs: 0.1,0.2,0.5,0.9
	weight_decay: 0
Train environment sample counts: [5000, 2000, 800, 200]
Requested train environments: [0.1, 0.2, 0.5, 0.9]
Active train environments: [0.1, 0.2, 0.5, 0.9]
Train domain count map: {'0.1': 5000, '0.2': 2000, '0.5': 800, '0.9': 200}
Empirical training prior map: {'0.1': 0.625, '0.2': 0.25, '0.5': 0.1, '0.9': 0.025}
train_sandbox.py:231: FutureWarning: You are using `torch.load` with `weights_only=False` (the current default value), which uses the default pickle module implicitly. It is possible to construct malicious pickle data which will execute arbitrary code during unpickling (See https://github.com/pytorch/pytorch/blob/main/SECURITY.md#untrusted-models for more details). In a future release, the default value for `weights_only` will be flipped to `True`. This limits the functions that could be executed during unpickling. Arbitrary objects will no longer be allowed to be loaded via this mode unless they are explicitly allowlisted by the user via `torch.serialization.add_safe_globals`. We recommend you start setting `weights_only=True` for any use case where you don't have full control of the loaded file. Please open an issue on GitHub for any issues related to this experimental feature.
  algorithm.load_state_dict(torch.load(erm_ckpt_pth, map_location=device), strict=False)
ERM-pretrained model loaded: c19a5d041c0ca5c69ae51a529ec00875.
Traceback (most recent call last):
  File "train_sandbox.py", line 285, in <module>
    results[env_name + '_acc'] = misc.accuracy(algorithm, env_loader, device, alpha=h_alphas_train[i])
IndexError: list index out of range
Args:
	algorithm: erm
	alpha: 0.4
	batch_size: 25000
	data_dir: ..\data
	deterministic: False
	dropout_p: 0.2
	erm_pretrain_iters: 0
	eval_freq: 50
	exp_name: e3b_tail_support
	full_resolution: False
	groupdro_eta: 1.0
	loss_fn: nll
	lr: 0.0001
	lr_cos_sched: False
	lr_factor_reduction: 1
	mlp_hidden_dim: 390
	n_workers: 0
	network: FiLMedMLP
	other_arg: default
	output_dir: ..\results\E3b_tail_support
	penalty_weight: 1000
	save_ckpts: False
	seed: 2
	steps: 600
	tail_support_condition: missing_tail
	tail_support_head_env: 0.1
	tail_support_source_envs: 0.1,0.2,0.5,0.9
	tail_support_source_envs_parsed: (0.1, 0.2, 0.5, 0.9)
	tail_support_tail_env: 0.9
	test_env_ms: 0.9
	test_envs: 0.0,0.1,0.2,0.3,0.4,0.5,0.6,0.7,0.8,0.9,1.0
	train_env_ps: (0.1, 0.2, 0.5, 0.9)
	train_env_size_mode: random
	train_env_sizes: 6000,1500,500,0
	train_env_sizes_parsed: (6000, 1500, 500, 0)
	train_envs: 0.1,0.2,0.5,0.9
	weight_decay: 0
Dropped zero-sized training environments: [0.9]
Train environment sample counts: [6000, 1500, 500]
Requested train environments: [0.1, 0.2, 0.5, 0.9]
Active train environments: [0.1, 0.2, 0.5]
Train domain count map: {'0.1': 6000, '0.2': 1500, '0.5': 500, '0.9': 0}
Empirical training prior map: {'0.1': 0.75, '0.2': 0.1875, '0.5': 0.0625, '0.9': 0.0}
0.0_acc       0.0_loss      0.1_acc       0.1_loss      0.2_acc       0.2_loss      0.3_acc       0.3_loss      0.4_acc       0.4_loss      0.5_acc       0.5_loss      0.6_acc       0.6_loss      0.7_acc       0.7_loss      0.8_acc       0.8_loss      0.9_acc       0.9_loss      1.0_acc       1.0_loss      avg_step_tim  epoch         loss          mem_gb        step         
1.0000000000  0.1288171560  0.8954000000  0.3377199769  0.7979000000  0.5350710750  0.6905000000  0.7512398362  0.5971000000  0.9393843412  0.4971000000  1.1404409409  0.4010000000  1.3364228010  0.3062000000  1.5215805769  0.1968000000  1.7482213974  0.0988000000  1.9437581301  0.0000000000  2.1424796581  0.1579237461  468.75000000  0.4150904119  0.3051366806  50           
0.0_acc       0.0_loss      0.1_acc       0.1_loss      0.2_acc       0.2_loss      0.3_acc       0.3_loss      0.4_acc       0.4_loss      0.5_acc       0.5_loss      0.6_acc       0.6_loss      0.7_acc       0.7_loss      0.8_acc       0.8_loss      0.9_acc       0.9_loss      1.0_acc       1.0_loss      avg_step_tim  epoch         loss          mem_gb        step         
0.9999000000  0.1442321241  0.8955000000  0.3265622854  0.7978000000  0.4948244095  0.6907000000  0.6862046719  0.5975000000  0.8518335819  0.4973000000  1.0266449451  0.4019000000  1.1917287111  0.3069000000  1.3494430780  0.1976000000  1.5558789968  0.0994000000  1.7252675295  0.0011000000  1.9006544352  0.1012356925  937.50000000  0.3845245540  0.3051366806  100          
0.0_acc       0.0_loss      0.1_acc       0.1_loss      0.2_acc       0.2_loss      0.3_acc       0.3_loss      0.4_acc       0.4_loss      0.5_acc       0.5_loss      0.6_acc       0.6_loss      0.7_acc       0.7_loss      0.8_acc       0.8_loss      0.9_acc       0.9_loss      1.0_acc       1.0_loss      avg_step_tim  epoch         loss          mem_gb        step         
0.9958000000  0.1418119520  0.8940000000  0.3208295703  0.7981000000  0.4872965813  0.6915000000  0.6782519221  0.5999000000  0.8426376581  0.5004000000  1.0147439241  0.4075000000  1.1721957922  0.3128000000  1.3248491287  0.2050000000  1.5384533405  0.1084000000  1.7027218342  0.0122000000  1.8739510775  0.0623429680  1406.2500000  0.3609530330  0.3051366806  150          
0.0_acc       0.0_loss      0.1_acc       0.1_loss      0.2_acc       0.2_loss      0.3_acc       0.3_loss      0.4_acc       0.4_loss      0.5_acc       0.5_loss      0.6_acc       0.6_loss      0.7_acc       0.7_loss      0.8_acc       0.8_loss      0.9_acc       0.9_loss      1.0_acc       1.0_loss      avg_step_tim  epoch         loss          mem_gb        step         
0.9839000000  0.1369125843  0.8870000000  0.3228987753  0.7936000000  0.4947979450  0.6920000000  0.6938541532  0.6033000000  0.8636279106  0.5065000000  1.0404595137  0.4179000000  1.2002700567  0.3285000000  1.3551603556  0.2219000000  1.5827800035  0.1303000000  1.7523199320  0.0378000000  1.9260720015  0.0490365815  1875.0000000  0.3310920298  0.3051366806  200          
0.0_acc       0.0_loss      0.1_acc       0.1_loss      0.2_acc       0.2_loss      0.3_acc       0.3_loss      0.4_acc       0.4_loss      0.5_acc       0.5_loss      0.6_acc       0.6_loss      0.7_acc       0.7_loss      0.8_acc       0.8_loss      0.9_acc       0.9_loss      1.0_acc       1.0_loss      avg_step_tim  epoch         loss          mem_gb        step         
0.9727000000  0.1325841695  0.8779000000  0.3345206380  0.7899000000  0.5174154043  0.6937000000  0.7335273027  0.6090000000  0.9164963365  0.5166000000  1.1040407419  0.4340000000  1.2778694630  0.3511000000  1.4404097795  0.2475000000  1.6880736351  0.1568000000  1.8708546162  0.0709000000  2.0570490360  0.0368775806  2343.7500000  0.2922041416  0.3051366806  250          
0.0_acc       0.0_loss      0.1_acc       0.1_loss      0.2_acc       0.2_loss      0.3_acc       0.3_loss      0.4_acc       0.4_loss      0.5_acc       0.5_loss      0.6_acc       0.6_loss      0.7_acc       0.7_loss      0.8_acc       0.8_loss      0.9_acc       0.9_loss      1.0_acc       1.0_loss      avg_step_tim  epoch         loss          mem_gb        step         
0.9642000000  0.1313416213  0.8690000000  0.3569557667  0.7892000000  0.5586516261  0.6936000000  0.8004304767  0.6154000000  1.0047868490  0.5274000000  1.2113883495  0.4467000000  1.4074870348  0.3696000000  1.5822894573  0.2712000000  1.8618687391  0.1855000000  2.0633633137  0.1013000000  2.2720582485  0.0340617307  2812.5000000  0.2489535958  0.3051366806  300          
0.0_acc       0.0_loss      0.1_acc       0.1_loss      0.2_acc       0.2_loss      0.3_acc       0.3_loss      0.4_acc       0.4_loss      0.5_acc       0.5_loss      0.6_acc       0.6_loss      0.7_acc       0.7_loss      0.8_acc       0.8_loss      0.9_acc       0.9_loss      1.0_acc       1.0_loss      avg_step_tim  epoch         loss          mem_gb        step         
0.9578000000  0.1253370047  0.8660000000  0.3895989060  0.7882000000  0.6282249689  0.6952000000  0.9130581617  0.6137000000  1.1547859907  0.5315000000  1.3957829475  0.4518000000  1.6291130781  0.3787000000  1.8328423500  0.2826000000  2.1617054939  0.2001000000  2.3964917660  0.1139000000  2.6430444717  0.0299301944  3281.2500000  0.2034918964  0.3051366806  350          
0.0_acc       0.0_loss      0.1_acc       0.1_loss      0.2_acc       0.2_loss      0.3_acc       0.3_loss      0.4_acc       0.4_loss      0.5_acc       0.5_loss      0.6_acc       0.6_loss      0.7_acc       0.7_loss      0.8_acc       0.8_loss      0.9_acc       0.9_loss      1.0_acc       1.0_loss      avg_step_tim  epoch         loss          mem_gb        step         
0.9488000000  0.1338967979  0.8622000000  0.4306441247  0.7835000000  0.7028440237  0.6957000000  1.0226874352  0.6186000000  1.2988060713  0.5373000000  1.5683386326  0.4614000000  1.8339704275  0.3885000000  2.0594484806  0.2978000000  2.4347195625  0.2164000000  2.6951980591  0.1365000000  2.9776701927  0.0237998986  3750.0000000  0.1696442664  0.3051366806  400          
0.0_acc       0.0_loss      0.1_acc       0.1_loss      0.2_acc       0.2_loss      0.3_acc       0.3_loss      0.4_acc       0.4_loss      0.5_acc       0.5_loss      0.6_acc       0.6_loss      0.7_acc       0.7_loss      0.8_acc       0.8_loss      0.9_acc       0.9_loss      1.0_acc       1.0_loss      avg_step_tim  epoch         loss          mem_gb        step         
0.9441000000  0.1399522871  0.8590000000  0.4770824611  0.7808000000  0.7872492075  0.6956000000  1.1540511847  0.6177000000  1.4673920870  0.5399000000  1.7712284327  0.4640000000  2.0765016079  0.3931000000  2.3342297077  0.3034000000  2.7651507854  0.2231000000  3.0542051792  0.1443000000  3.3772482872  0.0201401975  4218.7500000  0.1359622926  0.3051366806  450          
0.0_acc       0.0_loss      0.1_acc       0.1_loss      0.2_acc       0.2_loss      0.3_acc       0.3_loss      0.4_acc       0.4_loss      0.5_acc       0.5_loss      0.6_acc       0.6_loss      0.7_acc       0.7_loss      0.8_acc       0.8_loss      0.9_acc       0.9_loss      1.0_acc       1.0_loss      avg_step_tim  epoch         loss          mem_gb        step         
0.9453000000  0.1403474063  0.8603000000  0.5231242776  0.7820000000  0.8803048730  0.6926000000  1.2988668680  0.6179000000  1.6541476250  0.5375000000  1.9990975857  0.4645000000  2.3510560989  0.3904000000  2.6455838680  0.3003000000  3.1341433525  0.2211000000  3.4612984657  0.1416000000  3.8297386169  0.0177112293  4687.5000000  0.1072313115  0.3051366806  500          
0.0_acc       0.0_loss      0.1_acc       0.1_loss      0.2_acc       0.2_loss      0.3_acc       0.3_loss      0.4_acc       0.4_loss      0.5_acc       0.5_loss      0.6_acc       0.6_loss      0.7_acc       0.7_loss      0.8_acc       0.8_loss      0.9_acc       0.9_loss      1.0_acc       1.0_loss      avg_step_tim  epoch         loss          mem_gb        step         
0.9417000000  0.1508213282  0.8593000000  0.5712363124  0.7811000000  0.9631355405  0.6941000000  1.4247126579  0.6169000000  1.8144142628  0.5418000000  2.1940553188  0.4668000000  2.5822713375  0.3960000000  2.9029984474  0.3069000000  3.4408802986  0.2276000000  3.7993693352  0.1501000000  4.2066364288  0.0187241155  5156.2500000  0.0959175676  0.3051366806  550          
0.0_acc       0.0_loss      0.1_acc       0.1_loss      0.2_acc       0.2_loss      0.3_acc       0.3_loss      0.4_acc       0.4_loss      0.5_acc       0.5_loss      0.6_acc       0.6_loss      0.7_acc       0.7_loss      0.8_acc       0.8_loss      0.9_acc       0.9_loss      1.0_acc       1.0_loss      avg_step_tim  epoch         loss          mem_gb        step         
0.9345000000  0.1755360365  0.8530000000  0.6111528873  0.7785000000  1.0154695511  0.6941000000  1.4946043491  0.6211000000  1.8979487419  0.5460000000  2.2875802517  0.4742000000  2.6892459393  0.4063000000  3.0183851719  0.3217000000  3.5767440796  0.2447000000  3.9434475899  0.1689000000  4.3673815727  0.0150772500  5625.0000000  0.0765067488  0.3051366806  600          
[2.24, 2.45, 2.66, 2.86, 3.06, 3.28, 3.48, 3.69, 3.91, 4.1, 4.31]

final accuracies:
0.0    0.1    0.2    0.3    0.4    0.5    0.6    0.7    0.8    0.9    1.0   
0.935  0.861  0.776  0.706  0.634  0.551  0.470  0.399  0.312  0.241  0.166 
[2.24, 2.45, 2.66, 2.86, 3.06, 3.28, 3.48, 3.69, 3.91, 4.1, 4.31]

best accuracies:
0.0    0.1    0.2    0.3    0.4    0.5    0.6    0.7    0.8    0.9    1.0   
0.935  0.861  0.776  0.706  0.634  0.551  0.470  0.399  0.312  0.241  0.166 
Args:
	algorithm: irm
	alpha: 0.4
	batch_size: 25000
	data_dir: ..\data
	deterministic: False
	dropout_p: 0.2
	erm_pretrain_iters: 400
	eval_freq: 50
	exp_name: e3b_tail_support
	full_resolution: False
	groupdro_eta: 1.0
	loss_fn: nll
	lr: 0.0001
	lr_cos_sched: True
	lr_factor_reduction: 1
	mlp_hidden_dim: 390
	n_workers: 0
	network: FiLMedMLP
	other_arg: default
	output_dir: ..\results\E3b_tail_support
	penalty_weight: 1000.0
	save_ckpts: True
	seed: 2
	steps: 600
	tail_support_condition: missing_tail
	tail_support_head_env: 0.1
	tail_support_source_envs: 0.1,0.2,0.5,0.9
	tail_support_source_envs_parsed: (0.1, 0.2, 0.5, 0.9)
	tail_support_tail_env: 0.9
	test_env_ms: 0.9
	test_envs: 0.0,0.1,0.2,0.3,0.4,0.5,0.6,0.7,0.8,0.9,1.0
	train_env_ps: (0.1, 0.2, 0.5, 0.9)
	train_env_size_mode: random
	train_env_sizes: 6000,1500,500,0
	train_env_sizes_parsed: (6000, 1500, 500, 0)
	train_envs: 0.1,0.2,0.5,0.9
	weight_decay: 0
Dropped zero-sized training environments: [0.9]
Train environment sample counts: [6000, 1500, 500]
Requested train environments: [0.1, 0.2, 0.5, 0.9]
Active train environments: [0.1, 0.2, 0.5]
Train domain count map: {'0.1': 6000, '0.2': 1500, '0.5': 500, '0.9': 0}
Empirical training prior map: {'0.1': 0.75, '0.2': 0.1875, '0.5': 0.0625, '0.9': 0.0}
0.0_acc       0.0_loss      0.1_acc       0.1_loss      0.2_acc       0.2_loss      0.3_acc       0.3_loss      0.4_acc       0.4_loss      0.5_acc       0.5_loss      0.6_acc       0.6_loss      0.7_acc       0.7_loss      0.8_acc       0.8_loss      0.9_acc       0.9_loss      1.0_acc       1.0_loss      avg_step_tim  epoch         loss          mem_gb        step         
1.0000000000  0.1288171560  0.8954000000  0.3377199769  0.7979000000  0.5350710750  0.6905000000  0.7512398362  0.5971000000  0.9393843412  0.4971000000  1.1404409409  0.4010000000  1.3364228010  0.3062000000  1.5215805769  0.1968000000  1.7482213974  0.0988000000  1.9437581301  0.0000000000  2.1424796581  0.1514017296  468.75000000  0.4150904119  0.3051366806  50           
0.0_acc       0.0_loss      0.1_acc       0.1_loss      0.2_acc       0.2_loss      0.3_acc       0.3_loss      0.4_acc       0.4_loss      0.5_acc       0.5_loss      0.6_acc       0.6_loss      0.7_acc       0.7_loss      0.8_acc       0.8_loss      0.9_acc       0.9_loss      1.0_acc       1.0_loss      avg_step_tim  epoch         loss          mem_gb        step         
0.9999000000  0.1442321241  0.8955000000  0.3265622854  0.7978000000  0.4948244095  0.6907000000  0.6862046719  0.5975000000  0.8518335819  0.4973000000  1.0266449451  0.4019000000  1.1917287111  0.3069000000  1.3494430780  0.1976000000  1.5558789968  0.0994000000  1.7252675295  0.0011000000  1.9006544352  0.0978583288  937.50000000  0.3845245540  0.3051366806  100          
0.0_acc       0.0_loss      0.1_acc       0.1_loss      0.2_acc       0.2_loss      0.3_acc       0.3_loss      0.4_acc       0.4_loss      0.5_acc       0.5_loss      0.6_acc       0.6_loss      0.7_acc       0.7_loss      0.8_acc       0.8_loss      0.9_acc       0.9_loss      1.0_acc       1.0_loss      avg_step_tim  epoch         loss          mem_gb        step         
0.9958000000  0.1418119520  0.8940000000  0.3208295703  0.7981000000  0.4872965813  0.6915000000  0.6782519221  0.5999000000  0.8426376581  0.5004000000  1.0147439241  0.4075000000  1.1721957922  0.3128000000  1.3248491287  0.2050000000  1.5384533405  0.1084000000  1.7027218342  0.0122000000  1.8739510775  0.0605518293  1406.2500000  0.3609530330  0.3051366806  150          
0.0_acc       0.0_loss      0.1_acc       0.1_loss      0.2_acc       0.2_loss      0.3_acc       0.3_loss      0.4_acc       0.4_loss      0.5_acc       0.5_loss      0.6_acc       0.6_loss      0.7_acc       0.7_loss      0.8_acc       0.8_loss      0.9_acc       0.9_loss      1.0_acc       1.0_loss      avg_step_tim  epoch         loss          mem_gb        step         
0.9839000000  0.1369125843  0.8870000000  0.3228987753  0.7936000000  0.4947979450  0.6920000000  0.6938541532  0.6033000000  0.8636279106  0.5065000000  1.0404595137  0.4179000000  1.2002700567  0.3285000000  1.3551603556  0.2219000000  1.5827800035  0.1303000000  1.7523199320  0.0378000000  1.9260720015  0.0444015563  1875.0000000  0.3310920298  0.3051366806  200          
0.0_acc       0.0_loss      0.1_acc       0.1_loss      0.2_acc       0.2_loss      0.3_acc       0.3_loss      0.4_acc       0.4_loss      0.5_acc       0.5_loss      0.6_acc       0.6_loss      0.7_acc       0.7_loss      0.8_acc       0.8_loss      0.9_acc       0.9_loss      1.0_acc       1.0_loss      avg_step_tim  epoch         loss          mem_gb        step         
0.9727000000  0.1325841695  0.8779000000  0.3345206380  0.7899000000  0.5174154043  0.6937000000  0.7335273027  0.6090000000  0.9164963365  0.5166000000  1.1040407419  0.4340000000  1.2778694630  0.3511000000  1.4404097795  0.2475000000  1.6880736351  0.1568000000  1.8708546162  0.0709000000  2.0570490360  0.0406803169  2343.7500000  0.2922041416  0.3051366806  250          
0.0_acc       0.0_loss      0.1_acc       0.1_loss      0.2_acc       0.2_loss      0.3_acc       0.3_loss      0.4_acc       0.4_loss      0.5_acc       0.5_loss      0.6_acc       0.6_loss      0.7_acc       0.7_loss      0.8_acc       0.8_loss      0.9_acc       0.9_loss      1.0_acc       1.0_loss      avg_step_tim  epoch         loss          mem_gb        step         
0.9642000000  0.1313416213  0.8690000000  0.3569557667  0.7892000000  0.5586516261  0.6936000000  0.8004304767  0.6154000000  1.0047868490  0.5274000000  1.2113883495  0.4467000000  1.4074870348  0.3696000000  1.5822894573  0.2712000000  1.8618687391  0.1855000000  2.0633633137  0.1013000000  2.2720582485  0.0309622264  2812.5000000  0.2489535958  0.3051366806  300          
0.0_acc       0.0_loss      0.1_acc       0.1_loss      0.2_acc       0.2_loss      0.3_acc       0.3_loss      0.4_acc       0.4_loss      0.5_acc       0.5_loss      0.6_acc       0.6_loss      0.7_acc       0.7_loss      0.8_acc       0.8_loss      0.9_acc       0.9_loss      1.0_acc       1.0_loss      avg_step_tim  epoch         loss          mem_gb        step         
0.9578000000  0.1253370047  0.8660000000  0.3895989060  0.7882000000  0.6282249689  0.6952000000  0.9130581617  0.6137000000  1.1547859907  0.5315000000  1.3957829475  0.4518000000  1.6291130781  0.3787000000  1.8328423500  0.2826000000  2.1617054939  0.2001000000  2.3964917660  0.1139000000  2.6430444717  0.0297783954  3281.2500000  0.2034918964  0.3051366806  350          
0.0_acc       0.0_loss      0.1_acc       0.1_loss      0.2_acc       0.2_loss      0.3_acc       0.3_loss      0.4_acc       0.4_loss      0.5_acc       0.5_loss      0.6_acc       0.6_loss      0.7_acc       0.7_loss      0.8_acc       0.8_loss      0.9_acc       0.9_loss      1.0_acc       1.0_loss      avg_step_tim  epoch         loss          mem_gb        step         
0.9488000000  0.1338967979  0.8622000000  0.4306441247  0.7835000000  0.7028440237  0.6957000000  1.0226874352  0.6186000000  1.2988060713  0.5373000000  1.5683386326  0.4614000000  1.8339704275  0.3885000000  2.0594484806  0.2978000000  2.4347195625  0.2164000000  2.6951980591  0.1365000000  2.9776701927  0.0241006994  3750.0000000  0.1696442664  0.3051366806  400          
Saved ERM-pretrained model.
0.0_acc       0.0_loss      0.1_acc       0.1_loss      0.2_acc       0.2_loss      0.3_acc       0.3_loss      0.4_acc       0.4_loss      0.5_acc       0.5_loss      0.6_acc       0.6_loss      0.7_acc       0.7_loss      0.8_acc       0.8_loss      0.9_acc       0.9_loss      1.0_acc       1.0_loss      avg_step_tim  epoch         erm_loss      loss          mem_gb        penalty       step         
0.8628000000  0.3162109256  0.8019000000  0.5277821422  0.7565000000  0.7066220641  0.6991000000  0.9252163768  0.6442000000  1.1252782345  0.5972000000  1.3037087917  0.5452000000  1.4797450304  0.5090000000  1.6201579571  0.4381000000  1.9031429291  0.3880000000  2.0769205093  0.3326000000  2.2842750549  0.0225155438  4218.7500000  0.2426175326  0.0003011382  0.3051404953  0.0000585206  450          
0.0_acc       0.0_loss      0.1_acc       0.1_loss      0.2_acc       0.2_loss      0.3_acc       0.3_loss      0.4_acc       0.4_loss      0.5_acc       0.5_loss      0.6_acc       0.6_loss      0.7_acc       0.7_loss      0.8_acc       0.8_loss      0.9_acc       0.9_loss      1.0_acc       1.0_loss      avg_step_tim  epoch         erm_loss      loss          mem_gb        penalty       step         
0.8603000000  0.3265317380  0.7997000000  0.5319884419  0.7559000000  0.7034834027  0.7011000000  0.9262125492  0.6448000000  1.1183968782  0.6019000000  1.2904011011  0.5563000000  1.4669830799  0.5148000000  1.5994610786  0.4503000000  1.8790495396  0.3994000000  2.0460832119  0.3491000000  2.2430796623  0.0209807320  4687.5000000  0.2411330640  0.0003019542  0.3051404953  0.0000608211  500          
0.0_acc       0.0_loss      0.1_acc       0.1_loss      0.2_acc       0.2_loss      0.3_acc       0.3_loss      0.4_acc       0.4_loss      0.5_acc       0.5_loss      0.6_acc       0.6_loss      0.7_acc       0.7_loss      0.8_acc       0.8_loss      0.9_acc       0.9_loss      1.0_acc       1.0_loss      avg_step_tim  epoch         erm_loss      loss          mem_gb        penalty       step         
0.8614000000  0.3250502944  0.8000000000  0.5361184478  0.7563000000  0.7132032514  0.7019000000  0.9390503764  0.6459000000  1.1366068125  0.6013000000  1.3142625093  0.5524000000  1.4949434996  0.5155000000  1.6308366060  0.4502000000  1.9171136618  0.3995000000  2.0893111229  0.3467000000  2.2928004265  0.0172011215  5156.2500000  0.2399494648  0.0002613986  0.3051404953  0.0000214492  550          
0.0_acc       0.0_loss      0.1_acc       0.1_loss      0.2_acc       0.2_loss      0.3_acc       0.3_loss      0.4_acc       0.4_loss      0.5_acc       0.5_loss      0.6_acc       0.6_loss      0.7_acc       0.7_loss      0.8_acc       0.8_loss      0.9_acc       0.9_loss      1.0_acc       1.0_loss      avg_step_tim  epoch         erm_loss      loss          mem_gb        penalty       step         
0.8678000000  0.3113051653  0.8039000000  0.5281624794  0.7581000000  0.7115149498  0.7017000000  0.9445945024  0.6441000000  1.1473498344  0.5981000000  1.3309925795  0.5481000000  1.5178906918  0.5076000000  1.6590203047  0.4410000000  1.9522889853  0.3892000000  2.1302580833  0.3345000000  2.3390631676  0.0159491090  5625.0000000  0.2267914265  0.0003972076  0.3051404953  0.0001704161  600          
[1.3, 1.39, 1.49, 1.59, 1.69, 1.79, 1.88, 1.99, 2.09, 2.18, 2.29]

final accuracies:
0.0    0.1    0.2    0.3    0.4    0.5    0.6    0.7    0.8    0.9    1.0   
0.867  0.813  0.755  0.705  0.664  0.605  0.550  0.503  0.441  0.395  0.341 
[1.28, 1.37, 1.47, 1.56, 1.66, 1.76, 1.85, 1.95, 2.05, 2.14, 2.24]

best accuracies:
0.0    0.1    0.2    0.3    0.4    0.5    0.6    0.7    0.8    0.9    1.0   
0.861  0.810  0.753  0.703  0.665  0.607  0.555  0.509  0.447  0.403  0.351 
Args:
	algorithm: groupdro
	alpha: 0.4
	batch_size: 25000
	data_dir: ..\data
	deterministic: False
	dropout_p: 0.2
	erm_pretrain_iters: 400
	eval_freq: 50
	exp_name: e3b_tail_support
	full_resolution: False
	groupdro_eta: 0.1
	loss_fn: nll
	lr: 0.0001
	lr_cos_sched: True
	lr_factor_reduction: 1
	mlp_hidden_dim: 390
	n_workers: 0
	network: FiLMedMLP
	other_arg: default
	output_dir: ..\results\E3b_tail_support
	penalty_weight: 1000
	save_ckpts: True
	seed: 2
	steps: 1000
	tail_support_condition: missing_tail
	tail_support_head_env: 0.1
	tail_support_source_envs: 0.1,0.2,0.5,0.9
	tail_support_source_envs_parsed: (0.1, 0.2, 0.5, 0.9)
	tail_support_tail_env: 0.9
	test_env_ms: 0.9
	test_envs: 0.0,0.1,0.2,0.3,0.4,0.5,0.6,0.7,0.8,0.9,1.0
	train_env_ps: (0.1, 0.2, 0.5, 0.9)
	train_env_size_mode: random
	train_env_sizes: 6000,1500,500,0
	train_env_sizes_parsed: (6000, 1500, 500, 0)
	train_envs: 0.1,0.2,0.5,0.9
	weight_decay: 0
Dropped zero-sized training environments: [0.9]
Train environment sample counts: [6000, 1500, 500]
Requested train environments: [0.1, 0.2, 0.5, 0.9]
Active train environments: [0.1, 0.2, 0.5]
Train domain count map: {'0.1': 6000, '0.2': 1500, '0.5': 500, '0.9': 0}
Empirical training prior map: {'0.1': 0.75, '0.2': 0.1875, '0.5': 0.0625, '0.9': 0.0}
train_sandbox.py:231: FutureWarning: You are using `torch.load` with `weights_only=False` (the current default value), which uses the default pickle module implicitly. It is possible to construct malicious pickle data which will execute arbitrary code during unpickling (See https://github.com/pytorch/pytorch/blob/main/SECURITY.md#untrusted-models for more details). In a future release, the default value for `weights_only` will be flipped to `True`. This limits the functions that could be executed during unpickling. Arbitrary objects will no longer be allowed to be loaded via this mode unless they are explicitly allowlisted by the user via `torch.serialization.add_safe_globals`. We recommend you start setting `weights_only=True` for any use case where you don't have full control of the loaded file. Please open an issue on GitHub for any issues related to this experimental feature.
  algorithm.load_state_dict(torch.load(erm_ckpt_pth, map_location=device), strict=False)
ERM-pretrained model loaded: 1ae956611ab983bd39f9da436894b75f.
0.0_acc       0.0_loss      0.1_acc       0.1_loss      0.2_acc       0.2_loss      0.3_acc       0.3_loss      0.4_acc       0.4_loss      0.5_acc       0.5_loss      0.6_acc       0.6_loss      0.7_acc       0.7_loss      0.8_acc       0.8_loss      0.9_acc       0.9_loss      1.0_acc       1.0_loss      avg_step_tim  epoch         loss          mem_gb        step         
0.8997000000  0.2339678109  0.8293000000  0.4929309487  0.7680000000  0.7306684256  0.6951000000  1.0150604248  0.6298000000  1.2557464838  0.5726000000  1.4831382036  0.5064000000  1.7185286283  0.4559000000  1.9040424824  0.3786000000  2.2466440201  0.3154000000  2.4697558880  0.2467000000  2.7221162319  0.0179029899  4218.7500000  0.1773109436  0.2788195610  450          
0.0_acc       0.0_loss      0.1_acc       0.1_loss      0.2_acc       0.2_loss      0.3_acc       0.3_loss      0.4_acc       0.4_loss      0.5_acc       0.5_loss      0.6_acc       0.6_loss      0.7_acc       0.7_loss      0.8_acc       0.8_loss      0.9_acc       0.9_loss      1.0_acc       1.0_loss      avg_step_tim  epoch         loss          mem_gb        step         
0.9099000000  0.2188090831  0.8350000000  0.5265185833  0.7697000000  0.8190960884  0.6949000000  1.1617468596  0.6280000000  1.4505584240  0.5651000000  1.7251368761  0.4973000000  2.0096516609  0.4417000000  2.2377026081  0.3606000000  2.6442718506  0.2946000000  2.9148635864  0.2239000000  3.2179183960  0.0208541098  4687.5000000  0.1413448006  0.2788200378  500          
0.0_acc       0.0_loss      0.1_acc       0.1_loss      0.2_acc       0.2_loss      0.3_acc       0.3_loss      0.4_acc       0.4_loss      0.5_acc       0.5_loss      0.6_acc       0.6_loss      0.7_acc       0.7_loss      0.8_acc       0.8_loss      0.9_acc       0.9_loss      1.0_acc       1.0_loss      avg_step_tim  epoch         loss          mem_gb        step         
0.9224000000  0.1976935118  0.8433000000  0.5456492305  0.7753000000  0.8780150414  0.6941000000  1.2658728361  0.6237000000  1.5909346342  0.5567000000  1.9064337015  0.4886000000  2.2273721695  0.4256000000  2.4871530533  0.3417000000  2.9416592121  0.2714000000  3.2496030331  0.1964000000  3.5933933258  0.0165043722  5156.2500000  0.1249703765  0.2788200378  550          
0.0_acc       0.0_loss      0.1_acc       0.1_loss      0.2_acc       0.2_loss      0.3_acc       0.3_loss      0.4_acc       0.4_loss      0.5_acc       0.5_loss      0.6_acc       0.6_loss      0.7_acc       0.7_loss      0.8_acc       0.8_loss      0.9_acc       0.9_loss      1.0_acc       1.0_loss      avg_step_tim  epoch         loss          mem_gb        step         
0.9191000000  0.2059386671  0.8414000000  0.5588577986  0.7737000000  0.8916816115  0.6935000000  1.2852646112  0.6234000000  1.6165766716  0.5569000000  1.9352737665  0.4903000000  2.2579605579  0.4280000000  2.5216221809  0.3459000000  2.9818530083  0.2732000000  3.2913484573  0.1995000000  3.6426320076  0.0161835802  5625.0000000  0.1202166229  0.2788200378  600          
0.0_acc       0.0_loss      0.1_acc       0.1_loss      0.2_acc       0.2_loss      0.3_acc       0.3_loss      0.4_acc       0.4_loss      0.5_acc       0.5_loss      0.6_acc       0.6_loss      0.7_acc       0.7_loss      0.8_acc       0.8_loss      0.9_acc       0.9_loss      1.0_acc       1.0_loss      avg_step_tim  epoch         loss          mem_gb        step         
0.9285000000  0.1856144220  0.8480000000  0.5667804480  0.7777000000  0.9252669811  0.6954000000  1.3491173983  0.6215000000  1.7057362795  0.5499000000  2.0518364906  0.4819000000  2.4014809132  0.4152000000  2.6883916855  0.3307000000  3.1793880463  0.2549000000  3.5145206451  0.1788000000  3.8897604942  0.0147231891  6093.7500000  0.1131139845  0.2788200378  650          
0.0_acc       0.0_loss      0.1_acc       0.1_loss      0.2_acc       0.2_loss      0.3_acc       0.3_loss      0.4_acc       0.4_loss      0.5_acc       0.5_loss      0.6_acc       0.6_loss      0.7_acc       0.7_loss      0.8_acc       0.8_loss      0.9_acc       0.9_loss      1.0_acc       1.0_loss      avg_step_tim  epoch         loss          mem_gb        step         
0.9286000000  0.1842748821  0.8486000000  0.5742397308  0.7779000000  0.9409344196  0.6949000000  1.3731540442  0.6210000000  1.7378215790  0.5495000000  2.0915069580  0.4801000000  2.4485480785  0.4130000000  2.7436583042  0.3282000000  3.2454936504  0.2529000000  3.5849523544  0.1777000000  3.9677729607  0.0141170652  6562.5000000  0.1110687554  0.2788200378  700          
0.0_acc       0.0_loss      0.1_acc       0.1_loss      0.2_acc       0.2_loss      0.3_acc       0.3_loss      0.4_acc       0.4_loss      0.5_acc       0.5_loss      0.6_acc       0.6_loss      0.7_acc       0.7_loss      0.8_acc       0.8_loss      0.9_acc       0.9_loss      1.0_acc       1.0_loss      avg_step_tim  epoch         loss          mem_gb        step         
0.9307000000  0.1810028851  0.8493000000  0.5803986788  0.7782000000  0.9543883801  0.6940000000  1.3979829550  0.6214000000  1.7704993486  0.5480000000  2.1322765350  0.4769000000  2.4984042645  0.4105000000  2.7998328209  0.3256000000  3.3148281574  0.2504000000  3.6614167690  0.1743000000  4.0515193939  0.0141170206  7031.2500000  0.1070221588  0.2788200378  750          
0.0_acc       0.0_loss      0.1_acc       0.1_loss      0.2_acc       0.2_loss      0.3_acc       0.3_loss      0.4_acc       0.4_loss      0.5_acc       0.5_loss      0.6_acc       0.6_loss      0.7_acc       0.7_loss      0.8_acc       0.8_loss      0.9_acc       0.9_loss      1.0_acc       1.0_loss      avg_step_tim  epoch         loss          mem_gb        step         
0.9317000000  0.1782000512  0.8515000000  0.5850616097  0.7794000000  0.9660210609  0.6950000000  1.4173420668  0.6217000000  1.7972996235  0.5460000000  2.1659018993  0.4752000000  2.5390863419  0.4080000000  2.8470454216  0.3228000000  3.3697140217  0.2466000000  3.7218647003  0.1700000000  4.1190862656  0.0118124539  7500.0000000  0.1047523990  0.2788200378  800          
0.0_acc       0.0_loss      0.1_acc       0.1_loss      0.2_acc       0.2_loss      0.3_acc       0.3_loss      0.4_acc       0.4_loss      0.5_acc       0.5_loss      0.6_acc       0.6_loss      0.7_acc       0.7_loss      0.8_acc       0.8_loss      0.9_acc       0.9_loss      1.0_acc       1.0_loss      avg_step_tim  epoch         loss          mem_gb        step         
0.9331000000  0.1753947884  0.8525000000  0.5887686014  0.7795000000  0.9754470587  0.6944000000  1.4343271255  0.6211000000  1.8197546005  0.5449000000  2.1952879429  0.4742000000  2.5745084286  0.4055000000  2.8866465092  0.3206000000  3.4174373150  0.2443000000  3.7752640247  0.1672000000  4.1783776283  0.0120023455  7968.7500000  0.0996266603  0.2788200378  850          
0.0_acc       0.0_loss      0.1_acc       0.1_loss      0.2_acc       0.2_loss      0.3_acc       0.3_loss      0.4_acc       0.4_loss      0.5_acc       0.5_loss      0.6_acc       0.6_loss      0.7_acc       0.7_loss      0.8_acc       0.8_loss      0.9_acc       0.9_loss      1.0_acc       1.0_loss      avg_step_tim  epoch         loss          mem_gb        step         
0.9348000000  0.1734676510  0.8539000000  0.5904406309  0.7802000000  0.9802126884  0.6943000000  1.4425761700  0.6211000000  1.8314554691  0.5445000000  2.2098529339  0.4736000000  2.5923745632  0.4044000000  2.9077808857  0.3180000000  3.4430849552  0.2411000000  3.8028764725  0.1637000000  4.2097935677  0.0109071427  8437.5000000  0.0933288485  0.2788200378  900          
0.0_acc       0.0_loss      0.1_acc       0.1_loss      0.2_acc       0.2_loss      0.3_acc       0.3_loss      0.4_acc       0.4_loss      0.5_acc       0.5_loss      0.6_acc       0.6_loss      0.7_acc       0.7_loss      0.8_acc       0.8_loss      0.9_acc       0.9_loss      1.0_acc       1.0_loss      avg_step_tim  epoch         loss          mem_gb        step         
0.9344000000  0.1740275770  0.8533000000  0.5910488963  0.7802000000  0.9810169935  0.6942000000  1.4437756538  0.6204000000  1.8328402042  0.5449000000  2.2114179134  0.4737000000  2.5944588184  0.4047000000  2.9096741676  0.3187000000  3.4454853535  0.2421000000  3.8050265312  0.1651000000  4.2117567062  0.0095867880  8906.2500000  0.1012406275  0.2788200378  950          
0.0_acc       0.0_loss      0.1_acc       0.1_loss      0.2_acc       0.2_loss      0.3_acc       0.3_loss      0.4_acc       0.4_loss      0.5_acc       0.5_loss      0.6_acc       0.6_loss      0.7_acc       0.7_loss      0.8_acc       0.8_loss      0.9_acc       0.9_loss      1.0_acc       1.0_loss      avg_step_tim  epoch         loss          mem_gb        step         
0.9347000000  0.1731289774  0.8538000000  0.5910332799  0.7804000000  0.9818021059  0.6942000000  1.4452681541  0.6206000000  1.8351343870  0.5446000000  2.2145123482  0.4736000000  2.5982732773  0.4040000000  2.9143424034  0.3181000000  3.4511959553  0.2415000000  3.8113706112  0.1639000000  4.2192201614  0.0091984098  9375.0000000  0.0984397605  0.2788200378  1000         
[2.17, 2.37, 2.57, 2.76, 2.96, 3.17, 3.36, 3.56, 3.78, 3.96, 4.16]

final accuracies:
0.0    0.1    0.2    0.3    0.4    0.5    0.6    0.7    0.8    0.9    1.0   
0.937  0.862  0.777  0.706  0.634  0.552  0.471  0.399  0.311  0.241  0.165 
[1.45, 1.58, 1.7, 1.82, 1.94, 2.07, 2.19, 2.31, 2.44, 2.56, 2.69]

best accuracies:
0.0    0.1    0.2    0.3    0.4    0.5    0.6    0.7    0.8    0.9    1.0   
0.906  0.840  0.768  0.703  0.651  0.578  0.508  0.450  0.369  0.314  0.248 
Args:
	algorithm: iro
	alpha: 0.4
	batch_size: 25000
	data_dir: ..\data
	deterministic: False
	dropout_p: 0.2
	erm_pretrain_iters: 400
	eval_freq: 50
	exp_name: e3b_tail_support
	full_resolution: False
	groupdro_eta: 1.0
	loss_fn: nll
	lr: 0.0001
	lr_cos_sched: True
	lr_factor_reduction: 1
	mlp_hidden_dim: 390
	n_workers: 0
	network: FiLMedMLP
	other_arg: default
	output_dir: ..\results\E3b_tail_support
	penalty_weight: 1000
	save_ckpts: True
	seed: 2
	steps: 600
	tail_support_condition: missing_tail
	tail_support_head_env: 0.1
	tail_support_source_envs: 0.1,0.2,0.5,0.9
	tail_support_source_envs_parsed: (0.1, 0.2, 0.5, 0.9)
	tail_support_tail_env: 0.9
	test_env_ms: 0.9
	test_envs: 0.0,0.1,0.2,0.3,0.4,0.5,0.6,0.7,0.8,0.9,1.0
	train_env_ps: (0.1, 0.2, 0.5, 0.9)
	train_env_size_mode: random
	train_env_sizes: 6000,1500,500,0
	train_env_sizes_parsed: (6000, 1500, 500, 0)
	train_envs: 0.1,0.2,0.5,0.9
	weight_decay: 0
Dropped zero-sized training environments: [0.9]
Train environment sample counts: [6000, 1500, 500]
Requested train environments: [0.1, 0.2, 0.5, 0.9]
Active train environments: [0.1, 0.2, 0.5]
Train domain count map: {'0.1': 6000, '0.2': 1500, '0.5': 500, '0.9': 0}
Empirical training prior map: {'0.1': 0.75, '0.2': 0.1875, '0.5': 0.0625, '0.9': 0.0}
train_sandbox.py:231: FutureWarning: You are using `torch.load` with `weights_only=False` (the current default value), which uses the default pickle module implicitly. It is possible to construct malicious pickle data which will execute arbitrary code during unpickling (See https://github.com/pytorch/pytorch/blob/main/SECURITY.md#untrusted-models for more details). In a future release, the default value for `weights_only` will be flipped to `True`. This limits the functions that could be executed during unpickling. Arbitrary objects will no longer be allowed to be loaded via this mode unless they are explicitly allowlisted by the user via `torch.serialization.add_safe_globals`. We recommend you start setting `weights_only=True` for any use case where you don't have full control of the loaded file. Please open an issue on GitHub for any issues related to this experimental feature.
  algorithm.load_state_dict(torch.load(erm_ckpt_pth, map_location=device), strict=False)
ERM-pretrained model loaded: 1ae956611ab983bd39f9da436894b75f.
Traceback (most recent call last):
  File "train_sandbox.py", line 285, in <module>
    results[env_name + '_acc'] = misc.accuracy(algorithm, env_loader, device, alpha=h_alphas_train[i])
IndexError: list index out of range
Args:
	algorithm: inftask
	alpha: 0.4
	batch_size: 25000
	data_dir: ..\data
	deterministic: False
	dropout_p: 0.2
	erm_pretrain_iters: 400
	eval_freq: 50
	exp_name: e3b_tail_support
	full_resolution: False
	groupdro_eta: 1.0
	loss_fn: nll
	lr: 0.0001
	lr_cos_sched: True
	lr_factor_reduction: 1
	mlp_hidden_dim: 390
	n_workers: 0
	network: FiLMedMLP
	other_arg: default
	output_dir: ..\results\E3b_tail_support
	penalty_weight: 1000
	save_ckpts: True
	seed: 2
	steps: 600
	tail_support_condition: missing_tail
	tail_support_head_env: 0.1
	tail_support_source_envs: 0.1,0.2,0.5,0.9
	tail_support_source_envs_parsed: (0.1, 0.2, 0.5, 0.9)
	tail_support_tail_env: 0.9
	test_env_ms: 0.9
	test_envs: 0.0,0.1,0.2,0.3,0.4,0.5,0.6,0.7,0.8,0.9,1.0
	train_env_ps: (0.1, 0.2, 0.5, 0.9)
	train_env_size_mode: random
	train_env_sizes: 6000,1500,500,0
	train_env_sizes_parsed: (6000, 1500, 500, 0)
	train_envs: 0.1,0.2,0.5,0.9
	weight_decay: 0
Dropped zero-sized training environments: [0.9]
Train environment sample counts: [6000, 1500, 500]
Requested train environments: [0.1, 0.2, 0.5, 0.9]
Active train environments: [0.1, 0.2, 0.5]
Train domain count map: {'0.1': 6000, '0.2': 1500, '0.5': 500, '0.9': 0}
Empirical training prior map: {'0.1': 0.75, '0.2': 0.1875, '0.5': 0.0625, '0.9': 0.0}
train_sandbox.py:231: FutureWarning: You are using `torch.load` with `weights_only=False` (the current default value), which uses the default pickle module implicitly. It is possible to construct malicious pickle data which will execute arbitrary code during unpickling (See https://github.com/pytorch/pytorch/blob/main/SECURITY.md#untrusted-models for more details). In a future release, the default value for `weights_only` will be flipped to `True`. This limits the functions that could be executed during unpickling. Arbitrary objects will no longer be allowed to be loaded via this mode unless they are explicitly allowlisted by the user via `torch.serialization.add_safe_globals`. We recommend you start setting `weights_only=True` for any use case where you don't have full control of the loaded file. Please open an issue on GitHub for any issues related to this experimental feature.
  algorithm.load_state_dict(torch.load(erm_ckpt_pth, map_location=device), strict=False)
ERM-pretrained model loaded: 1ae956611ab983bd39f9da436894b75f.
Traceback (most recent call last):
  File "train_sandbox.py", line 285, in <module>
    results[env_name + '_acc'] = misc.accuracy(algorithm, env_loader, device, alpha=h_alphas_train[i])
IndexError: list index out of range
