condition,algorithm,seed,lambda,domain_id,train_count,test_accuracy,loss,empirical_weight,deployment_weight,source,alpha_eval,head_domain_id,tail_domain_id,is_head_domain,is_tail_domain
missing_tail,iro,0,,0.0,0,0.9282,0.4105656147003174,0.0,0.09090909090909091,main_eval,,0.1,0.9,0,0
missing_tail,iro,0,,0.1,6000,0.8585,0.46216273307800293,0.75,0.09090909090909091,main_eval,,0.1,0.9,1,0
missing_tail,iro,0,,0.2,1500,0.781,0.5207273066043854,0.1875,0.09090909090909091,main_eval,,0.1,0.9,0,0
missing_tail,iro,0,,0.3,0,0.7068,0.5794298946857452,0.0,0.09090909090909091,main_eval,,0.1,0.9,0,0
missing_tail,iro,0,,0.4,0,0.6532,0.6344076097011566,0.0,0.09090909090909091,main_eval,,0.1,0.9,0,0
missing_tail,iro,0,,0.5,500,0.6138,0.6772560477256775,0.0625,0.09090909090909091,main_eval,,0.1,0.9,0,0
missing_tail,iro,0,,0.6,0,0.5728,0.7239799797534943,0.0,0.09090909090909091,main_eval,,0.1,0.9,0,0
missing_tail,iro,0,,0.7,0,0.525,0.7822390794754028,0.0,0.09090909090909091,main_eval,,0.1,0.9,0,0
missing_tail,iro,0,,0.8,0,0.493,0.8184202909469604,0.0,0.09090909090909091,main_eval,,0.1,0.9,0,0
missing_tail,iro,0,,0.9,0,0.4415,0.8703172504901886,0.0,0.09090909090909091,main_eval,,0.1,0.9,0,1
missing_tail,iro,0,,1.0,0,0.3973,0.9180369973182678,0.0,0.09090909090909091,main_eval,,0.1,0.9,0,0
near_missing_tail,groupdro,2,,0.0,0,0.9362,0.16037184745073318,0.0,0.09090909090909091,main_eval,,0.1,0.9,0,0
near_missing_tail,groupdro,2,,0.1,5800,0.8595,0.5301524698734283,0.725,0.09090909090909091,main_eval,,0.1,0.9,1,0
near_missing_tail,groupdro,2,,0.2,1800,0.7811,0.9025213718414307,0.225,0.09090909090909091,main_eval,,0.1,0.9,0,0
near_missing_tail,groupdro,2,,0.3,0,0.711,1.2242882251739502,0.0,0.09090909090909091,main_eval,,0.1,0.9,0,0
near_missing_tail,groupdro,2,,0.4,0,0.6303,1.5874153971672058,0.0,0.09090909090909091,main_eval,,0.1,0.9,0,0
near_missing_tail,groupdro,2,,0.5,350,0.5522,1.9683070182800293,0.04375,0.09090909090909091,main_eval,,0.1,0.9,0,0
near_missing_tail,groupdro,2,,0.6,0,0.4791,2.3505725860595703,0.0,0.09090909090909091,main_eval,,0.1,0.9,0,0
near_missing_tail,groupdro,2,,0.7,0,0.3969,2.700517773628235,0.0,0.09090909090909091,main_eval,,0.1,0.9,0,0
near_missing_tail,groupdro,2,,0.8,0,0.3321,3.0518229007720947,0.0,0.09090909090909091,main_eval,,0.1,0.9,0,0
near_missing_tail,groupdro,2,,0.9,50,0.2412,3.4351502656936646,0.00625,0.09090909090909091,main_eval,,0.1,0.9,0,1
near_missing_tail,groupdro,2,,1.0,0,0.165,3.8476568460464478,0.0,0.09090909090909091,main_eval,,0.1,0.9,0,0
balanced_visible,irm,4,,0.0,0,0.7197,0.7439408004283905,0.0,0.09090909090909091,main_eval,,0.1,0.9,0,0
balanced_visible,irm,4,,0.1,2000,0.7082,0.7930172681808472,0.25,0.09090909090909091,main_eval,,0.1,0.9,1,0
balanced_visible,irm,4,,0.2,2000,0.6975,0.8231088817119598,0.25,0.09090909090909091,main_eval,,0.1,0.9,0,0
balanced_visible,irm,4,,0.3,0,0.6866,0.8737139999866486,0.0,0.09090909090909091,main_eval,,0.1,0.9,0,0
balanced_visible,irm,4,,0.4,0,0.6767,0.8975257575511932,0.0,0.09090909090909091,main_eval,,0.1,0.9,0,0
balanced_visible,irm,4,,0.5,2000,0.6594,0.9583077430725098,0.25,0.09090909090909091,main_eval,,0.1,0.9,0,0
balanced_visible,irm,4,,0.6,0,0.6509,1.0146493315696716,0.0,0.09090909090909091,main_eval,,0.1,0.9,0,0
balanced_visible,irm,4,,0.7,0,0.6341,1.056414544582367,0.0,0.09090909090909091,main_eval,,0.1,0.9,0,0
balanced_visible,irm,4,,0.8,0,0.6235,1.095141887664795,0.0,0.09090909090909091,main_eval,,0.1,0.9,0,0
balanced_visible,irm,4,,0.9,2000,0.6115,1.1471400260925293,0.25,0.09090909090909091,main_eval,,0.1,0.9,0,1
balanced_visible,irm,4,,1.0,0,0.6027,1.1623547077178955,0.0,0.09090909090909091,main_eval,,0.1,0.9,0,0
near_missing_tail,irm,1,,0.0,0,0.8238,0.39674706757068634,0.0,0.09090909090909091,main_eval,,0.1,0.9,0,0
near_missing_tail,irm,1,,0.1,5800,0.7867,0.5058202892541885,0.725,0.09090909090909091,main_eval,,0.1,0.9,1,0
near_missing_tail,irm,1,,0.2,1800,0.7415,0.6332432329654694,0.225,0.09090909090909091,main_eval,,0.1,0.9,0,0
near_missing_tail,irm,1,,0.3,0,0.6986,0.7737695574760437,0.0,0.09090909090909091,main_eval,,0.1,0.9,0,0
near_missing_tail,irm,1,,0.4,0,0.6592,0.902318924665451,0.0,0.09090909090909091,main_eval,,0.1,0.9,0,0
near_missing_tail,irm,1,,0.5,350,0.6094,1.022420883178711,0.04375,0.09090909090909091,main_eval,,0.1,0.9,0,0
near_missing_tail,irm,1,,0.6,0,0.5684,1.157181203365326,0.0,0.09090909090909091,main_eval,,0.1,0.9,0,0
near_missing_tail,irm,1,,0.7,0,0.5389,1.2643067836761475,0.0,0.09090909090909091,main_eval,,0.1,0.9,0,0
near_missing_tail,irm,1,,0.8,0,0.4911,1.4186001420021057,0.0,0.09090909090909091,main_eval,,0.1,0.9,0,0
near_missing_tail,irm,1,,0.9,50,0.4508,1.53385591506958,0.00625,0.09090909090909091,main_eval,,0.1,0.9,0,1
near_missing_tail,irm,1,,1.0,0,0.4125,1.636705994606018,0.0,0.09090909090909091,main_eval,,0.1,0.9,0,0
missing_tail,irm,3,,0.0,0,0.8741,0.28885717689991,0.0,0.09090909090909091,main_eval,,0.1,0.9,0,0
missing_tail,irm,3,,0.1,6000,0.8231,0.4933314770460129,0.75,0.09090909090909091,main_eval,,0.1,0.9,1,0
missing_tail,irm,3,,0.2,1500,0.764,0.707258939743042,0.1875,0.09090909090909091,main_eval,,0.1,0.9,0,0
missing_tail,irm,3,,0.3,0,0.7113,0.9138074815273285,0.0,0.09090909090909091,main_eval,,0.1,0.9,0,0
missing_tail,irm,3,,0.4,0,0.6504,1.1483429074287415,0.0,0.09090909090909091,main_eval,,0.1,0.9,0,0
missing_tail,irm,3,,0.5,500,0.5943,1.3164405822753906,0.0625,0.09090909090909091,main_eval,,0.1,0.9,0,0
missing_tail,irm,3,,0.6,0,0.5479,1.51334810256958,0.0,0.09090909090909091,main_eval,,0.1,0.9,0,0
missing_tail,irm,3,,0.7,0,0.4923,1.7374495267868042,0.0,0.09090909090909091,main_eval,,0.1,0.9,0,0
missing_tail,irm,3,,0.8,0,0.4308,1.9684216380119324,0.0,0.09090909090909091,main_eval,,0.1,0.9,0,0
missing_tail,irm,3,,0.9,0,0.3804,2.1506645679473877,0.0,0.09090909090909091,main_eval,,0.1,0.9,0,1
missing_tail,irm,3,,1.0,0,0.3184,2.395315647125244,0.0,0.09090909090909091,main_eval,,0.1,0.9,0,0
balanced_visible,iro,3,,0.0,0,0.656,0.6440242826938629,0.0,0.09090909090909091,main_eval,,0.1,0.9,0,0
balanced_visible,iro,3,,0.1,2000,0.6603,0.6426626443862915,0.25,0.09090909090909091,main_eval,,0.1,0.9,1,0
balanced_visible,iro,3,,0.2,2000,0.6675,0.6407268643379211,0.25,0.09090909090909091,main_eval,,0.1,0.9,0,0
balanced_visible,iro,3,,0.3,0,0.6598,0.6322069764137268,0.0,0.09090909090909091,main_eval,,0.1,0.9,0,0
balanced_visible,iro,3,,0.4,0,0.6651,0.6317194104194641,0.0,0.09090909090909091,main_eval,,0.1,0.9,0,0
balanced_visible,iro,3,,0.5,2000,0.6637,0.6336837708950043,0.25,0.09090909090909091,main_eval,,0.1,0.9,0,0
balanced_visible,iro,3,,0.6,0,0.6651,0.6344068646430969,0.0,0.09090909090909091,main_eval,,0.1,0.9,0,0
balanced_visible,iro,3,,0.7,0,0.6651,0.6319562792778015,0.0,0.09090909090909091,main_eval,,0.1,0.9,0,0
balanced_visible,iro,3,,0.8,0,0.6566,0.6380006074905396,0.0,0.09090909090909091,main_eval,,0.1,0.9,0,0
balanced_visible,iro,3,,0.9,2000,0.6684,0.6341187655925751,0.25,0.09090909090909091,main_eval,,0.1,0.9,0,1
balanced_visible,iro,3,,1.0,0,0.6682,0.631936639547348,0.0,0.09090909090909091,main_eval,,0.1,0.9,0,0
balanced_visible,erm,3,,0.0,0,0.706,0.9249680042266846,0.0,0.09090909090909091,main_eval,,0.1,0.9,0,0
balanced_visible,erm,3,,0.1,2000,0.6889,0.9962199628353119,0.25,0.09090909090909091,main_eval,,0.1,0.9,1,0
balanced_visible,erm,3,,0.2,2000,0.6817,1.019247829914093,0.25,0.09090909090909091,main_eval,,0.1,0.9,0,0
balanced_visible,erm,3,,0.3,0,0.6756,1.0536969304084778,0.0,0.09090909090909091,main_eval,,0.1,0.9,0,0
balanced_visible,erm,3,,0.4,0,0.6638,1.1261839866638184,0.0,0.09090909090909091,main_eval,,0.1,0.9,0,0
balanced_visible,erm,3,,0.5,2000,0.6462,1.1771247386932373,0.25,0.09090909090909091,main_eval,,0.1,0.9,0,0
balanced_visible,erm,3,,0.6,0,0.6342,1.2176364660263062,0.0,0.09090909090909091,main_eval,,0.1,0.9,0,0
balanced_visible,erm,3,,0.7,0,0.6181,1.304959774017334,0.0,0.09090909090909091,main_eval,,0.1,0.9,0,0
balanced_visible,erm,3,,0.8,0,0.6091,1.3278827667236328,0.0,0.09090909090909091,main_eval,,0.1,0.9,0,0
balanced_visible,erm,3,,0.9,2000,0.6029,1.3592893481254578,0.25,0.09090909090909091,main_eval,,0.1,0.9,0,1
balanced_visible,erm,3,,1.0,0,0.5868,1.4150894284248352,0.0,0.09090909090909091,main_eval,,0.1,0.9,0,0
long_tail_visible,erm,3,,0.0,0,0.9036,0.2609373405575752,0.0,0.09090909090909091,main_eval,,0.1,0.9,0,0
long_tail_visible,erm,3,,0.1,5000,0.8328,0.612105131149292,0.625,0.09090909090909091,main_eval,,0.1,0.9,1,0
long_tail_visible,erm,3,,0.2,2000,0.766,0.9459195733070374,0.25,0.09090909090909091,main_eval,,0.1,0.9,0,0
long_tail_visible,erm,3,,0.3,0,0.7011,1.2633059620857239,0.0,0.09090909090909091,main_eval,,0.1,0.9,0,0
long_tail_visible,erm,3,,0.4,0,0.6375,1.594619333744049,0.0,0.09090909090909091,main_eval,,0.1,0.9,0,0
long_tail_visible,erm,3,,0.5,800,0.5728,1.9115801453590393,0.1,0.09090909090909091,main_eval,,0.1,0.9,0,0
long_tail_visible,erm,3,,0.6,0,0.5102,2.2086061239242554,0.0,0.09090909090909091,main_eval,,0.1,0.9,0,0
long_tail_visible,erm,3,,0.7,0,0.4365,2.596217393875122,0.0,0.09090909090909091,main_eval,,0.1,0.9,0,0
long_tail_visible,erm,3,,0.8,0,0.3744,2.883465528488159,0.0,0.09090909090909091,main_eval,,0.1,0.9,0,0
long_tail_visible,erm,3,,0.9,200,0.309,3.192688465118408,0.025,0.09090909090909091,main_eval,,0.1,0.9,0,1
long_tail_visible,erm,3,,1.0,0,0.2378,3.559166431427002,0.0,0.09090909090909091,main_eval,,0.1,0.9,0,0
long_tail_visible,irm,0,,0.0,0,0.8006,0.5031566321849823,0.0,0.09090909090909091,main_eval,,0.1,0.9,0,0
long_tail_visible,irm,0,,0.1,5000,0.765,0.608215868473053,0.625,0.09090909090909091,main_eval,,0.1,0.9,1,0
long_tail_visible,irm,0,,0.2,2000,0.7276,0.7190581858158112,0.25,0.09090909090909091,main_eval,,0.1,0.9,0,0
long_tail_visible,irm,0,,0.3,0,0.6946,0.83198082447052,0.0,0.09090909090909091,main_eval,,0.1,0.9,0,0
long_tail_visible,irm,0,,0.4,0,0.6616,0.9283667802810669,0.0,0.09090909090909091,main_eval,,0.1,0.9,0,0
long_tail_visible,irm,0,,0.5,800,0.6305,1.0021969974040985,0.1,0.09090909090909091,main_eval,,0.1,0.9,0,0
long_tail_visible,irm,0,,0.6,0,0.594,1.1318512558937073,0.0,0.09090909090909091,main_eval,,0.1,0.9,0,0
long_tail_visible,irm,0,,0.7,0,0.5655,1.211556315422058,0.0,0.09090909090909091,main_eval,,0.1,0.9,0,0
long_tail_visible,irm,0,,0.8,0,0.5314,1.3010255098342896,0.0,0.09090909090909091,main_eval,,0.1,0.9,0,0
long_tail_visible,irm,0,,0.9,200,0.4898,1.4429584741592407,0.025,0.09090909090909091,main_eval,,0.1,0.9,0,1
long_tail_visible,irm,0,,1.0,0,0.4634,1.5189822316169739,0.0,0.09090909090909091,main_eval,,0.1,0.9,0,0
near_missing_tail,groupdro,0,,0.0,0,0.9347,0.18521550297737122,0.0,0.09090909090909091,main_eval,,0.1,0.9,0,0
near_missing_tail,groupdro,0,,0.1,5800,0.8595,0.5500497221946716,0.725,0.09090909090909091,main_eval,,0.1,0.9,1,0
near_missing_tail,groupdro,0,,0.2,1800,0.778,0.9190883338451385,0.225,0.09090909090909091,main_eval,,0.1,0.9,0,0
near_missing_tail,groupdro,0,,0.3,0,0.695,1.320206105709076,0.0,0.09090909090909091,main_eval,,0.1,0.9,0,0
near_missing_tail,groupdro,0,,0.4,0,0.6251,1.6864912509918213,0.0,0.09090909090909091,main_eval,,0.1,0.9,0,0
near_missing_tail,groupdro,0,,0.5,350,0.5576,1.9933494329452515,0.04375,0.09090909090909091,main_eval,,0.1,0.9,0,0
near_missing_tail,groupdro,0,,0.6,0,0.4761,2.4210684299468994,0.0,0.09090909090909091,main_eval,,0.1,0.9,0,0
near_missing_tail,groupdro,0,,0.7,0,0.4035,2.750535488128662,0.0,0.09090909090909091,main_eval,,0.1,0.9,0,0
near_missing_tail,groupdro,0,,0.8,0,0.3312,3.0966920852661133,0.0,0.09090909090909091,main_eval,,0.1,0.9,0,0
near_missing_tail,groupdro,0,,0.9,50,0.2452,3.5387109518051147,0.00625,0.09090909090909091,main_eval,,0.1,0.9,0,1
near_missing_tail,groupdro,0,,1.0,0,0.1733,3.8716577291488647,0.0,0.09090909090909091,main_eval,,0.1,0.9,0,0
long_tail_visible,erm,0,,0.0,0,0.914,0.2530779093503952,0.0,0.09090909090909091,main_eval,,0.1,0.9,0,0
long_tail_visible,erm,0,,0.1,5000,0.8454,0.5966571569442749,0.625,0.09090909090909091,main_eval,,0.1,0.9,1,0
long_tail_visible,erm,0,,0.2,2000,0.7683,0.9434833824634552,0.25,0.09090909090909091,main_eval,,0.1,0.9,0,0
long_tail_visible,erm,0,,0.3,0,0.6981,1.2987574934959412,0.0,0.09090909090909091,main_eval,,0.1,0.9,0,0
long_tail_visible,erm,0,,0.4,0,0.6324,1.6210511326789856,0.0,0.09090909090909091,main_eval,,0.1,0.9,0,0
long_tail_visible,erm,0,,0.5,800,0.5717,1.9164144396781921,0.1,0.09090909090909091,main_eval,,0.1,0.9,0,0
long_tail_visible,erm,0,,0.6,0,0.4998,2.2986364364624023,0.0,0.09090909090909091,main_eval,,0.1,0.9,0,0
long_tail_visible,erm,0,,0.7,0,0.4337,2.5990469455718994,0.0,0.09090909090909091,main_eval,,0.1,0.9,0,0
long_tail_visible,erm,0,,0.8,0,0.3627,2.916736364364624,0.0,0.09090909090909091,main_eval,,0.1,0.9,0,0
long_tail_visible,erm,0,,0.9,200,0.2833,3.3361032009124756,0.025,0.09090909090909091,main_eval,,0.1,0.9,0,1
long_tail_visible,erm,0,,1.0,0,0.2237,3.621711850166321,0.0,0.09090909090909091,main_eval,,0.1,0.9,0,0
near_missing_tail,iro,0,,0.0,0,0.8744,0.45325373113155365,0.0,0.09090909090909091,main_eval,,0.1,0.9,0,0
near_missing_tail,iro,0,,0.1,5800,0.8152,0.4975550025701523,0.725,0.09090909090909091,main_eval,,0.1,0.9,1,0
near_missing_tail,iro,0,,0.2,1800,0.7601,0.5422268509864807,0.225,0.09090909090909091,main_eval,,0.1,0.9,0,0
near_missing_tail,iro,0,,0.3,0,0.7015,0.5840039849281311,0.0,0.09090909090909091,main_eval,,0.1,0.9,0,0
near_missing_tail,iro,0,,0.4,0,0.6613,0.6408092081546783,0.0,0.09090909090909091,main_eval,,0.1,0.9,0,0
near_missing_tail,iro,0,,0.5,350,0.6031,0.7159762978553772,0.04375,0.09090909090909091,main_eval,,0.1,0.9,0,0
near_missing_tail,iro,0,,0.6,0,0.5526,0.7812361717224121,0.0,0.09090909090909091,main_eval,,0.1,0.9,0,0
near_missing_tail,iro,0,,0.7,0,0.4962,0.8636328876018524,0.0,0.09090909090909091,main_eval,,0.1,0.9,0,0
near_missing_tail,iro,0,,0.8,0,0.4518,0.9324416816234589,0.0,0.09090909090909091,main_eval,,0.1,0.9,0,0
near_missing_tail,iro,0,,0.9,50,0.3964,1.0003728866577148,0.00625,0.09090909090909091,main_eval,,0.1,0.9,0,1
near_missing_tail,iro,0,,1.0,0,0.3502,1.0632925629615784,0.0,0.09090909090909091,main_eval,,0.1,0.9,0,0
balanced_visible,irm,2,,0.0,0,0.7068,0.8092331290245056,0.0,0.09090909090909091,main_eval,,0.1,0.9,0,0
balanced_visible,irm,2,,0.1,2000,0.7024,0.8442775309085846,0.25,0.09090909090909091,main_eval,,0.1,0.9,1,0
balanced_visible,irm,2,,0.2,2000,0.698,0.8431642353534698,0.25,0.09090909090909091,main_eval,,0.1,0.9,0,0
balanced_visible,irm,2,,0.3,0,0.6815,0.8956760466098785,0.0,0.09090909090909091,main_eval,,0.1,0.9,0,0
balanced_visible,irm,2,,0.4,0,0.6686,0.9317800998687744,0.0,0.09090909090909091,main_eval,,0.1,0.9,0,0
balanced_visible,irm,2,,0.5,2000,0.6605,0.9613475799560547,0.25,0.09090909090909091,main_eval,,0.1,0.9,0,0
balanced_visible,irm,2,,0.6,0,0.6508,0.9979084730148315,0.0,0.09090909090909091,main_eval,,0.1,0.9,0,0
balanced_visible,irm,2,,0.7,0,0.645,1.0283041596412659,0.0,0.09090909090909091,main_eval,,0.1,0.9,0,0
balanced_visible,irm,2,,0.8,0,0.635,1.074823260307312,0.0,0.09090909090909091,main_eval,,0.1,0.9,0,0
balanced_visible,irm,2,,0.9,2000,0.6303,1.0925143361091614,0.25,0.09090909090909091,main_eval,,0.1,0.9,0,1
balanced_visible,irm,2,,1.0,0,0.6075,1.15362548828125,0.0,0.09090909090909091,main_eval,,0.1,0.9,0,0
near_missing_tail,groupdro,3,,0.0,0,0.9332,0.17051222920417786,0.0,0.09090909090909091,main_eval,,0.1,0.9,0,0
near_missing_tail,groupdro,3,,0.1,5800,0.8514,0.5441519916057587,0.725,0.09090909090909091,main_eval,,0.1,0.9,1,0
near_missing_tail,groupdro,3,,0.2,1800,0.7748,0.9234665334224701,0.225,0.09090909090909091,main_eval,,0.1,0.9,0,0
near_missing_tail,groupdro,3,,0.3,0,0.7035,1.2843067646026611,0.0,0.09090909090909091,main_eval,,0.1,0.9,0,0
near_missing_tail,groupdro,3,,0.4,0,0.6286,1.6485748291015625,0.0,0.09090909090909091,main_eval,,0.1,0.9,0,0
near_missing_tail,groupdro,3,,0.5,350,0.5535,2.0081149339675903,0.04375,0.09090909090909091,main_eval,,0.1,0.9,0,0
near_missing_tail,groupdro,3,,0.6,0,0.4802,2.346293807029724,0.0,0.09090909090909091,main_eval,,0.1,0.9,0,0
near_missing_tail,groupdro,3,,0.7,0,0.3993,2.7500046491622925,0.0,0.09090909090909091,main_eval,,0.1,0.9,0,0
near_missing_tail,groupdro,3,,0.8,0,0.3292,3.0917391777038574,0.0,0.09090909090909091,main_eval,,0.1,0.9,0,0
near_missing_tail,groupdro,3,,0.9,50,0.2516,3.4457706212997437,0.00625,0.09090909090909091,main_eval,,0.1,0.9,0,1
near_missing_tail,groupdro,3,,1.0,0,0.1732,3.8554168939590454,0.0,0.09090909090909091,main_eval,,0.1,0.9,0,0
missing_tail,inftask,4,,0.0,0,0.9453,0.39335930347442627,0.0,0.09090909090909091,main_eval,,0.1,0.9,0,0
missing_tail,inftask,4,,0.1,6000,0.8615,0.4566968232393265,0.75,0.09090909090909091,main_eval,,0.1,0.9,1,0
missing_tail,inftask,4,,0.2,1500,0.7898,0.5120845139026642,0.1875,0.09090909090909091,main_eval,,0.1,0.9,0,0
missing_tail,inftask,4,,0.3,0,0.7101,0.5785706341266632,0.0,0.09090909090909091,main_eval,,0.1,0.9,0,0
missing_tail,inftask,4,,0.4,0,0.6662,0.6431120038032532,0.0,0.09090909090909091,main_eval,,0.1,0.9,0,0
missing_tail,inftask,4,,0.5,500,0.6094,0.7204625606536865,0.0625,0.09090909090909091,main_eval,,0.1,0.9,0,0
missing_tail,inftask,4,,0.6,0,0.5618,0.7847017049789429,0.0,0.09090909090909091,main_eval,,0.1,0.9,0,0
missing_tail,inftask,4,,0.7,0,0.5205,0.8437148332595825,0.0,0.09090909090909091,main_eval,,0.1,0.9,0,0
missing_tail,inftask,4,,0.8,0,0.4572,0.9281500279903412,0.0,0.09090909090909091,main_eval,,0.1,0.9,0,0
missing_tail,inftask,4,,0.9,0,0.413,0.9927124083042145,0.0,0.09090909090909091,main_eval,,0.1,0.9,0,1
missing_tail,inftask,4,,1.0,0,0.37,1.053137481212616,0.0,0.09090909090909091,main_eval,,0.1,0.9,0,0
balanced_visible,erm,0,,0.0,0,0.7109,0.929574728012085,0.0,0.09090909090909091,main_eval,,0.1,0.9,0,0
balanced_visible,erm,0,,0.1,2000,0.6964,0.976937860250473,0.25,0.09090909090909091,main_eval,,0.1,0.9,1,0
balanced_visible,erm,0,,0.2,2000,0.6772,1.064643383026123,0.25,0.09090909090909091,main_eval,,0.1,0.9,0,0
balanced_visible,erm,0,,0.3,0,0.6656,1.0985135436058044,0.0,0.09090909090909091,main_eval,,0.1,0.9,0,0
balanced_visible,erm,0,,0.4,0,0.6529,1.1548611521720886,0.0,0.09090909090909091,main_eval,,0.1,0.9,0,0
balanced_visible,erm,0,,0.5,2000,0.6443,1.1719672679901123,0.25,0.09090909090909091,main_eval,,0.1,0.9,0,0
balanced_visible,erm,0,,0.6,0,0.6286,1.2440611124038696,0.0,0.09090909090909091,main_eval,,0.1,0.9,0,0
balanced_visible,erm,0,,0.7,0,0.6281,1.271502673625946,0.0,0.09090909090909091,main_eval,,0.1,0.9,0,0
balanced_visible,erm,0,,0.8,0,0.6175,1.2740586996078491,0.0,0.09090909090909091,main_eval,,0.1,0.9,0,0
balanced_visible,erm,0,,0.9,2000,0.5947,1.368902325630188,0.25,0.09090909090909091,main_eval,,0.1,0.9,0,1
balanced_visible,erm,0,,1.0,0,0.5871,1.4126686453819275,0.0,0.09090909090909091,main_eval,,0.1,0.9,0,0
near_missing_tail,inftask,4,,0.0,0,0.8731,0.4559059590101242,0.0,0.09090909090909091,main_eval,,0.1,0.9,0,0
near_missing_tail,inftask,4,,0.1,5800,0.8227,0.4990123212337494,0.725,0.09090909090909091,main_eval,,0.1,0.9,1,0
near_missing_tail,inftask,4,,0.2,1800,0.7708,0.5372072160243988,0.225,0.09090909090909091,main_eval,,0.1,0.9,0,0
near_missing_tail,inftask,4,,0.3,0,0.7068,0.5824146568775177,0.0,0.09090909090909091,main_eval,,0.1,0.9,0,0
near_missing_tail,inftask,4,,0.4,0,0.6672,0.6428035199642181,0.0,0.09090909090909091,main_eval,,0.1,0.9,0,0
near_missing_tail,inftask,4,,0.5,350,0.6211,0.6957775950431824,0.04375,0.09090909090909091,main_eval,,0.1,0.9,0,0
near_missing_tail,inftask,4,,0.6,0,0.5634,0.7711403071880341,0.0,0.09090909090909091,main_eval,,0.1,0.9,0,0
near_missing_tail,inftask,4,,0.7,0,0.5174,0.8288390934467316,0.0,0.09090909090909091,main_eval,,0.1,0.9,0,0
near_missing_tail,inftask,4,,0.8,0,0.4719,0.8798277080059052,0.0,0.09090909090909091,main_eval,,0.1,0.9,0,0
near_missing_tail,inftask,4,,0.9,50,0.4217,0.9574873745441437,0.00625,0.09090909090909091,main_eval,,0.1,0.9,0,1
near_missing_tail,inftask,4,,1.0,0,0.3801,1.006645917892456,0.0,0.09090909090909091,main_eval,,0.1,0.9,0,0
near_missing_tail,iro,3,,0.0,0,0.8291,0.5160528421401978,0.0,0.09090909090909091,main_eval,,0.1,0.9,0,0
near_missing_tail,iro,3,,0.1,5800,0.788,0.5425957441329956,0.725,0.09090909090909091,main_eval,,0.1,0.9,1,0
near_missing_tail,iro,3,,0.2,1800,0.7514,0.5692963302135468,0.225,0.09090909090909091,main_eval,,0.1,0.9,0,0
near_missing_tail,iro,3,,0.3,0,0.6941,0.5921067595481873,0.0,0.09090909090909091,main_eval,,0.1,0.9,0,0
near_missing_tail,iro,3,,0.4,0,0.6573,0.6309322714805603,0.0,0.09090909090909091,main_eval,,0.1,0.9,0,0
near_missing_tail,iro,3,,0.5,350,0.615,0.6645048558712006,0.04375,0.09090909090909091,main_eval,,0.1,0.9,0,0
near_missing_tail,iro,3,,0.6,0,0.5795,0.7047887146472931,0.0,0.09090909090909091,main_eval,,0.1,0.9,0,0
near_missing_tail,iro,3,,0.7,0,0.5421,0.7379281520843506,0.0,0.09090909090909091,main_eval,,0.1,0.9,0,0
near_missing_tail,iro,3,,0.8,0,0.4979,0.7815470695495605,0.0,0.09090909090909091,main_eval,,0.1,0.9,0,0
near_missing_tail,iro,3,,0.9,50,0.4668,0.8161863386631012,0.00625,0.09090909090909091,main_eval,,0.1,0.9,0,1
near_missing_tail,iro,3,,1.0,0,0.4284,0.8459942638874054,0.0,0.09090909090909091,main_eval,,0.1,0.9,0,0
long_tail_visible,erm,4,,0.0,0,0.9149,0.22072795778512955,0.0,0.09090909090909091,main_eval,,0.1,0.9,0,0
long_tail_visible,erm,4,,0.1,5000,0.8426,0.5538958609104156,0.625,0.09090909090909091,main_eval,,0.1,0.9,1,0
long_tail_visible,erm,4,,0.2,2000,0.774,0.8980384171009064,0.25,0.09090909090909091,main_eval,,0.1,0.9,0,0
long_tail_visible,erm,4,,0.3,0,0.6968,1.2979958057403564,0.0,0.09090909090909091,main_eval,,0.1,0.9,0,0
long_tail_visible,erm,4,,0.4,0,0.6334,1.6117662191390991,0.0,0.09090909090909091,main_eval,,0.1,0.9,0,0
long_tail_visible,erm,4,,0.5,800,0.5552,1.9884881973266602,0.1,0.09090909090909091,main_eval,,0.1,0.9,0,0
long_tail_visible,erm,4,,0.6,0,0.4987,2.24513578414917,0.0,0.09090909090909091,main_eval,,0.1,0.9,0,0
long_tail_visible,erm,4,,0.7,0,0.4223,2.675359845161438,0.0,0.09090909090909091,main_eval,,0.1,0.9,0,0
long_tail_visible,erm,4,,0.8,0,0.3547,3.001737356185913,0.0,0.09090909090909091,main_eval,,0.1,0.9,0,0
long_tail_visible,erm,4,,0.9,200,0.2796,3.357617497444153,0.025,0.09090909090909091,main_eval,,0.1,0.9,0,1
long_tail_visible,erm,4,,1.0,0,0.2171,3.670079231262207,0.0,0.09090909090909091,main_eval,,0.1,0.9,0,0
balanced_visible,erm,2,,0.0,0,0.7115,0.9201483726501465,0.0,0.09090909090909091,main_eval,,0.1,0.9,0,0
balanced_visible,erm,2,,0.1,2000,0.6996,0.9728759825229645,0.25,0.09090909090909091,main_eval,,0.1,0.9,1,0
balanced_visible,erm,2,,0.2,2000,0.6911,0.9964319467544556,0.25,0.09090909090909091,main_eval,,0.1,0.9,0,0
balanced_visible,erm,2,,0.3,0,0.6696,1.0642926096916199,0.0,0.09090909090909091,main_eval,,0.1,0.9,0,0
balanced_visible,erm,2,,0.4,0,0.659,1.1146457195281982,0.0,0.09090909090909091,main_eval,,0.1,0.9,0,0
balanced_visible,erm,2,,0.5,2000,0.6468,1.1719568371772766,0.25,0.09090909090909091,main_eval,,0.1,0.9,0,0
balanced_visible,erm,2,,0.6,0,0.6266,1.2379114031791687,0.0,0.09090909090909091,main_eval,,0.1,0.9,0,0
balanced_visible,erm,2,,0.7,0,0.6217,1.2855874300003052,0.0,0.09090909090909091,main_eval,,0.1,0.9,0,0
balanced_visible,erm,2,,0.8,0,0.6066,1.364787757396698,0.0,0.09090909090909091,main_eval,,0.1,0.9,0,0
balanced_visible,erm,2,,0.9,2000,0.5977,1.3894757628440857,0.25,0.09090909090909091,main_eval,,0.1,0.9,0,1
balanced_visible,erm,2,,1.0,0,0.5718,1.4832404851913452,0.0,0.09090909090909091,main_eval,,0.1,0.9,0,0
missing_tail,iro,1,,0.0,0,0.9158,0.39121124148368835,0.0,0.09090909090909091,main_eval,,0.1,0.9,0,0
missing_tail,iro,1,,0.1,6000,0.8522,0.4461664706468582,0.75,0.09090909090909091,main_eval,,0.1,0.9,1,0
missing_tail,iro,1,,0.2,1500,0.7779,0.5088277757167816,0.1875,0.09090909090909091,main_eval,,0.1,0.9,0,0
missing_tail,iro,1,,0.3,0,0.7034,0.5914261639118195,0.0,0.09090909090909091,main_eval,,0.1,0.9,0,0
missing_tail,iro,1,,0.4,0,0.6592,0.6644750833511353,0.0,0.09090909090909091,main_eval,,0.1,0.9,0,0
missing_tail,iro,1,,0.5,500,0.6279,0.7029286623001099,0.0625,0.09090909090909091,main_eval,,0.1,0.9,0,0
missing_tail,iro,1,,0.6,0,0.5724,0.7895098924636841,0.0,0.09090909090909091,main_eval,,0.1,0.9,0,0
missing_tail,iro,1,,0.7,0,0.5348,0.8444872200489044,0.0,0.09090909090909091,main_eval,,0.1,0.9,0,0
missing_tail,iro,1,,0.8,0,0.4934,0.9050789773464203,0.0,0.09090909090909091,main_eval,,0.1,0.9,0,0
missing_tail,iro,1,,0.9,0,0.4518,0.9664013683795929,0.0,0.09090909090909091,main_eval,,0.1,0.9,0,1
missing_tail,iro,1,,1.0,0,0.4055,1.0406513810157776,0.0,0.09090909090909091,main_eval,,0.1,0.9,0,0
long_tail_visible,groupdro,0,,0.0,0,0.8993,0.28116536140441895,0.0,0.09090909090909091,main_eval,,0.1,0.9,0,0
long_tail_visible,groupdro,0,,0.1,5000,0.8341,0.5865647494792938,0.625,0.09090909090909091,main_eval,,0.1,0.9,1,0
long_tail_visible,groupdro,0,,0.2,2000,0.7613,0.8950932919979095,0.25,0.09090909090909091,main_eval,,0.1,0.9,0,0
long_tail_visible,groupdro,0,,0.3,0,0.6984,1.207129418849945,0.0,0.09090909090909091,main_eval,,0.1,0.9,0,0
long_tail_visible,groupdro,0,,0.4,0,0.6368,1.4972925186157227,0.0,0.09090909090909091,main_eval,,0.1,0.9,0,0
long_tail_visible,groupdro,0,,0.5,800,0.5794,1.757384479045868,0.1,0.09090909090909091,main_eval,,0.1,0.9,0,0
long_tail_visible,groupdro,0,,0.6,0,0.5162,2.0946465730667114,0.0,0.09090909090909091,main_eval,,0.1,0.9,0,0
long_tail_visible,groupdro,0,,0.7,0,0.455,2.358002781867981,0.0,0.09090909090909091,main_eval,,0.1,0.9,0,0
long_tail_visible,groupdro,0,,0.8,0,0.388,2.63984477519989,0.0,0.09090909090909091,main_eval,,0.1,0.9,0,0
long_tail_visible,groupdro,0,,0.9,200,0.3156,3.009666323661804,0.025,0.09090909090909091,main_eval,,0.1,0.9,0,1
long_tail_visible,groupdro,0,,1.0,0,0.2593,3.256794571876526,0.0,0.09090909090909091,main_eval,,0.1,0.9,0,0
near_missing_tail,irm,2,,0.0,0,0.7934,0.46104714274406433,0.0,0.09090909090909091,main_eval,,0.1,0.9,0,0
near_missing_tail,irm,2,,0.1,5800,0.7625,0.5618936419487,0.725,0.09090909090909091,main_eval,,0.1,0.9,1,0
near_missing_tail,irm,2,,0.2,1800,0.7262,0.6703277230262756,0.225,0.09090909090909091,main_eval,,0.1,0.9,0,0
near_missing_tail,irm,2,,0.3,0,0.6901,0.779962033033371,0.0,0.09090909090909091,main_eval,,0.1,0.9,0,0
near_missing_tail,irm,2,,0.4,0,0.661,0.8873429894447327,0.0,0.09090909090909091,main_eval,,0.1,0.9,0,0
near_missing_tail,irm,2,,0.5,350,0.6215,1.0061540603637695,0.04375,0.09090909090909091,main_eval,,0.1,0.9,0,0
near_missing_tail,irm,2,,0.6,0,0.583,1.1263651847839355,0.0,0.09090909090909091,main_eval,,0.1,0.9,0,0
near_missing_tail,irm,2,,0.7,0,0.5477,1.220215082168579,0.0,0.09090909090909091,main_eval,,0.1,0.9,0,0
near_missing_tail,irm,2,,0.8,0,0.5118,1.3354844450950623,0.0,0.09090909090909091,main_eval,,0.1,0.9,0,0
near_missing_tail,irm,2,,0.9,50,0.4723,1.466395080089569,0.00625,0.09090909090909091,main_eval,,0.1,0.9,0,1
near_missing_tail,irm,2,,1.0,0,0.4331,1.6070510745048523,0.0,0.09090909090909091,main_eval,,0.1,0.9,0,0
missing_tail,irm,2,,0.0,0,0.8666,0.304519847035408,0.0,0.09090909090909091,main_eval,,0.1,0.9,0,0
missing_tail,irm,2,,0.1,6000,0.813,0.5033533275127411,0.75,0.09090909090909091,main_eval,,0.1,0.9,1,0
missing_tail,irm,2,,0.2,1500,0.7552,0.719274640083313,0.1875,0.09090909090909091,main_eval,,0.1,0.9,0,0
missing_tail,irm,2,,0.3,0,0.7051,0.9183655381202698,0.0,0.09090909090909091,main_eval,,0.1,0.9,0,0
missing_tail,irm,2,,0.4,0,0.6645,1.06949383020401,0.0,0.09090909090909091,main_eval,,0.1,0.9,0,0
missing_tail,irm,2,,0.5,500,0.6054,1.30933278799057,0.0625,0.09090909090909091,main_eval,,0.1,0.9,0,0
missing_tail,irm,2,,0.6,0,0.5498,1.474834382534027,0.0,0.09090909090909091,main_eval,,0.1,0.9,0,0
missing_tail,irm,2,,0.7,0,0.5035,1.6708396673202515,0.0,0.09090909090909091,main_eval,,0.1,0.9,0,0
missing_tail,irm,2,,0.8,0,0.4409,1.91056489944458,0.0,0.09090909090909091,main_eval,,0.1,0.9,0,0
missing_tail,irm,2,,0.9,0,0.3945,2.0806514024734497,0.0,0.09090909090909091,main_eval,,0.1,0.9,0,1
missing_tail,irm,2,,1.0,0,0.3407,2.285107374191284,0.0,0.09090909090909091,main_eval,,0.1,0.9,0,0
near_missing_tail,inftask,2,,0.0,0,0.8601,0.4503413885831833,0.0,0.09090909090909091,main_eval,,0.1,0.9,0,0
near_missing_tail,inftask,2,,0.1,5800,0.8131,0.49208638072013855,0.725,0.09090909090909091,main_eval,,0.1,0.9,1,0
near_missing_tail,inftask,2,,0.2,1800,0.7561,0.5388678014278412,0.225,0.09090909090909091,main_eval,,0.1,0.9,0,0
near_missing_tail,inftask,2,,0.3,0,0.7063,0.5757426619529724,0.0,0.09090909090909091,main_eval,,0.1,0.9,0,0
near_missing_tail,inftask,2,,0.4,0,0.6675,0.6366049647331238,0.0,0.09090909090909091,main_eval,,0.1,0.9,0,0
near_missing_tail,inftask,2,,0.5,350,0.6222,0.6975077390670776,0.04375,0.09090909090909091,main_eval,,0.1,0.9,0,0
near_missing_tail,inftask,2,,0.6,0,0.5788,0.761780858039856,0.0,0.09090909090909091,main_eval,,0.1,0.9,0,0
near_missing_tail,inftask,2,,0.7,0,0.5284,0.8206789493560791,0.0,0.09090909090909091,main_eval,,0.1,0.9,0,0
near_missing_tail,inftask,2,,0.8,0,0.4833,0.8866645991802216,0.0,0.09090909090909091,main_eval,,0.1,0.9,0,0
near_missing_tail,inftask,2,,0.9,50,0.4311,0.9459068179130554,0.00625,0.09090909090909091,main_eval,,0.1,0.9,0,1
near_missing_tail,inftask,2,,1.0,0,0.39,1.0071573853492737,0.0,0.09090909090909091,main_eval,,0.1,0.9,0,0
balanced_visible,groupdro,4,,0.0,0,0.703,0.9336738288402557,0.0,0.09090909090909091,main_eval,,0.1,0.9,0,0
balanced_visible,groupdro,4,,0.1,2000,0.6941,0.999164491891861,0.25,0.09090909090909091,main_eval,,0.1,0.9,1,0
balanced_visible,groupdro,4,,0.2,2000,0.6787,1.0419032573699951,0.25,0.09090909090909091,main_eval,,0.1,0.9,0,0
balanced_visible,groupdro,4,,0.3,0,0.6704,1.0972445011138916,0.0,0.09090909090909091,main_eval,,0.1,0.9,0,0
balanced_visible,groupdro,4,,0.4,0,0.6577,1.1279632449150085,0.0,0.09090909090909091,main_eval,,0.1,0.9,0,0
balanced_visible,groupdro,4,,0.5,2000,0.6443,1.2137430906295776,0.25,0.09090909090909091,main_eval,,0.1,0.9,0,0
balanced_visible,groupdro,4,,0.6,0,0.6368,1.2743580341339111,0.0,0.09090909090909091,main_eval,,0.1,0.9,0,0
balanced_visible,groupdro,4,,0.7,0,0.6207,1.3401184678077698,0.0,0.09090909090909091,main_eval,,0.1,0.9,0,0
balanced_visible,groupdro,4,,0.8,0,0.6108,1.3837494850158691,0.0,0.09090909090909091,main_eval,,0.1,0.9,0,0
balanced_visible,groupdro,4,,0.9,2000,0.596,1.4516446590423584,0.25,0.09090909090909091,main_eval,,0.1,0.9,0,1
balanced_visible,groupdro,4,,1.0,0,0.5874,1.4749001264572144,0.0,0.09090909090909091,main_eval,,0.1,0.9,0,0
missing_tail,erm,0,,0.0,0,0.9366,0.1729208007454872,0.0,0.09090909090909091,main_eval,,0.1,0.9,0,0
missing_tail,erm,0,,0.1,6000,0.8679,0.5142185688018799,0.75,0.09090909090909091,main_eval,,0.1,0.9,1,0
missing_tail,erm,0,,0.2,1500,0.7835,0.9837054908275604,0.1875,0.09090909090909091,main_eval,,0.1,0.9,0,0
missing_tail,erm,0,,0.3,0,0.706,1.3616188764572144,0.0,0.09090909090909091,main_eval,,0.1,0.9,0,0
missing_tail,erm,0,,0.4,0,0.6155,1.8279706239700317,0.0,0.09090909090909091,main_eval,,0.1,0.9,0,0
missing_tail,erm,0,,0.5,500,0.5467,2.200520634651184,0.0625,0.09090909090909091,main_eval,,0.1,0.9,0,0
missing_tail,erm,0,,0.6,0,0.4727,2.581490993499756,0.0,0.09090909090909091,main_eval,,0.1,0.9,0,0
missing_tail,erm,0,,0.7,0,0.3927,2.989907383918762,0.0,0.09090909090909091,main_eval,,0.1,0.9,0,0
missing_tail,erm,0,,0.8,0,0.3193,3.3623934984207153,0.0,0.09090909090909091,main_eval,,0.1,0.9,0,0
missing_tail,erm,0,,0.9,0,0.245,3.7843185663223267,0.0,0.09090909090909091,main_eval,,0.1,0.9,0,1
missing_tail,erm,0,,1.0,0,0.1615,4.175928115844727,0.0,0.09090909090909091,main_eval,,0.1,0.9,0,0
near_missing_tail,irm,0,,0.0,0,0.8159,0.45713259279727936,0.0,0.09090909090909091,main_eval,,0.1,0.9,0,0
near_missing_tail,irm,0,,0.1,5800,0.776,0.567878931760788,0.725,0.09090909090909091,main_eval,,0.1,0.9,1,0
near_missing_tail,irm,0,,0.2,1800,0.7379,0.690096527338028,0.225,0.09090909090909091,main_eval,,0.1,0.9,0,0
near_missing_tail,irm,0,,0.3,0,0.6922,0.8213934004306793,0.0,0.09090909090909091,main_eval,,0.1,0.9,0,0
near_missing_tail,irm,0,,0.4,0,0.6555,0.9413582980632782,0.0,0.09090909090909091,main_eval,,0.1,0.9,0,0
near_missing_tail,irm,0,,0.5,350,0.6214,1.0223169028759003,0.04375,0.09090909090909091,main_eval,,0.1,0.9,0,0
near_missing_tail,irm,0,,0.6,0,0.5746,1.1742680072784424,0.0,0.09090909090909091,main_eval,,0.1,0.9,0,0
near_missing_tail,irm,0,,0.7,0,0.5422,1.2728813290596008,0.0,0.09090909090909091,main_eval,,0.1,0.9,0,0
near_missing_tail,irm,0,,0.8,0,0.5048,1.3816007375717163,0.0,0.09090909090909091,main_eval,,0.1,0.9,0,0
near_missing_tail,irm,0,,0.9,50,0.4553,1.534233033657074,0.00625,0.09090909090909091,main_eval,,0.1,0.9,0,1
near_missing_tail,irm,0,,1.0,0,0.4196,1.6302533149719238,0.0,0.09090909090909091,main_eval,,0.1,0.9,0,0
missing_tail,inftask,2,,0.0,0,0.9195,0.4340052902698517,0.0,0.09090909090909091,main_eval,,0.1,0.9,0,0
missing_tail,inftask,2,,0.1,6000,0.847,0.48447223007678986,0.75,0.09090909090909091,main_eval,,0.1,0.9,1,0
missing_tail,inftask,2,,0.2,1500,0.7789,0.5311159491539001,0.1875,0.09090909090909091,main_eval,,0.1,0.9,0,0
missing_tail,inftask,2,,0.3,0,0.7032,0.5829854607582092,0.0,0.09090909090909091,main_eval,,0.1,0.9,0,0
missing_tail,inftask,2,,0.4,0,0.6651,0.6343744993209839,0.0,0.09090909090909091,main_eval,,0.1,0.9,0,0
missing_tail,inftask,2,,0.5,500,0.6154,0.6867093443870544,0.0625,0.09090909090909091,main_eval,,0.1,0.9,0,0
missing_tail,inftask,2,,0.6,0,0.5797,0.7360721826553345,0.0,0.09090909090909091,main_eval,,0.1,0.9,0,0
missing_tail,inftask,2,,0.7,0,0.5318,0.791570395231247,0.0,0.09090909090909091,main_eval,,0.1,0.9,0,0
missing_tail,inftask,2,,0.8,0,0.4855,0.8420290350914001,0.0,0.09090909090909091,main_eval,,0.1,0.9,0,0
missing_tail,inftask,2,,0.9,0,0.4525,0.8823977410793304,0.0,0.09090909090909091,main_eval,,0.1,0.9,0,1
missing_tail,inftask,2,,1.0,0,0.4002,0.9399179220199585,0.0,0.09090909090909091,main_eval,,0.1,0.9,0,0
long_tail_visible,groupdro,2,,0.0,0,0.8981,0.26454874873161316,0.0,0.09090909090909091,main_eval,,0.1,0.9,0,0
long_tail_visible,groupdro,2,,0.1,5000,0.8348,0.5433537065982819,0.625,0.09090909090909091,main_eval,,0.1,0.9,1,0
long_tail_visible,groupdro,2,,0.2,2000,0.7691,0.8699595928192139,0.25,0.09090909090909091,main_eval,,0.1,0.9,0,0
long_tail_visible,groupdro,2,,0.3,0,0.711,1.1214901804924011,0.0,0.09090909090909091,main_eval,,0.1,0.9,0,0
long_tail_visible,groupdro,2,,0.4,0,0.6449,1.4207329750061035,0.0,0.09090909090909091,main_eval,,0.1,0.9,0,0
long_tail_visible,groupdro,2,,0.5,800,0.5741,1.7528073191642761,0.1,0.09090909090909091,main_eval,,0.1,0.9,0,0
long_tail_visible,groupdro,2,,0.6,0,0.5194,2.039970278739929,0.0,0.09090909090909091,main_eval,,0.1,0.9,0,0
long_tail_visible,groupdro,2,,0.7,0,0.4483,2.3095487356185913,0.0,0.09090909090909091,main_eval,,0.1,0.9,0,0
long_tail_visible,groupdro,2,,0.8,0,0.3917,2.614359736442566,0.0,0.09090909090909091,main_eval,,0.1,0.9,0,0
long_tail_visible,groupdro,2,,0.9,200,0.321,2.911415934562683,0.025,0.09090909090909091,main_eval,,0.1,0.9,0,1
long_tail_visible,groupdro,2,,1.0,0,0.2533,3.261543393135071,0.0,0.09090909090909091,main_eval,,0.1,0.9,0,0
near_missing_tail,erm,1,,0.0,0,0.949,0.14341875910758972,0.0,0.09090909090909091,main_eval,,0.1,0.9,0,0
near_missing_tail,erm,1,,0.1,5800,0.8711,0.5416145324707031,0.725,0.09090909090909091,main_eval,,0.1,0.9,1,0
near_missing_tail,erm,1,,0.2,1800,0.7856,0.9773191213607788,0.225,0.09090909090909091,main_eval,,0.1,0.9,0,0
near_missing_tail,erm,1,,0.3,0,0.7056,1.4001923203468323,0.0,0.09090909090909091,main_eval,,0.1,0.9,0,0
near_missing_tail,erm,1,,0.4,0,0.6263,1.8175867199897766,0.0,0.09090909090909091,main_eval,,0.1,0.9,0,0
near_missing_tail,erm,1,,0.5,350,0.5359,2.239370584487915,0.04375,0.09090909090909091,main_eval,,0.1,0.9,0,0
near_missing_tail,erm,1,,0.6,0,0.4595,2.66771137714386,0.0,0.09090909090909091,main_eval,,0.1,0.9,0,0
near_missing_tail,erm,1,,0.7,0,0.3793,3.0513426065444946,0.0,0.09090909090909091,main_eval,,0.1,0.9,0,0
near_missing_tail,erm,1,,0.8,0,0.2941,3.5161136388778687,0.0,0.09090909090909091,main_eval,,0.1,0.9,0,0
near_missing_tail,erm,1,,0.9,50,0.2102,3.9336987733840942,0.00625,0.09090909090909091,main_eval,,0.1,0.9,0,1
near_missing_tail,erm,1,,1.0,0,0.1304,4.3103346824646,0.0,0.09090909090909091,main_eval,,0.1,0.9,0,0
long_tail_visible,irm,4,,0.0,0,0.7992,0.4586174637079239,0.0,0.09090909090909091,main_eval,,0.1,0.9,0,0
long_tail_visible,irm,4,,0.1,5000,0.768,0.5700445771217346,0.625,0.09090909090909091,main_eval,,0.1,0.9,1,0
long_tail_visible,irm,4,,0.2,2000,0.7355,0.6697251796722412,0.25,0.09090909090909091,main_eval,,0.1,0.9,0,0
long_tail_visible,irm,4,,0.3,0,0.694,0.821923702955246,0.0,0.09090909090909091,main_eval,,0.1,0.9,0,0
long_tail_visible,irm,4,,0.4,0,0.6662,0.908101886510849,0.0,0.09090909090909091,main_eval,,0.1,0.9,0,0
long_tail_visible,irm,4,,0.5,800,0.6269,1.0398189425468445,0.1,0.09090909090909091,main_eval,,0.1,0.9,0,0
long_tail_visible,irm,4,,0.6,0,0.6004,1.1229599118232727,0.0,0.09090909090909091,main_eval,,0.1,0.9,0,0
long_tail_visible,irm,4,,0.7,0,0.5651,1.270901620388031,0.0,0.09090909090909091,main_eval,,0.1,0.9,0,0
long_tail_visible,irm,4,,0.8,0,0.5328,1.3831546902656555,0.0,0.09090909090909091,main_eval,,0.1,0.9,0,0
long_tail_visible,irm,4,,0.9,200,0.4927,1.502318799495697,0.025,0.09090909090909091,main_eval,,0.1,0.9,0,1
long_tail_visible,irm,4,,1.0,0,0.4664,1.607807219028473,0.0,0.09090909090909091,main_eval,,0.1,0.9,0,0
missing_tail,inftask,1,,0.0,0,0.923,0.39461933076381683,0.0,0.09090909090909091,main_eval,,0.1,0.9,0,0
missing_tail,inftask,1,,0.1,6000,0.8518,0.4574629068374634,0.75,0.09090909090909091,main_eval,,0.1,0.9,1,0
missing_tail,inftask,1,,0.2,1500,0.7823,0.5074085593223572,0.1875,0.09090909090909091,main_eval,,0.1,0.9,0,0
missing_tail,inftask,1,,0.3,0,0.7091,0.5852087140083313,0.0,0.09090909090909091,main_eval,,0.1,0.9,0,0
missing_tail,inftask,1,,0.4,0,0.6567,0.6491983532905579,0.0,0.09090909090909091,main_eval,,0.1,0.9,0,0
missing_tail,inftask,1,,0.5,500,0.6197,0.7016094028949738,0.0625,0.09090909090909091,main_eval,,0.1,0.9,0,0
missing_tail,inftask,1,,0.6,0,0.5826,0.7564059495925903,0.0,0.09090909090909091,main_eval,,0.1,0.9,0,0
missing_tail,inftask,1,,0.7,0,0.5394,0.8164896368980408,0.0,0.09090909090909091,main_eval,,0.1,0.9,0,0
missing_tail,inftask,1,,0.8,0,0.494,0.881613552570343,0.0,0.09090909090909091,main_eval,,0.1,0.9,0,0
missing_tail,inftask,1,,0.9,0,0.4582,0.9314264357089996,0.0,0.09090909090909091,main_eval,,0.1,0.9,0,1
missing_tail,inftask,1,,1.0,0,0.4224,0.9826757907867432,0.0,0.09090909090909091,main_eval,,0.1,0.9,0,0
balanced_visible,inftask,0,,0.0,0,0.6653,0.641462117433548,0.0,0.09090909090909091,main_eval,,0.1,0.9,0,0
balanced_visible,inftask,0,,0.1,2000,0.6629,0.6413521468639374,0.25,0.09090909090909091,main_eval,,0.1,0.9,1,0
balanced_visible,inftask,0,,0.2,2000,0.6526,0.6434844136238098,0.25,0.09090909090909091,main_eval,,0.1,0.9,0,0
balanced_visible,inftask,0,,0.3,0,0.6795,0.6234268844127655,0.0,0.09090909090909091,main_eval,,0.1,0.9,0,0
balanced_visible,inftask,0,,0.4,0,0.6717,0.6300012767314911,0.0,0.09090909090909091,main_eval,,0.1,0.9,0,0
balanced_visible,inftask,0,,0.5,2000,0.6722,0.6275042593479156,0.25,0.09090909090909091,main_eval,,0.1,0.9,0,0
balanced_visible,inftask,0,,0.6,0,0.6709,0.6258795857429504,0.0,0.09090909090909091,main_eval,,0.1,0.9,0,0
balanced_visible,inftask,0,,0.7,0,0.6667,0.6341339647769928,0.0,0.09090909090909091,main_eval,,0.1,0.9,0,0
balanced_visible,inftask,0,,0.8,0,0.6661,0.6341380476951599,0.0,0.09090909090909091,main_eval,,0.1,0.9,0,0
balanced_visible,inftask,0,,0.9,2000,0.6626,0.6346690058708191,0.25,0.09090909090909091,main_eval,,0.1,0.9,0,1
balanced_visible,inftask,0,,1.0,0,0.654,0.6398887038230896,0.0,0.09090909090909091,main_eval,,0.1,0.9,0,0
long_tail_visible,groupdro,3,,0.0,0,0.8928,0.2876005321741104,0.0,0.09090909090909091,main_eval,,0.1,0.9,0,0
long_tail_visible,groupdro,3,,0.1,5000,0.8243,0.6042756140232086,0.625,0.09090909090909091,main_eval,,0.1,0.9,1,0
long_tail_visible,groupdro,3,,0.2,2000,0.7639,0.8918171226978302,0.25,0.09090909090909091,main_eval,,0.1,0.9,0,0
long_tail_visible,groupdro,3,,0.3,0,0.7018,1.1716530919075012,0.0,0.09090909090909091,main_eval,,0.1,0.9,0,0
long_tail_visible,groupdro,3,,0.4,0,0.6415,1.4605377912521362,0.0,0.09090909090909091,main_eval,,0.1,0.9,0,0
long_tail_visible,groupdro,3,,0.5,800,0.5794,1.7456591725349426,0.1,0.09090909090909091,main_eval,,0.1,0.9,0,0
long_tail_visible,groupdro,3,,0.6,0,0.5221,2.0044532418251038,0.0,0.09090909090909091,main_eval,,0.1,0.9,0,0
long_tail_visible,groupdro,3,,0.7,0,0.4521,2.344066619873047,0.0,0.09090909090909091,main_eval,,0.1,0.9,0,0
long_tail_visible,groupdro,3,,0.8,0,0.3939,2.600966453552246,0.0,0.09090909090909091,main_eval,,0.1,0.9,0,0
long_tail_visible,groupdro,3,,0.9,200,0.3287,2.866620421409607,0.025,0.09090909090909091,main_eval,,0.1,0.9,0,1
long_tail_visible,groupdro,3,,1.0,0,0.2648,3.191882371902466,0.0,0.09090909090909091,main_eval,,0.1,0.9,0,0
missing_tail,groupdro,1,,0.0,0,0.9404,0.1567244753241539,0.0,0.09090909090909091,main_eval,,0.1,0.9,0,0
missing_tail,groupdro,1,,0.1,6000,0.8663,0.5017639845609665,0.75,0.09090909090909091,main_eval,,0.1,0.9,1,0
missing_tail,groupdro,1,,0.2,1500,0.7812,0.892130583524704,0.1875,0.09090909090909091,main_eval,,0.1,0.9,0,0
missing_tail,groupdro,1,,0.3,0,0.6966,1.2918208241462708,0.0,0.09090909090909091,main_eval,,0.1,0.9,0,0
missing_tail,groupdro,1,,0.4,0,0.6203,1.6764767169952393,0.0,0.09090909090909091,main_eval,,0.1,0.9,0,0
missing_tail,groupdro,1,,0.5,500,0.5553,1.9832506775856018,0.0625,0.09090909090909091,main_eval,,0.1,0.9,0,0
missing_tail,groupdro,1,,0.6,0,0.462,2.3938060998916626,0.0,0.09090909090909091,main_eval,,0.1,0.9,0,0
missing_tail,groupdro,1,,0.7,0,0.3863,2.7544641494750977,0.0,0.09090909090909091,main_eval,,0.1,0.9,0,0
missing_tail,groupdro,1,,0.8,0,0.303,3.126907467842102,0.0,0.09090909090909091,main_eval,,0.1,0.9,0,0
missing_tail,groupdro,1,,0.9,0,0.2326,3.458037495613098,0.0,0.09090909090909091,main_eval,,0.1,0.9,0,1
missing_tail,groupdro,1,,1.0,0,0.1502,3.881515145301819,0.0,0.09090909090909091,main_eval,,0.1,0.9,0,0
missing_tail,iro,4,,0.0,0,0.9441,0.3845205456018448,0.0,0.09090909090909091,main_eval,,0.1,0.9,0,0
missing_tail,iro,4,,0.1,6000,0.8613,0.45254214107990265,0.75,0.09090909090909091,main_eval,,0.1,0.9,1,0
missing_tail,iro,4,,0.2,1500,0.7912,0.5047228336334229,0.1875,0.09090909090909091,main_eval,,0.1,0.9,0,0
missing_tail,iro,4,,0.3,0,0.7083,0.5823026895523071,0.0,0.09090909090909091,main_eval,,0.1,0.9,0,0
missing_tail,iro,4,,0.4,0,0.6582,0.6607702076435089,0.0,0.09090909090909091,main_eval,,0.1,0.9,0,0
missing_tail,iro,4,,0.5,500,0.6079,0.7439440786838531,0.0625,0.09090909090909091,main_eval,,0.1,0.9,0,0
missing_tail,iro,4,,0.6,0,0.5487,0.8209606409072876,0.0,0.09090909090909091,main_eval,,0.1,0.9,0,0
missing_tail,iro,4,,0.7,0,0.4997,0.8951458036899567,0.0,0.09090909090909091,main_eval,,0.1,0.9,0,0
missing_tail,iro,4,,0.8,0,0.4513,0.9637090265750885,0.0,0.09090909090909091,main_eval,,0.1,0.9,0,0
missing_tail,iro,4,,0.9,0,0.4044,1.0476064085960388,0.0,0.09090909090909091,main_eval,,0.1,0.9,0,1
missing_tail,iro,4,,1.0,0,0.3522,1.1151262521743774,0.0,0.09090909090909091,main_eval,,0.1,0.9,0,0
missing_tail,inftask,0,,0.0,0,0.935,0.42209145426750183,0.0,0.09090909090909091,main_eval,,0.1,0.9,0,0
missing_tail,inftask,0,,0.1,6000,0.8598,0.4739442616701126,0.75,0.09090909090909091,main_eval,,0.1,0.9,1,0
missing_tail,inftask,0,,0.2,1500,0.7851,0.5254453718662262,0.1875,0.09090909090909091,main_eval,,0.1,0.9,0,0
missing_tail,inftask,0,,0.3,0,0.706,0.5757824182510376,0.0,0.09090909090909091,main_eval,,0.1,0.9,0,0
missing_tail,inftask,0,,0.4,0,0.6429,0.6370718777179718,0.0,0.09090909090909091,main_eval,,0.1,0.9,0,0
missing_tail,inftask,0,,0.5,500,0.6181,0.6678140461444855,0.0625,0.09090909090909091,main_eval,,0.1,0.9,0,0
missing_tail,inftask,0,,0.6,0,0.576,0.709720253944397,0.0,0.09090909090909091,main_eval,,0.1,0.9,0,0
missing_tail,inftask,0,,0.7,0,0.5347,0.7554838955402374,0.0,0.09090909090909091,main_eval,,0.1,0.9,0,0
missing_tail,inftask,0,,0.8,0,0.4999,0.7935486137866974,0.0,0.09090909090909091,main_eval,,0.1,0.9,0,0
missing_tail,inftask,0,,0.9,0,0.4562,0.8372913897037506,0.0,0.09090909090909091,main_eval,,0.1,0.9,0,1
missing_tail,inftask,0,,1.0,0,0.412,0.8842383623123169,0.0,0.09090909090909091,main_eval,,0.1,0.9,0,0
long_tail_visible,irm,3,,0.0,0,0.799,0.49956846237182617,0.0,0.09090909090909091,main_eval,,0.1,0.9,0,0
long_tail_visible,irm,3,,0.1,5000,0.7553,0.6312861442565918,0.625,0.09090909090909091,main_eval,,0.1,0.9,1,0
long_tail_visible,irm,3,,0.2,2000,0.7248,0.7199727892875671,0.25,0.09090909090909091,main_eval,,0.1,0.9,0,0
long_tail_visible,irm,3,,0.3,0,0.6955,0.8148775398731232,0.0,0.09090909090909091,main_eval,,0.1,0.9,0,0
long_tail_visible,irm,3,,0.4,0,0.6638,0.9120181202888489,0.0,0.09090909090909091,main_eval,,0.1,0.9,0,0
long_tail_visible,irm,3,,0.5,800,0.631,1.017237901687622,0.1,0.09090909090909091,main_eval,,0.1,0.9,0,0
long_tail_visible,irm,3,,0.6,0,0.593,1.1102023124694824,0.0,0.09090909090909091,main_eval,,0.1,0.9,0,0
long_tail_visible,irm,3,,0.7,0,0.5633,1.2275577783584595,0.0,0.09090909090909091,main_eval,,0.1,0.9,0,0
long_tail_visible,irm,3,,0.8,0,0.5344,1.317665159702301,0.0,0.09090909090909091,main_eval,,0.1,0.9,0,0
long_tail_visible,irm,3,,0.9,200,0.5086,1.4030665755271912,0.025,0.09090909090909091,main_eval,,0.1,0.9,0,1
long_tail_visible,irm,3,,1.0,0,0.4696,1.5275530219078064,0.0,0.09090909090909091,main_eval,,0.1,0.9,0,0
missing_tail,groupdro,2,,0.0,0,0.9371,0.16351523250341415,0.0,0.09090909090909091,main_eval,,0.1,0.9,0,0
missing_tail,groupdro,2,,0.1,6000,0.862,0.5699710249900818,0.75,0.09090909090909091,main_eval,,0.1,0.9,1,0
missing_tail,groupdro,2,,0.2,1500,0.7766,0.9986765682697296,0.1875,0.09090909090909091,main_eval,,0.1,0.9,0,0
missing_tail,groupdro,2,,0.3,0,0.7056,1.3842962384223938,0.0,0.09090909090909091,main_eval,,0.1,0.9,0,0
missing_tail,groupdro,2,,0.4,0,0.6343,1.7185996174812317,0.0,0.09090909090909091,main_eval,,0.1,0.9,0,0
missing_tail,groupdro,2,,0.5,500,0.5519,2.1878855228424072,0.0625,0.09090909090909091,main_eval,,0.1,0.9,0,0
missing_tail,groupdro,2,,0.6,0,0.4714,2.548124670982361,0.0,0.09090909090909091,main_eval,,0.1,0.9,0,0
missing_tail,groupdro,2,,0.7,0,0.399,2.93048894405365,0.0,0.09090909090909091,main_eval,,0.1,0.9,0,0
missing_tail,groupdro,2,,0.8,0,0.3108,3.408501148223877,0.0,0.09090909090909091,main_eval,,0.1,0.9,0,0
missing_tail,groupdro,2,,0.9,0,0.241,3.7531694173812866,0.0,0.09090909090909091,main_eval,,0.1,0.9,0,1
missing_tail,groupdro,2,,1.0,0,0.1645,4.164993524551392,0.0,0.09090909090909091,main_eval,,0.1,0.9,0,0
missing_tail,iro,2,,0.0,0,0.9179,0.4178472310304642,0.0,0.09090909090909091,main_eval,,0.1,0.9,0,0
missing_tail,iro,2,,0.1,6000,0.8509,0.47156037390232086,0.75,0.09090909090909091,main_eval,,0.1,0.9,1,0
missing_tail,iro,2,,0.2,1500,0.7767,0.5229460597038269,0.1875,0.09090909090909091,main_eval,,0.1,0.9,0,0
missing_tail,iro,2,,0.3,0,0.7085,0.583469808101654,0.0,0.09090909090909091,main_eval,,0.1,0.9,0,0
missing_tail,iro,2,,0.4,0,0.6622,0.6352905333042145,0.0,0.09090909090909091,main_eval,,0.1,0.9,0,0
missing_tail,iro,2,,0.5,500,0.6187,0.6994031667709351,0.0625,0.09090909090909091,main_eval,,0.1,0.9,0,0
missing_tail,iro,2,,0.6,0,0.5608,0.761946827173233,0.0,0.09090909090909091,main_eval,,0.1,0.9,0,0
missing_tail,iro,2,,0.7,0,0.5275,0.8161633014678955,0.0,0.09090909090909091,main_eval,,0.1,0.9,0,0
missing_tail,iro,2,,0.8,0,0.4733,0.8803303241729736,0.0,0.09090909090909091,main_eval,,0.1,0.9,0,0
missing_tail,iro,2,,0.9,0,0.4323,0.9308494329452515,0.0,0.09090909090909091,main_eval,,0.1,0.9,0,1
missing_tail,iro,2,,1.0,0,0.3835,0.9918931126594543,0.0,0.09090909090909091,main_eval,,0.1,0.9,0,0
long_tail_visible,groupdro,4,,0.0,0,0.8995,0.2497078999876976,0.0,0.09090909090909091,main_eval,,0.1,0.9,0,0
long_tail_visible,groupdro,4,,0.1,5000,0.8343,0.5476761758327484,0.625,0.09090909090909091,main_eval,,0.1,0.9,1,0
long_tail_visible,groupdro,4,,0.2,2000,0.7706,0.8537901639938354,0.25,0.09090909090909091,main_eval,,0.1,0.9,0,0
long_tail_visible,groupdro,4,,0.3,0,0.695,1.211888611316681,0.0,0.09090909090909091,main_eval,,0.1,0.9,0,0
long_tail_visible,groupdro,4,,0.4,0,0.6376,1.4938862919807434,0.0,0.09090909090909091,main_eval,,0.1,0.9,0,0
long_tail_visible,groupdro,4,,0.5,800,0.5651,1.8223648071289062,0.1,0.09090909090909091,main_eval,,0.1,0.9,0,0
long_tail_visible,groupdro,4,,0.6,0,0.5129,2.0542215704917908,0.0,0.09090909090909091,main_eval,,0.1,0.9,0,0
long_tail_visible,groupdro,4,,0.7,0,0.443,2.438714861869812,0.0,0.09090909090909091,main_eval,,0.1,0.9,0,0
long_tail_visible,groupdro,4,,0.8,0,0.3795,2.732675552368164,0.0,0.09090909090909091,main_eval,,0.1,0.9,0,0
long_tail_visible,groupdro,4,,0.9,200,0.309,3.0484379529953003,0.025,0.09090909090909091,main_eval,,0.1,0.9,0,1
long_tail_visible,groupdro,4,,1.0,0,0.25,3.327003836631775,0.0,0.09090909090909091,main_eval,,0.1,0.9,0,0
balanced_visible,groupdro,2,,0.0,0,0.7022,0.9844725430011749,0.0,0.09090909090909091,main_eval,,0.1,0.9,0,0
balanced_visible,groupdro,2,,0.1,2000,0.6941,1.031414270401001,0.25,0.09090909090909091,main_eval,,0.1,0.9,1,0
balanced_visible,groupdro,2,,0.2,2000,0.6877,1.054151177406311,0.25,0.09090909090909091,main_eval,,0.1,0.9,0,0
balanced_visible,groupdro,2,,0.3,0,0.6677,1.1210245490074158,0.0,0.09090909090909091,main_eval,,0.1,0.9,0,0
balanced_visible,groupdro,2,,0.4,0,0.6565,1.1654152870178223,0.0,0.09090909090909091,main_eval,,0.1,0.9,0,0
balanced_visible,groupdro,2,,0.5,2000,0.6478,1.2180145978927612,0.25,0.09090909090909091,main_eval,,0.1,0.9,0,0
balanced_visible,groupdro,2,,0.6,0,0.6287,1.2825033068656921,0.0,0.09090909090909091,main_eval,,0.1,0.9,0,0
balanced_visible,groupdro,2,,0.7,0,0.6242,1.3236027359962463,0.0,0.09090909090909091,main_eval,,0.1,0.9,0,0
balanced_visible,groupdro,2,,0.8,0,0.6128,1.400265634059906,0.0,0.09090909090909091,main_eval,,0.1,0.9,0,0
balanced_visible,groupdro,2,,0.9,2000,0.6031,1.4208120703697205,0.25,0.09090909090909091,main_eval,,0.1,0.9,0,1
balanced_visible,groupdro,2,,1.0,0,0.5799,1.514518141746521,0.0,0.09090909090909091,main_eval,,0.1,0.9,0,0
long_tail_visible,inftask,3,,0.0,0,0.7398,0.6005279719829559,0.0,0.09090909090909091,main_eval,,0.1,0.9,0,0
long_tail_visible,inftask,3,,0.1,5000,0.7111,0.6140217781066895,0.625,0.09090909090909091,main_eval,,0.1,0.9,1,0
long_tail_visible,inftask,3,,0.2,2000,0.697,0.6215107440948486,0.25,0.09090909090909091,main_eval,,0.1,0.9,0,0
long_tail_visible,inftask,3,,0.3,0,0.6644,0.6227186322212219,0.0,0.09090909090909091,main_eval,,0.1,0.9,0,0
long_tail_visible,inftask,3,,0.4,0,0.6535,0.632953405380249,0.0,0.09090909090909091,main_eval,,0.1,0.9,0,0
long_tail_visible,inftask,3,,0.5,800,0.645,0.6458578109741211,0.1,0.09090909090909091,main_eval,,0.1,0.9,0,0
long_tail_visible,inftask,3,,0.6,0,0.6317,0.6617920100688934,0.0,0.09090909090909091,main_eval,,0.1,0.9,0,0
long_tail_visible,inftask,3,,0.7,0,0.6179,0.6710244417190552,0.0,0.09090909090909091,main_eval,,0.1,0.9,0,0
long_tail_visible,inftask,3,,0.8,0,0.5965,0.6917028427124023,0.0,0.09090909090909091,main_eval,,0.1,0.9,0,0
long_tail_visible,inftask,3,,0.9,200,0.5891,0.7000817358493805,0.025,0.09090909090909091,main_eval,,0.1,0.9,0,1
long_tail_visible,inftask,3,,1.0,0,0.5751,0.7142574787139893,0.0,0.09090909090909091,main_eval,,0.1,0.9,0,0
long_tail_visible,iro,1,,0.0,0,0.7931,0.5499029159545898,0.0,0.09090909090909091,main_eval,,0.1,0.9,0,0
long_tail_visible,iro,1,,0.1,5000,0.7713,0.5659052431583405,0.625,0.09090909090909091,main_eval,,0.1,0.9,1,0
long_tail_visible,iro,1,,0.2,2000,0.7423,0.5859496295452118,0.25,0.09090909090909091,main_eval,,0.1,0.9,0,0
long_tail_visible,iro,1,,0.3,0,0.7076,0.5903476178646088,0.0,0.09090909090909091,main_eval,,0.1,0.9,0,0
long_tail_visible,iro,1,,0.4,0,0.6796,0.6298327744007111,0.0,0.09090909090909091,main_eval,,0.1,0.9,0,0
long_tail_visible,iro,1,,0.5,800,0.6472,0.670064389705658,0.1,0.09090909090909091,main_eval,,0.1,0.9,0,0
long_tail_visible,iro,1,,0.6,0,0.6121,0.718820333480835,0.0,0.09090909090909091,main_eval,,0.1,0.9,0,0
long_tail_visible,iro,1,,0.7,0,0.592,0.7497981190681458,0.0,0.09090909090909091,main_eval,,0.1,0.9,0,0
long_tail_visible,iro,1,,0.8,0,0.552,0.8024080097675323,0.0,0.09090909090909091,main_eval,,0.1,0.9,0,0
long_tail_visible,iro,1,,0.9,200,0.5194,0.8424129486083984,0.025,0.09090909090909091,main_eval,,0.1,0.9,0,1
long_tail_visible,iro,1,,1.0,0,0.4928,0.8780528008937836,0.0,0.09090909090909091,main_eval,,0.1,0.9,0,0
near_missing_tail,inftask,1,,0.0,0,0.8704,0.5195131003856659,0.0,0.09090909090909091,main_eval,,0.1,0.9,0,0
near_missing_tail,inftask,1,,0.1,5800,0.8171,0.5460267663002014,0.725,0.09090909090909091,main_eval,,0.1,0.9,1,0
near_missing_tail,inftask,1,,0.2,1800,0.7628,0.5760745108127594,0.225,0.09090909090909091,main_eval,,0.1,0.9,0,0
near_missing_tail,inftask,1,,0.3,0,0.6985,0.5999344885349274,0.0,0.09090909090909091,main_eval,,0.1,0.9,0,0
near_missing_tail,inftask,1,,0.4,0,0.6633,0.650818943977356,0.0,0.09090909090909091,main_eval,,0.1,0.9,0,0
near_missing_tail,inftask,1,,0.5,350,0.6194,0.7035020291805267,0.04375,0.09090909090909091,main_eval,,0.1,0.9,0,0
near_missing_tail,inftask,1,,0.6,0,0.5714,0.7666137218475342,0.0,0.09090909090909091,main_eval,,0.1,0.9,0,0
near_missing_tail,inftask,1,,0.7,0,0.5393,0.812327116727829,0.0,0.09090909090909091,main_eval,,0.1,0.9,0,0
near_missing_tail,inftask,1,,0.8,0,0.4843,0.8861930966377258,0.0,0.09090909090909091,main_eval,,0.1,0.9,0,0
near_missing_tail,inftask,1,,0.9,50,0.4426,0.9409602880477905,0.00625,0.09090909090909091,main_eval,,0.1,0.9,0,1
near_missing_tail,inftask,1,,1.0,0,0.4005,1.0024482011795044,0.0,0.09090909090909091,main_eval,,0.1,0.9,0,0
near_missing_tail,erm,4,,0.0,0,0.9478,0.13567177206277847,0.0,0.09090909090909091,main_eval,,0.1,0.9,0,0
near_missing_tail,erm,4,,0.1,5800,0.8692,0.5548819303512573,0.725,0.09090909090909091,main_eval,,0.1,0.9,1,0
near_missing_tail,erm,4,,0.2,1800,0.7826,0.9766599535942078,0.225,0.09090909090909091,main_eval,,0.1,0.9,0,0
near_missing_tail,erm,4,,0.3,0,0.6996,1.4704678058624268,0.0,0.09090909090909091,main_eval,,0.1,0.9,0,0
near_missing_tail,erm,4,,0.4,0,0.6202,1.8413448929786682,0.0,0.09090909090909091,main_eval,,0.1,0.9,0,0
near_missing_tail,erm,4,,0.5,350,0.5322,2.3180580139160156,0.04375,0.09090909090909091,main_eval,,0.1,0.9,0,0
near_missing_tail,erm,4,,0.6,0,0.4672,2.658922553062439,0.0,0.09090909090909091,main_eval,,0.1,0.9,0,0
near_missing_tail,erm,4,,0.7,0,0.3761,3.1626697778701782,0.0,0.09090909090909091,main_eval,,0.1,0.9,0,0
near_missing_tail,erm,4,,0.8,0,0.2965,3.559572219848633,0.0,0.09090909090909091,main_eval,,0.1,0.9,0,0
near_missing_tail,erm,4,,0.9,50,0.2139,4.012588977813721,0.00625,0.09090909090909091,main_eval,,0.1,0.9,0,1
near_missing_tail,erm,4,,1.0,0,0.1406,4.37525486946106,0.0,0.09090909090909091,main_eval,,0.1,0.9,0,0
long_tail_visible,erm,1,,0.0,0,0.9196,0.21207373589277267,0.0,0.09090909090909091,main_eval,,0.1,0.9,0,0
long_tail_visible,erm,1,,0.1,5000,0.8475,0.5363015234470367,0.625,0.09090909090909091,main_eval,,0.1,0.9,1,0
long_tail_visible,erm,1,,0.2,2000,0.7718,0.8847427070140839,0.25,0.09090909090909091,main_eval,,0.1,0.9,0,0
long_tail_visible,erm,1,,0.3,0,0.7014,1.2344639897346497,0.0,0.09090909090909091,main_eval,,0.1,0.9,0,0
long_tail_visible,erm,1,,0.4,0,0.6319,1.5707740187644958,0.0,0.09090909090909091,main_eval,,0.1,0.9,0,0
long_tail_visible,erm,1,,0.5,800,0.553,1.886110246181488,0.1,0.09090909090909091,main_eval,,0.1,0.9,0,0
long_tail_visible,erm,1,,0.6,0,0.4863,2.238353729248047,0.0,0.09090909090909091,main_eval,,0.1,0.9,0,0
long_tail_visible,erm,1,,0.7,0,0.4157,2.551110863685608,0.0,0.09090909090909091,main_eval,,0.1,0.9,0,0
long_tail_visible,erm,1,,0.8,0,0.3401,2.9195605516433716,0.0,0.09090909090909091,main_eval,,0.1,0.9,0,0
long_tail_visible,erm,1,,0.9,200,0.2669,3.245352268218994,0.025,0.09090909090909091,main_eval,,0.1,0.9,0,1
long_tail_visible,erm,1,,1.0,0,0.1966,3.563941478729248,0.0,0.09090909090909091,main_eval,,0.1,0.9,0,0
near_missing_tail,groupdro,4,,0.0,0,0.9384,0.1543792188167572,0.0,0.09090909090909091,main_eval,,0.1,0.9,0,0
near_missing_tail,groupdro,4,,0.1,5800,0.861,0.5077681839466095,0.725,0.09090909090909091,main_eval,,0.1,0.9,1,0
near_missing_tail,groupdro,4,,0.2,1800,0.7839,0.8624258041381836,0.225,0.09090909090909091,main_eval,,0.1,0.9,0,0
near_missing_tail,groupdro,4,,0.3,0,0.6997,1.2829861640930176,0.0,0.09090909090909091,main_eval,,0.1,0.9,0,0
near_missing_tail,groupdro,4,,0.4,0,0.6251,1.5993961095809937,0.0,0.09090909090909091,main_eval,,0.1,0.9,0,0
near_missing_tail,groupdro,4,,0.5,350,0.5408,1.9934181571006775,0.04375,0.09090909090909091,main_eval,,0.1,0.9,0,0
near_missing_tail,groupdro,4,,0.6,0,0.4751,2.2987329959869385,0.0,0.09090909090909091,main_eval,,0.1,0.9,0,0
near_missing_tail,groupdro,4,,0.7,0,0.3887,2.72286057472229,0.0,0.09090909090909091,main_eval,,0.1,0.9,0,0
near_missing_tail,groupdro,4,,0.8,0,0.3135,3.0618603229522705,0.0,0.09090909090909091,main_eval,,0.1,0.9,0,0
near_missing_tail,groupdro,4,,0.9,50,0.2346,3.447471261024475,0.00625,0.09090909090909091,main_eval,,0.1,0.9,0,1
near_missing_tail,groupdro,4,,1.0,0,0.1654,3.754555821418762,0.0,0.09090909090909091,main_eval,,0.1,0.9,0,0
near_missing_tail,iro,1,,0.0,0,0.8674,0.505211591720581,0.0,0.09090909090909091,main_eval,,0.1,0.9,0,0
near_missing_tail,iro,1,,0.1,5800,0.8223,0.5326157808303833,0.725,0.09090909090909091,main_eval,,0.1,0.9,1,0
near_missing_tail,iro,1,,0.2,1800,0.7662,0.5678721964359283,0.225,0.09090909090909091,main_eval,,0.1,0.9,0,0
near_missing_tail,iro,1,,0.3,0,0.7054,0.5910598635673523,0.0,0.09090909090909091,main_eval,,0.1,0.9,0,0
near_missing_tail,iro,1,,0.4,0,0.6694,0.6501220166683197,0.0,0.09090909090909091,main_eval,,0.1,0.9,0,0
near_missing_tail,iro,1,,0.5,350,0.6195,0.715184360742569,0.04375,0.09090909090909091,main_eval,,0.1,0.9,0,0
near_missing_tail,iro,1,,0.6,0,0.571,0.7904435694217682,0.0,0.09090909090909091,main_eval,,0.1,0.9,0,0
near_missing_tail,iro,1,,0.7,0,0.5347,0.8394298553466797,0.0,0.09090909090909091,main_eval,,0.1,0.9,0,0
near_missing_tail,iro,1,,0.8,0,0.4806,0.9158925116062164,0.0,0.09090909090909091,main_eval,,0.1,0.9,0,0
near_missing_tail,iro,1,,0.9,50,0.4328,0.9818917214870453,0.00625,0.09090909090909091,main_eval,,0.1,0.9,0,1
near_missing_tail,iro,1,,1.0,0,0.3936,1.0394484996795654,0.0,0.09090909090909091,main_eval,,0.1,0.9,0,0
balanced_visible,erm,4,,0.0,0,0.7082,0.892525851726532,0.0,0.09090909090909091,main_eval,,0.1,0.9,0,0
balanced_visible,erm,4,,0.1,2000,0.6973,0.9580245614051819,0.25,0.09090909090909091,main_eval,,0.1,0.9,1,0
balanced_visible,erm,4,,0.2,2000,0.6828,1.004200041294098,0.25,0.09090909090909091,main_eval,,0.1,0.9,0,0
balanced_visible,erm,4,,0.3,0,0.6734,1.059624195098877,0.0,0.09090909090909091,main_eval,,0.1,0.9,0,0
balanced_visible,erm,4,,0.4,0,0.6589,1.095629632472992,0.0,0.09090909090909091,main_eval,,0.1,0.9,0,0
balanced_visible,erm,4,,0.5,2000,0.6443,1.1803117990493774,0.25,0.09090909090909091,main_eval,,0.1,0.9,0,0
balanced_visible,erm,4,,0.6,0,0.6374,1.2418398261070251,0.0,0.09090909090909091,main_eval,,0.1,0.9,0,0
balanced_visible,erm,4,,0.7,0,0.6166,1.3110636472702026,0.0,0.09090909090909091,main_eval,,0.1,0.9,0,0
balanced_visible,erm,4,,0.8,0,0.6076,1.3572775721549988,0.0,0.09090909090909091,main_eval,,0.1,0.9,0,0
balanced_visible,erm,4,,0.9,2000,0.5914,1.4249687194824219,0.25,0.09090909090909091,main_eval,,0.1,0.9,0,1
balanced_visible,erm,4,,1.0,0,0.582,1.4515990614891052,0.0,0.09090909090909091,main_eval,,0.1,0.9,0,0
balanced_visible,irm,0,,0.0,0,0.7045,0.8113267123699188,0.0,0.09090909090909091,main_eval,,0.1,0.9,0,0
balanced_visible,irm,0,,0.1,2000,0.6935,0.8398225605487823,0.25,0.09090909090909091,main_eval,,0.1,0.9,1,0
balanced_visible,irm,0,,0.2,2000,0.6833,0.8937925398349762,0.25,0.09090909090909091,main_eval,,0.1,0.9,0,0
balanced_visible,irm,0,,0.3,0,0.6767,0.9105895161628723,0.0,0.09090909090909091,main_eval,,0.1,0.9,0,0
balanced_visible,irm,0,,0.4,0,0.6666,0.9422350823879242,0.0,0.09090909090909091,main_eval,,0.1,0.9,0,0
balanced_visible,irm,0,,0.5,2000,0.6641,0.943577766418457,0.25,0.09090909090909091,main_eval,,0.1,0.9,0,0
balanced_visible,irm,0,,0.6,0,0.6534,0.9917702674865723,0.0,0.09090909090909091,main_eval,,0.1,0.9,0,0
balanced_visible,irm,0,,0.7,0,0.6529,1.0004399120807648,0.0,0.09090909090909091,main_eval,,0.1,0.9,0,0
balanced_visible,irm,0,,0.8,0,0.6557,0.9893019199371338,0.0,0.09090909090909091,main_eval,,0.1,0.9,0,0
balanced_visible,irm,0,,0.9,2000,0.6357,1.049564242362976,0.25,0.09090909090909091,main_eval,,0.1,0.9,0,1
balanced_visible,irm,0,,1.0,0,0.6362,1.0672714710235596,0.0,0.09090909090909091,main_eval,,0.1,0.9,0,0
balanced_visible,erm,1,,0.0,0,0.7225,0.8303951919078827,0.0,0.09090909090909091,main_eval,,0.1,0.9,0,0
balanced_visible,erm,1,,0.1,2000,0.7119,0.8775357007980347,0.25,0.09090909090909091,main_eval,,0.1,0.9,1,0
balanced_visible,erm,1,,0.2,2000,0.6871,0.9733395278453827,0.25,0.09090909090909091,main_eval,,0.1,0.9,0,0
balanced_visible,erm,1,,0.3,0,0.6728,1.0359441637992859,0.0,0.09090909090909091,main_eval,,0.1,0.9,0,0
balanced_visible,erm,1,,0.4,0,0.6523,1.110516905784607,0.0,0.09090909090909091,main_eval,,0.1,0.9,0,0
balanced_visible,erm,1,,0.5,2000,0.6411,1.1592854261398315,0.25,0.09090909090909091,main_eval,,0.1,0.9,0,0
balanced_visible,erm,1,,0.6,0,0.6264,1.2282050251960754,0.0,0.09090909090909091,main_eval,,0.1,0.9,0,0
balanced_visible,erm,1,,0.7,0,0.61,1.2940928936004639,0.0,0.09090909090909091,main_eval,,0.1,0.9,0,0
balanced_visible,erm,1,,0.8,0,0.5898,1.370368480682373,0.0,0.09090909090909091,main_eval,,0.1,0.9,0,0
balanced_visible,erm,1,,0.9,2000,0.5768,1.4134382605552673,0.25,0.09090909090909091,main_eval,,0.1,0.9,0,1
balanced_visible,erm,1,,1.0,0,0.5572,1.4864568710327148,0.0,0.09090909090909091,main_eval,,0.1,0.9,0,0
missing_tail,erm,1,,0.0,0,0.9473,0.14588844031095505,0.0,0.09090909090909091,main_eval,,0.1,0.9,0,0
missing_tail,erm,1,,0.1,6000,0.8698,0.5327261090278625,0.75,0.09090909090909091,main_eval,,0.1,0.9,1,0
missing_tail,erm,1,,0.2,1500,0.7826,0.9625793695449829,0.1875,0.09090909090909091,main_eval,,0.1,0.9,0,0
missing_tail,erm,1,,0.3,0,0.6982,1.4033146500587463,0.0,0.09090909090909091,main_eval,,0.1,0.9,0,0
missing_tail,erm,1,,0.4,0,0.6177,1.8300266861915588,0.0,0.09090909090909091,main_eval,,0.1,0.9,0,0
missing_tail,erm,1,,0.5,500,0.551,2.1648571491241455,0.0625,0.09090909090909091,main_eval,,0.1,0.9,0,0
missing_tail,erm,1,,0.6,0,0.454,2.6229783296585083,0.0,0.09090909090909091,main_eval,,0.1,0.9,0,0
missing_tail,erm,1,,0.7,0,0.3788,3.0171583890914917,0.0,0.09090909090909091,main_eval,,0.1,0.9,0,0
missing_tail,erm,1,,0.8,0,0.2936,3.429554581642151,0.0,0.09090909090909091,main_eval,,0.1,0.9,0,0
missing_tail,erm,1,,0.9,0,0.2208,3.8002092838287354,0.0,0.09090909090909091,main_eval,,0.1,0.9,0,1
missing_tail,erm,1,,1.0,0,0.1344,4.266655683517456,0.0,0.09090909090909091,main_eval,,0.1,0.9,0,0
near_missing_tail,erm,0,,0.0,0,0.9354,0.18444989621639252,0.0,0.09090909090909091,main_eval,,0.1,0.9,0,0
near_missing_tail,erm,0,,0.1,5800,0.8629,0.591981440782547,0.725,0.09090909090909091,main_eval,,0.1,0.9,1,0
near_missing_tail,erm,0,,0.2,1800,0.7787,1.0088028609752655,0.225,0.09090909090909091,main_eval,,0.1,0.9,0,0
near_missing_tail,erm,0,,0.3,0,0.6927,1.4524109959602356,0.0,0.09090909090909091,main_eval,,0.1,0.9,0,0
near_missing_tail,erm,0,,0.4,0,0.6245,1.8520033359527588,0.0,0.09090909090909091,main_eval,,0.1,0.9,0,0
near_missing_tail,erm,0,,0.5,350,0.5543,2.2035516500473022,0.04375,0.09090909090909091,main_eval,,0.1,0.9,0,0
near_missing_tail,erm,0,,0.6,0,0.4706,2.686088442802429,0.0,0.09090909090909091,main_eval,,0.1,0.9,0,0
near_missing_tail,erm,0,,0.7,0,0.3976,3.0527966022491455,0.0,0.09090909090909091,main_eval,,0.1,0.9,0,0
near_missing_tail,erm,0,,0.8,0,0.3251,3.4376823902130127,0.0,0.09090909090909091,main_eval,,0.1,0.9,0,0
near_missing_tail,erm,0,,0.9,50,0.2361,3.939844250679016,0.00625,0.09090909090909091,main_eval,,0.1,0.9,0,1
near_missing_tail,erm,0,,1.0,0,0.1625,4.311419725418091,0.0,0.09090909090909091,main_eval,,0.1,0.9,0,0
balanced_visible,groupdro,3,,0.0,0,0.6956,0.9938108325004578,0.0,0.09090909090909091,main_eval,,0.1,0.9,0,0
balanced_visible,groupdro,3,,0.1,2000,0.6814,1.054202139377594,0.25,0.09090909090909091,main_eval,,0.1,0.9,1,0
balanced_visible,groupdro,3,,0.2,2000,0.6758,1.0656576752662659,0.25,0.09090909090909091,main_eval,,0.1,0.9,0,0
balanced_visible,groupdro,3,,0.3,0,0.6719,1.0892819166183472,0.0,0.09090909090909091,main_eval,,0.1,0.9,0,0
balanced_visible,groupdro,3,,0.4,0,0.6614,1.1510735154151917,0.0,0.09090909090909091,main_eval,,0.1,0.9,0,0
balanced_visible,groupdro,3,,0.5,2000,0.6465,1.196056604385376,0.25,0.09090909090909091,main_eval,,0.1,0.9,0,0
balanced_visible,groupdro,3,,0.6,0,0.6367,1.222919762134552,0.0,0.09090909090909091,main_eval,,0.1,0.9,0,0
balanced_visible,groupdro,3,,0.7,0,0.6232,1.2993767261505127,0.0,0.09090909090909091,main_eval,,0.1,0.9,0,0
balanced_visible,groupdro,3,,0.8,0,0.6172,1.3127091526985168,0.0,0.09090909090909091,main_eval,,0.1,0.9,0,0
balanced_visible,groupdro,3,,0.9,2000,0.6172,1.3327389359474182,0.25,0.09090909090909091,main_eval,,0.1,0.9,0,1
balanced_visible,groupdro,3,,1.0,0,0.6025,1.3776122331619263,0.0,0.09090909090909091,main_eval,,0.1,0.9,0,0
long_tail_visible,erm,2,,0.0,0,0.9121,0.2303316816687584,0.0,0.09090909090909091,main_eval,,0.1,0.9,0,0
long_tail_visible,erm,2,,0.1,5000,0.8445,0.5541892945766449,0.625,0.09090909090909091,main_eval,,0.1,0.9,1,0
long_tail_visible,erm,2,,0.2,2000,0.773,0.927211195230484,0.25,0.09090909090909091,main_eval,,0.1,0.9,0,0
long_tail_visible,erm,2,,0.3,0,0.71,1.2153018116950989,0.0,0.09090909090909091,main_eval,,0.1,0.9,0,0
long_tail_visible,erm,2,,0.4,0,0.6408,1.5619703531265259,0.0,0.09090909090909091,main_eval,,0.1,0.9,0,0
long_tail_visible,erm,2,,0.5,800,0.5618,1.9364883303642273,0.1,0.09090909090909091,main_eval,,0.1,0.9,0,0
long_tail_visible,erm,2,,0.6,0,0.5026,2.266620635986328,0.0,0.09090909090909091,main_eval,,0.1,0.9,0,0
long_tail_visible,erm,2,,0.7,0,0.4228,2.584723114967346,0.0,0.09090909090909091,main_eval,,0.1,0.9,0,0
long_tail_visible,erm,2,,0.8,0,0.3636,2.9227901697158813,0.0,0.09090909090909091,main_eval,,0.1,0.9,0,0
long_tail_visible,erm,2,,0.9,200,0.2873,3.277273178100586,0.025,0.09090909090909091,main_eval,,0.1,0.9,0,1
long_tail_visible,erm,2,,1.0,0,0.2131,3.6645328998565674,0.0,0.09090909090909091,main_eval,,0.1,0.9,0,0
missing_tail,erm,3,,0.0,0,0.936,0.15883868932724,0.0,0.09090909090909091,main_eval,,0.1,0.9,0,0
missing_tail,erm,3,,0.1,6000,0.8592,0.5799132585525513,0.75,0.09090909090909091,main_eval,,0.1,0.9,1,0
missing_tail,erm,3,,0.2,1500,0.7793,0.9891960322856903,0.1875,0.09090909090909091,main_eval,,0.1,0.9,0,0
missing_tail,erm,3,,0.3,0,0.6999,1.4119715094566345,0.0,0.09090909090909091,main_eval,,0.1,0.9,0,0
missing_tail,erm,3,,0.4,0,0.6201,1.8532615900039673,0.0,0.09090909090909091,main_eval,,0.1,0.9,0,0
missing_tail,erm,3,,0.5,500,0.5413,2.2259057760238647,0.0625,0.09090909090909091,main_eval,,0.1,0.9,0,0
missing_tail,erm,3,,0.6,0,0.4752,2.610435962677002,0.0,0.09090909090909091,main_eval,,0.1,0.9,0,0
missing_tail,erm,3,,0.7,0,0.3969,3.0388453006744385,0.0,0.09090909090909091,main_eval,,0.1,0.9,0,0
missing_tail,erm,3,,0.8,0,0.313,3.481918692588806,0.0,0.09090909090909091,main_eval,,0.1,0.9,0,0
missing_tail,erm,3,,0.9,0,0.2411,3.851678490638733,0.0,0.09090909090909091,main_eval,,0.1,0.9,0,1
missing_tail,erm,3,,1.0,0,0.1602,4.3360207080841064,0.0,0.09090909090909091,main_eval,,0.1,0.9,0,0
missing_tail,iro,3,,0.0,0,0.9315,0.4249240309000015,0.0,0.09090909090909091,main_eval,,0.1,0.9,0,0
missing_tail,iro,3,,0.1,6000,0.8568,0.47510774433612823,0.75,0.09090909090909091,main_eval,,0.1,0.9,1,0
missing_tail,iro,3,,0.2,1500,0.78,0.528656929731369,0.1875,0.09090909090909091,main_eval,,0.1,0.9,0,0
missing_tail,iro,3,,0.3,0,0.6988,0.5910052359104156,0.0,0.09090909090909091,main_eval,,0.1,0.9,0,0
missing_tail,iro,3,,0.4,0,0.6379,0.675733745098114,0.0,0.09090909090909091,main_eval,,0.1,0.9,0,0
missing_tail,iro,3,,0.5,500,0.6068,0.7202553153038025,0.0625,0.09090909090909091,main_eval,,0.1,0.9,0,0
missing_tail,iro,3,,0.6,0,0.5542,0.7970803380012512,0.0,0.09090909090909091,main_eval,,0.1,0.9,0,0
missing_tail,iro,3,,0.7,0,0.5113,0.8556187152862549,0.0,0.09090909090909091,main_eval,,0.1,0.9,0,0
missing_tail,iro,3,,0.8,0,0.4647,0.927736908197403,0.0,0.09090909090909091,main_eval,,0.1,0.9,0,0
missing_tail,iro,3,,0.9,0,0.4249,0.9848629534244537,0.0,0.09090909090909091,main_eval,,0.1,0.9,0,1
missing_tail,iro,3,,1.0,0,0.3781,1.0508975386619568,0.0,0.09090909090909091,main_eval,,0.1,0.9,0,0
long_tail_visible,iro,3,,0.0,0,0.7375,0.583996593952179,0.0,0.09090909090909091,main_eval,,0.1,0.9,0,0
long_tail_visible,iro,3,,0.1,5000,0.7242,0.5947214663028717,0.625,0.09090909090909091,main_eval,,0.1,0.9,1,0
long_tail_visible,iro,3,,0.2,2000,0.7131,0.6065499186515808,0.25,0.09090909090909091,main_eval,,0.1,0.9,0,0
long_tail_visible,iro,3,,0.3,0,0.6794,0.6069871485233307,0.0,0.09090909090909091,main_eval,,0.1,0.9,0,0
long_tail_visible,iro,3,,0.4,0,0.6708,0.6258902549743652,0.0,0.09090909090909091,main_eval,,0.1,0.9,0,0
long_tail_visible,iro,3,,0.5,800,0.6536,0.6420868039131165,0.1,0.09090909090909091,main_eval,,0.1,0.9,0,0
long_tail_visible,iro,3,,0.6,0,0.6397,0.6591554582118988,0.0,0.09090909090909091,main_eval,,0.1,0.9,0,0
long_tail_visible,iro,3,,0.7,0,0.6231,0.6748112738132477,0.0,0.09090909090909091,main_eval,,0.1,0.9,0,0
long_tail_visible,iro,3,,0.8,0,0.6061,0.6979368329048157,0.0,0.09090909090909091,main_eval,,0.1,0.9,0,0
long_tail_visible,iro,3,,0.9,200,0.5953,0.7098481357097626,0.025,0.09090909090909091,main_eval,,0.1,0.9,0,1
long_tail_visible,iro,3,,1.0,0,0.5805,0.7238031923770905,0.0,0.09090909090909091,main_eval,,0.1,0.9,0,0
long_tail_visible,irm,1,,0.0,0,0.7906,0.4907100349664688,0.0,0.09090909090909091,main_eval,,0.1,0.9,0,0
long_tail_visible,irm,1,,0.1,5000,0.7616,0.564173012971878,0.625,0.09090909090909091,main_eval,,0.1,0.9,1,0
long_tail_visible,irm,1,,0.2,2000,0.724,0.6679607033729553,0.25,0.09090909090909091,main_eval,,0.1,0.9,0,0
long_tail_visible,irm,1,,0.3,0,0.6874,0.7774713337421417,0.0,0.09090909090909091,main_eval,,0.1,0.9,0,0
long_tail_visible,irm,1,,0.4,0,0.6655,0.8654755651950836,0.0,0.09090909090909091,main_eval,,0.1,0.9,0,0
long_tail_visible,irm,1,,0.5,800,0.6295,0.9369163811206818,0.1,0.09090909090909091,main_eval,,0.1,0.9,0,0
long_tail_visible,irm,1,,0.6,0,0.5999,1.0382854342460632,0.0,0.09090909090909091,main_eval,,0.1,0.9,0,0
long_tail_visible,irm,1,,0.7,0,0.5786,1.1091599464416504,0.0,0.09090909090909091,main_eval,,0.1,0.9,0,0
long_tail_visible,irm,1,,0.8,0,0.5398,1.2299238443374634,0.0,0.09090909090909091,main_eval,,0.1,0.9,0,0
long_tail_visible,irm,1,,0.9,200,0.513,1.3002490997314453,0.025,0.09090909090909091,main_eval,,0.1,0.9,0,1
long_tail_visible,irm,1,,1.0,0,0.4777,1.383009910583496,0.0,0.09090909090909091,main_eval,,0.1,0.9,0,0
balanced_visible,inftask,4,,0.0,0,0.6986,0.6034137606620789,0.0,0.09090909090909091,main_eval,,0.1,0.9,0,0
balanced_visible,inftask,4,,0.1,2000,0.695,0.608727902173996,0.25,0.09090909090909091,main_eval,,0.1,0.9,1,0
balanced_visible,inftask,4,,0.2,2000,0.6927,0.6112056374549866,0.25,0.09090909090909091,main_eval,,0.1,0.9,0,0
balanced_visible,inftask,4,,0.3,0,0.6929,0.6167864799499512,0.0,0.09090909090909091,main_eval,,0.1,0.9,0,0
balanced_visible,inftask,4,,0.4,0,0.6916,0.622057169675827,0.0,0.09090909090909091,main_eval,,0.1,0.9,0,0
balanced_visible,inftask,4,,0.5,2000,0.6907,0.6250406503677368,0.25,0.09090909090909091,main_eval,,0.1,0.9,0,0
balanced_visible,inftask,4,,0.6,0,0.6804,0.6391388773918152,0.0,0.09090909090909091,main_eval,,0.1,0.9,0,0
balanced_visible,inftask,4,,0.7,0,0.6844,0.6346852481365204,0.0,0.09090909090909091,main_eval,,0.1,0.9,0,0
balanced_visible,inftask,4,,0.8,0,0.6822,0.644812285900116,0.0,0.09090909090909091,main_eval,,0.1,0.9,0,0
balanced_visible,inftask,4,,0.9,2000,0.6689,0.6610697507858276,0.25,0.09090909090909091,main_eval,,0.1,0.9,0,1
balanced_visible,inftask,4,,1.0,0,0.6705,0.6607755422592163,0.0,0.09090909090909091,main_eval,,0.1,0.9,0,0
balanced_visible,iro,0,,0.0,0,0.6826,0.627368837594986,0.0,0.09090909090909091,main_eval,,0.1,0.9,0,0
balanced_visible,iro,0,,0.1,2000,0.6772,0.6319457590579987,0.25,0.09090909090909091,main_eval,,0.1,0.9,1,0
balanced_visible,iro,0,,0.2,2000,0.6697,0.6338836550712585,0.25,0.09090909090909091,main_eval,,0.1,0.9,0,0
balanced_visible,iro,0,,0.3,0,0.6837,0.6235221922397614,0.0,0.09090909090909091,main_eval,,0.1,0.9,0,0
balanced_visible,iro,0,,0.4,0,0.6782,0.6253894567489624,0.0,0.09090909090909091,main_eval,,0.1,0.9,0,0
balanced_visible,iro,0,,0.5,2000,0.6773,0.630048006772995,0.25,0.09090909090909091,main_eval,,0.1,0.9,0,0
balanced_visible,iro,0,,0.6,0,0.677,0.6293827891349792,0.0,0.09090909090909091,main_eval,,0.1,0.9,0,0
balanced_visible,iro,0,,0.7,0,0.6685,0.6346361041069031,0.0,0.09090909090909091,main_eval,,0.1,0.9,0,0
balanced_visible,iro,0,,0.8,0,0.6642,0.6415053904056549,0.0,0.09090909090909091,main_eval,,0.1,0.9,0,0
balanced_visible,iro,0,,0.9,2000,0.6589,0.6463420391082764,0.25,0.09090909090909091,main_eval,,0.1,0.9,0,1
balanced_visible,iro,0,,1.0,0,0.657,0.6477014720439911,0.0,0.09090909090909091,main_eval,,0.1,0.9,0,0
missing_tail,erm,4,,0.0,0,0.9476,0.12663258239626884,0.0,0.09090909090909091,main_eval,,0.1,0.9,0,0
missing_tail,erm,4,,0.1,6000,0.8633,0.5513820350170135,0.75,0.09090909090909091,main_eval,,0.1,0.9,1,0
missing_tail,erm,4,,0.2,1500,0.7874,0.9632781147956848,0.1875,0.09090909090909091,main_eval,,0.1,0.9,0,0
missing_tail,erm,4,,0.3,0,0.7045,1.389664649963379,0.0,0.09090909090909091,main_eval,,0.1,0.9,0,0
missing_tail,erm,4,,0.4,0,0.626,1.7893343567848206,0.0,0.09090909090909091,main_eval,,0.1,0.9,0,0
missing_tail,erm,4,,0.5,500,0.542,2.1746487617492676,0.0625,0.09090909090909091,main_eval,,0.1,0.9,0,0
missing_tail,erm,4,,0.6,0,0.4601,2.6459187269210815,0.0,0.09090909090909091,main_eval,,0.1,0.9,0,0
missing_tail,erm,4,,0.7,0,0.3804,3.0732455253601074,0.0,0.09090909090909091,main_eval,,0.1,0.9,0,0
missing_tail,erm,4,,0.8,0,0.3018,3.421536087989807,0.0,0.09090909090909091,main_eval,,0.1,0.9,0,0
missing_tail,erm,4,,0.9,0,0.2146,3.9167710542678833,0.0,0.09090909090909091,main_eval,,0.1,0.9,0,1
missing_tail,erm,4,,1.0,0,0.1416,4.254736423492432,0.0,0.09090909090909091,main_eval,,0.1,0.9,0,0
balanced_visible,groupdro,1,,0.0,0,0.7158,0.8693225383758545,0.0,0.09090909090909091,main_eval,,0.1,0.9,0,0
balanced_visible,groupdro,1,,0.1,2000,0.7076,0.9111317098140717,0.25,0.09090909090909091,main_eval,,0.1,0.9,1,0
balanced_visible,groupdro,1,,0.2,2000,0.6831,1.0034775137901306,0.25,0.09090909090909091,main_eval,,0.1,0.9,0,0
balanced_visible,groupdro,1,,0.3,0,0.6686,1.0625649094581604,0.0,0.09090909090909091,main_eval,,0.1,0.9,0,0
balanced_visible,groupdro,1,,0.4,0,0.651,1.1311651468276978,0.0,0.09090909090909091,main_eval,,0.1,0.9,0,0
balanced_visible,groupdro,1,,0.5,2000,0.6425,1.1753955483436584,0.25,0.09090909090909091,main_eval,,0.1,0.9,0,0
balanced_visible,groupdro,1,,0.6,0,0.6295,1.2385179996490479,0.0,0.09090909090909091,main_eval,,0.1,0.9,0,0
balanced_visible,groupdro,1,,0.7,0,0.614,1.2992922067642212,0.0,0.09090909090909091,main_eval,,0.1,0.9,0,0
balanced_visible,groupdro,1,,0.8,0,0.5989,1.3715741038322449,0.0,0.09090909090909091,main_eval,,0.1,0.9,0,0
balanced_visible,groupdro,1,,0.9,2000,0.5865,1.412000060081482,0.25,0.09090909090909091,main_eval,,0.1,0.9,0,1
balanced_visible,groupdro,1,,1.0,0,0.5679,1.4801648259162903,0.0,0.09090909090909091,main_eval,,0.1,0.9,0,0
balanced_visible,inftask,2,,0.0,0,0.7129,0.6160561740398407,0.0,0.09090909090909091,main_eval,,0.1,0.9,0,0
balanced_visible,inftask,2,,0.1,2000,0.7038,0.6222115755081177,0.25,0.09090909090909091,main_eval,,0.1,0.9,1,0
balanced_visible,inftask,2,,0.2,2000,0.6948,0.6282217800617218,0.25,0.09090909090909091,main_eval,,0.1,0.9,0,0
balanced_visible,inftask,2,,0.3,0,0.6643,0.6312745809555054,0.0,0.09090909090909091,main_eval,,0.1,0.9,0,0
balanced_visible,inftask,2,,0.4,0,0.6681,0.630311131477356,0.0,0.09090909090909091,main_eval,,0.1,0.9,0,0
balanced_visible,inftask,2,,0.5,2000,0.6627,0.6354897320270538,0.25,0.09090909090909091,main_eval,,0.1,0.9,0,0
balanced_visible,inftask,2,,0.6,0,0.6626,0.6387364268302917,0.0,0.09090909090909091,main_eval,,0.1,0.9,0,0
balanced_visible,inftask,2,,0.7,0,0.6593,0.6424594521522522,0.0,0.09090909090909091,main_eval,,0.1,0.9,0,0
balanced_visible,inftask,2,,0.8,0,0.6467,0.6517950892448425,0.0,0.09090909090909091,main_eval,,0.1,0.9,0,0
balanced_visible,inftask,2,,0.9,2000,0.6512,0.6509637832641602,0.25,0.09090909090909091,main_eval,,0.1,0.9,0,1
balanced_visible,inftask,2,,1.0,0,0.6437,0.6556108593940735,0.0,0.09090909090909091,main_eval,,0.1,0.9,0,0
long_tail_visible,iro,2,,0.0,0,0.7862,0.517618328332901,0.0,0.09090909090909091,main_eval,,0.1,0.9,0,0
long_tail_visible,iro,2,,0.1,5000,0.7623,0.5382592082023621,0.625,0.09090909090909091,main_eval,,0.1,0.9,1,0
long_tail_visible,iro,2,,0.2,2000,0.7375,0.5607705414295197,0.25,0.09090909090909091,main_eval,,0.1,0.9,0,0
long_tail_visible,iro,2,,0.3,0,0.704,0.5819123983383179,0.0,0.09090909090909091,main_eval,,0.1,0.9,0,0
long_tail_visible,iro,2,,0.4,0,0.6721,0.6290787756443024,0.0,0.09090909090909091,main_eval,,0.1,0.9,0,0
long_tail_visible,iro,2,,0.5,800,0.6654,0.6492281854152679,0.1,0.09090909090909091,main_eval,,0.1,0.9,0,0
long_tail_visible,iro,2,,0.6,0,0.633,0.6887219548225403,0.0,0.09090909090909091,main_eval,,0.1,0.9,0,0
long_tail_visible,iro,2,,0.7,0,0.6048,0.7310176491737366,0.0,0.09090909090909091,main_eval,,0.1,0.9,0,0
long_tail_visible,iro,2,,0.8,0,0.5845,0.7608397305011749,0.0,0.09090909090909091,main_eval,,0.1,0.9,0,0
long_tail_visible,iro,2,,0.9,200,0.5665,0.7863937616348267,0.025,0.09090909090909091,main_eval,,0.1,0.9,0,1
long_tail_visible,iro,2,,1.0,0,0.5409,0.8301855325698853,0.0,0.09090909090909091,main_eval,,0.1,0.9,0,0
near_missing_tail,irm,4,,0.0,0,0.8045,0.44493532180786133,0.0,0.09090909090909091,main_eval,,0.1,0.9,0,0
near_missing_tail,irm,4,,0.1,5800,0.7671,0.5491536557674408,0.725,0.09090909090909091,main_eval,,0.1,0.9,1,0
near_missing_tail,irm,4,,0.2,1800,0.7369,0.6468388736248016,0.225,0.09090909090909091,main_eval,,0.1,0.9,0,0
near_missing_tail,irm,4,,0.3,0,0.6913,0.7881353795528412,0.0,0.09090909090909091,main_eval,,0.1,0.9,0,0
near_missing_tail,irm,4,,0.4,0,0.6586,0.8732006549835205,0.0,0.09090909090909091,main_eval,,0.1,0.9,0,0
near_missing_tail,irm,4,,0.5,350,0.6155,1.009796679019928,0.04375,0.09090909090909091,main_eval,,0.1,0.9,0,0
near_missing_tail,irm,4,,0.6,0,0.5826,1.1014846563339233,0.0,0.09090909090909091,main_eval,,0.1,0.9,0,0
near_missing_tail,irm,4,,0.7,0,0.5349,1.2379737496376038,0.0,0.09090909090909091,main_eval,,0.1,0.9,0,0
near_missing_tail,irm,4,,0.8,0,0.5017,1.337607979774475,0.0,0.09090909090909091,main_eval,,0.1,0.9,0,0
near_missing_tail,irm,4,,0.9,50,0.4656,1.4549669027328491,0.00625,0.09090909090909091,main_eval,,0.1,0.9,0,1
near_missing_tail,irm,4,,1.0,0,0.4399,1.5407498478889465,0.0,0.09090909090909091,main_eval,,0.1,0.9,0,0
balanced_visible,iro,1,,0.0,0,0.7083,0.6251499652862549,0.0,0.09090909090909091,main_eval,,0.1,0.9,0,0
balanced_visible,iro,1,,0.1,2000,0.7096,0.6251581013202667,0.25,0.09090909090909091,main_eval,,0.1,0.9,1,0
balanced_visible,iro,1,,0.2,2000,0.7025,0.6302257180213928,0.25,0.09090909090909091,main_eval,,0.1,0.9,0,0
balanced_visible,iro,1,,0.3,0,0.6958,0.611464649438858,0.0,0.09090909090909091,main_eval,,0.1,0.9,0,0
balanced_visible,iro,1,,0.4,0,0.6865,0.6220920085906982,0.0,0.09090909090909091,main_eval,,0.1,0.9,0,0
balanced_visible,iro,1,,0.5,2000,0.6878,0.621482640504837,0.25,0.09090909090909091,main_eval,,0.1,0.9,0,0
balanced_visible,iro,1,,0.6,0,0.6772,0.6358480453491211,0.0,0.09090909090909091,main_eval,,0.1,0.9,0,0
balanced_visible,iro,1,,0.7,0,0.6774,0.6364817023277283,0.0,0.09090909090909091,main_eval,,0.1,0.9,0,0
balanced_visible,iro,1,,0.8,0,0.659,0.6542599201202393,0.0,0.09090909090909091,main_eval,,0.1,0.9,0,0
balanced_visible,iro,1,,0.9,2000,0.6588,0.6566876471042633,0.25,0.09090909090909091,main_eval,,0.1,0.9,0,1
balanced_visible,iro,1,,1.0,0,0.6483,0.6595703661441803,0.0,0.09090909090909091,main_eval,,0.1,0.9,0,0
long_tail_visible,groupdro,1,,0.0,0,0.9039,0.24256445467472076,0.0,0.09090909090909091,main_eval,,0.1,0.9,0,0
long_tail_visible,groupdro,1,,0.1,5000,0.8351,0.5205741226673126,0.625,0.09090909090909091,main_eval,,0.1,0.9,1,0
long_tail_visible,groupdro,1,,0.2,2000,0.7685,0.8268003761768341,0.25,0.09090909090909091,main_eval,,0.1,0.9,0,0
long_tail_visible,groupdro,1,,0.3,0,0.6991,1.1311972737312317,0.0,0.09090909090909091,main_eval,,0.1,0.9,0,0
long_tail_visible,groupdro,1,,0.4,0,0.6373,1.4208623766899109,0.0,0.09090909090909091,main_eval,,0.1,0.9,0,0
long_tail_visible,groupdro,1,,0.5,800,0.5629,1.692244291305542,0.1,0.09090909090909091,main_eval,,0.1,0.9,0,0
long_tail_visible,groupdro,1,,0.6,0,0.5014,1.994997799396515,0.0,0.09090909090909091,main_eval,,0.1,0.9,0,0
long_tail_visible,groupdro,1,,0.7,0,0.4383,2.2655128240585327,0.0,0.09090909090909091,main_eval,,0.1,0.9,0,0
long_tail_visible,groupdro,1,,0.8,0,0.3694,2.5824570655822754,0.0,0.09090909090909091,main_eval,,0.1,0.9,0,0
long_tail_visible,groupdro,1,,0.9,200,0.3013,2.858288049697876,0.025,0.09090909090909091,main_eval,,0.1,0.9,0,1
long_tail_visible,groupdro,1,,1.0,0,0.2362,3.136914372444153,0.0,0.09090909090909091,main_eval,,0.1,0.9,0,0
near_missing_tail,iro,4,,0.0,0,0.8756,0.4317805618047714,0.0,0.09090909090909091,main_eval,,0.1,0.9,0,0
near_missing_tail,iro,4,,0.1,5800,0.8178,0.48033204674720764,0.725,0.09090909090909091,main_eval,,0.1,0.9,1,0
near_missing_tail,iro,4,,0.2,1800,0.7662,0.5259088277816772,0.225,0.09090909090909091,main_eval,,0.1,0.9,0,0
near_missing_tail,iro,4,,0.3,0,0.7153,0.5846717655658722,0.0,0.09090909090909091,main_eval,,0.1,0.9,0,0
near_missing_tail,iro,4,,0.4,0,0.656,0.6645861566066742,0.0,0.09090909090909091,main_eval,,0.1,0.9,0,0
near_missing_tail,iro,4,,0.5,350,0.6173,0.7290284037590027,0.04375,0.09090909090909091,main_eval,,0.1,0.9,0,0
near_missing_tail,iro,4,,0.6,0,0.5581,0.8141728639602661,0.0,0.09090909090909091,main_eval,,0.1,0.9,0,0
near_missing_tail,iro,4,,0.7,0,0.5133,0.8793634474277496,0.0,0.09090909090909091,main_eval,,0.1,0.9,0,0
near_missing_tail,iro,4,,0.8,0,0.4662,0.9512566328048706,0.0,0.09090909090909091,main_eval,,0.1,0.9,0,0
near_missing_tail,iro,4,,0.9,50,0.4028,1.0497639179229736,0.00625,0.09090909090909091,main_eval,,0.1,0.9,0,1
near_missing_tail,iro,4,,1.0,0,0.3652,1.1115736365318298,0.0,0.09090909090909091,main_eval,,0.1,0.9,0,0
balanced_visible,iro,4,,0.0,0,0.6959,0.599483996629715,0.0,0.09090909090909091,main_eval,,0.1,0.9,0,0
balanced_visible,iro,4,,0.1,2000,0.6885,0.6059790551662445,0.25,0.09090909090909091,main_eval,,0.1,0.9,1,0
balanced_visible,iro,4,,0.2,2000,0.6898,0.6097326278686523,0.25,0.09090909090909091,main_eval,,0.1,0.9,0,0
balanced_visible,iro,4,,0.3,0,0.6932,0.6179084479808807,0.0,0.09090909090909091,main_eval,,0.1,0.9,0,0
balanced_visible,iro,4,,0.4,0,0.6846,0.6264611482620239,0.0,0.09090909090909091,main_eval,,0.1,0.9,0,0
balanced_visible,iro,4,,0.5,2000,0.6896,0.6298809349536896,0.25,0.09090909090909091,main_eval,,0.1,0.9,0,0
balanced_visible,iro,4,,0.6,0,0.6791,0.648848682641983,0.0,0.09090909090909091,main_eval,,0.1,0.9,0,0
balanced_visible,iro,4,,0.7,0,0.6856,0.6413165032863617,0.0,0.09090909090909091,main_eval,,0.1,0.9,0,0
balanced_visible,iro,4,,0.8,0,0.6807,0.650431752204895,0.0,0.09090909090909091,main_eval,,0.1,0.9,0,0
balanced_visible,iro,4,,0.9,2000,0.6649,0.6752687096595764,0.25,0.09090909090909091,main_eval,,0.1,0.9,0,1
balanced_visible,iro,4,,1.0,0,0.6713,0.6751919388771057,0.0,0.09090909090909091,main_eval,,0.1,0.9,0,0
long_tail_visible,inftask,2,,0.0,0,0.7895,0.5313487350940704,0.0,0.09090909090909091,main_eval,,0.1,0.9,0,0
long_tail_visible,inftask,2,,0.1,5000,0.7575,0.5530849993228912,0.625,0.09090909090909091,main_eval,,0.1,0.9,1,0
long_tail_visible,inftask,2,,0.2,2000,0.7293,0.578029066324234,0.25,0.09090909090909091,main_eval,,0.1,0.9,0,0
long_tail_visible,inftask,2,,0.3,0,0.6995,0.5886485576629639,0.0,0.09090909090909091,main_eval,,0.1,0.9,0,0
long_tail_visible,inftask,2,,0.4,0,0.6828,0.6165721118450165,0.0,0.09090909090909091,main_eval,,0.1,0.9,0,0
long_tail_visible,inftask,2,,0.5,800,0.6655,0.6446049809455872,0.1,0.09090909090909091,main_eval,,0.1,0.9,0,0
long_tail_visible,inftask,2,,0.6,0,0.6426,0.6778950691223145,0.0,0.09090909090909091,main_eval,,0.1,0.9,0,0
long_tail_visible,inftask,2,,0.7,0,0.6147,0.7062490582466125,0.0,0.09090909090909091,main_eval,,0.1,0.9,0,0
long_tail_visible,inftask,2,,0.8,0,0.5887,0.7440184056758881,0.0,0.09090909090909091,main_eval,,0.1,0.9,0,0
long_tail_visible,inftask,2,,0.9,200,0.5657,0.7706239521503448,0.025,0.09090909090909091,main_eval,,0.1,0.9,0,1
long_tail_visible,inftask,2,,1.0,0,0.5466,0.8003120422363281,0.0,0.09090909090909091,main_eval,,0.1,0.9,0,0
missing_tail,irm,1,,0.0,0,0.8109,0.438863068819046,0.0,0.09090909090909091,main_eval,,0.1,0.9,0,0
missing_tail,irm,1,,0.1,6000,0.7702,0.5385943055152893,0.75,0.09090909090909091,main_eval,,0.1,0.9,1,0
missing_tail,irm,1,,0.2,1500,0.7274,0.6538961231708527,0.1875,0.09090909090909091,main_eval,,0.1,0.9,0,0
missing_tail,irm,1,,0.3,0,0.6911,0.7650823295116425,0.0,0.09090909090909091,main_eval,,0.1,0.9,0,0
missing_tail,irm,1,,0.4,0,0.6572,0.8767530918121338,0.0,0.09090909090909091,main_eval,,0.1,0.9,0,0
missing_tail,irm,1,,0.5,500,0.6259,0.9608253538608551,0.0625,0.09090909090909091,main_eval,,0.1,0.9,0,0
missing_tail,irm,1,,0.6,0,0.5827,1.0740070343017578,0.0,0.09090909090909091,main_eval,,0.1,0.9,0,0
missing_tail,irm,1,,0.7,0,0.5496,1.1746008396148682,0.0,0.09090909090909091,main_eval,,0.1,0.9,0,0
missing_tail,irm,1,,0.8,0,0.5124,1.2652294635772705,0.0,0.09090909090909091,main_eval,,0.1,0.9,0,0
missing_tail,irm,1,,0.9,0,0.4812,1.3647003173828125,0.0,0.09090909090909091,main_eval,,0.1,0.9,0,1
missing_tail,irm,1,,1.0,0,0.4381,1.4926206469535828,0.0,0.09090909090909091,main_eval,,0.1,0.9,0,0
long_tail_visible,inftask,0,,0.0,0,0.7741,0.5871018767356873,0.0,0.09090909090909091,main_eval,,0.1,0.9,0,0
long_tail_visible,inftask,0,,0.1,5000,0.7446,0.5988160967826843,0.625,0.09090909090909091,main_eval,,0.1,0.9,1,0
long_tail_visible,inftask,0,,0.2,2000,0.7159,0.6108195185661316,0.25,0.09090909090909091,main_eval,,0.1,0.9,0,0
long_tail_visible,inftask,0,,0.3,0,0.6993,0.595486581325531,0.0,0.09090909090909091,main_eval,,0.1,0.9,0,0
long_tail_visible,inftask,0,,0.4,0,0.6776,0.6153600513935089,0.0,0.09090909090909091,main_eval,,0.1,0.9,0,0
long_tail_visible,inftask,0,,0.5,800,0.6545,0.6397268772125244,0.1,0.09090909090909091,main_eval,,0.1,0.9,0,0
long_tail_visible,inftask,0,,0.6,0,0.6385,0.656267374753952,0.0,0.09090909090909091,main_eval,,0.1,0.9,0,0
long_tail_visible,inftask,0,,0.7,0,0.603,0.686985194683075,0.0,0.09090909090909091,main_eval,,0.1,0.9,0,0
long_tail_visible,inftask,0,,0.8,0,0.589,0.7052470743656158,0.0,0.09090909090909091,main_eval,,0.1,0.9,0,0
long_tail_visible,inftask,0,,0.9,200,0.5661,0.7247174680233002,0.025,0.09090909090909091,main_eval,,0.1,0.9,0,1
long_tail_visible,inftask,0,,1.0,0,0.5393,0.7516330480575562,0.0,0.09090909090909091,main_eval,,0.1,0.9,0,0
balanced_visible,iro,2,,0.0,0,0.7051,0.6164172887802124,0.0,0.09090909090909091,main_eval,,0.1,0.9,0,0
balanced_visible,iro,2,,0.1,2000,0.7035,0.6173976063728333,0.25,0.09090909090909091,main_eval,,0.1,0.9,1,0
balanced_visible,iro,2,,0.2,2000,0.7063,0.6194278001785278,0.25,0.09090909090909091,main_eval,,0.1,0.9,0,0
balanced_visible,iro,2,,0.3,0,0.6729,0.626765102148056,0.0,0.09090909090909091,main_eval,,0.1,0.9,0,0
balanced_visible,iro,2,,0.4,0,0.6625,0.6390548348426819,0.0,0.09090909090909091,main_eval,,0.1,0.9,0,0
balanced_visible,iro,2,,0.5,2000,0.6757,0.6290719211101532,0.25,0.09090909090909091,main_eval,,0.1,0.9,0,0
balanced_visible,iro,2,,0.6,0,0.6638,0.6354084312915802,0.0,0.09090909090909091,main_eval,,0.1,0.9,0,0
balanced_visible,iro,2,,0.7,0,0.6603,0.6466286182403564,0.0,0.09090909090909091,main_eval,,0.1,0.9,0,0
balanced_visible,iro,2,,0.8,0,0.6564,0.6497921645641327,0.0,0.09090909090909091,main_eval,,0.1,0.9,0,0
balanced_visible,iro,2,,0.9,2000,0.6605,0.6460074186325073,0.25,0.09090909090909091,main_eval,,0.1,0.9,0,1
balanced_visible,iro,2,,1.0,0,0.6551,0.6518926918506622,0.0,0.09090909090909091,main_eval,,0.1,0.9,0,0
near_missing_tail,iro,2,,0.0,0,0.8631,0.4351203441619873,0.0,0.09090909090909091,main_eval,,0.1,0.9,0,0
near_missing_tail,iro,2,,0.1,5800,0.8164,0.47848860919475555,0.725,0.09090909090909091,main_eval,,0.1,0.9,1,0
near_missing_tail,iro,2,,0.2,1800,0.7629,0.525953084230423,0.225,0.09090909090909091,main_eval,,0.1,0.9,0,0
near_missing_tail,iro,2,,0.3,0,0.7112,0.5760137736797333,0.0,0.09090909090909091,main_eval,,0.1,0.9,0,0
near_missing_tail,iro,2,,0.4,0,0.654,0.6629290878772736,0.0,0.09090909090909091,main_eval,,0.1,0.9,0,0
near_missing_tail,iro,2,,0.5,350,0.6203,0.7163296341896057,0.04375,0.09090909090909091,main_eval,,0.1,0.9,0,0
near_missing_tail,iro,2,,0.6,0,0.5625,0.8002777099609375,0.0,0.09090909090909091,main_eval,,0.1,0.9,0,0
near_missing_tail,iro,2,,0.7,0,0.5111,0.885067880153656,0.0,0.09090909090909091,main_eval,,0.1,0.9,0,0
near_missing_tail,iro,2,,0.8,0,0.4726,0.9430960714817047,0.0,0.09090909090909091,main_eval,,0.1,0.9,0,0
near_missing_tail,iro,2,,0.9,50,0.4229,1.0168696641921997,0.00625,0.09090909090909091,main_eval,,0.1,0.9,0,1
near_missing_tail,iro,2,,1.0,0,0.375,1.0964677333831787,0.0,0.09090909090909091,main_eval,,0.1,0.9,0,0
missing_tail,groupdro,0,,0.0,0,0.9316,0.18053510040044785,0.0,0.09090909090909091,main_eval,,0.1,0.9,0,0
missing_tail,groupdro,0,,0.1,6000,0.8661,0.49576161801815033,0.75,0.09090909090909091,main_eval,,0.1,0.9,1,0
missing_tail,groupdro,0,,0.2,1500,0.7816,0.9307837784290314,0.1875,0.09090909090909091,main_eval,,0.1,0.9,0,0
missing_tail,groupdro,0,,0.3,0,0.7045,1.2841563820838928,0.0,0.09090909090909091,main_eval,,0.1,0.9,0,0
missing_tail,groupdro,0,,0.4,0,0.6191,1.717354953289032,0.0,0.09090909090909091,main_eval,,0.1,0.9,0,0
missing_tail,groupdro,0,,0.5,500,0.5497,2.054323434829712,0.0625,0.09090909090909091,main_eval,,0.1,0.9,0,0
missing_tail,groupdro,0,,0.6,0,0.4785,2.411665916442871,0.0,0.09090909090909091,main_eval,,0.1,0.9,0,0
missing_tail,groupdro,0,,0.7,0,0.4003,2.790178656578064,0.0,0.09090909090909091,main_eval,,0.1,0.9,0,0
missing_tail,groupdro,0,,0.8,0,0.3305,3.129670262336731,0.0,0.09090909090909091,main_eval,,0.1,0.9,0,0
missing_tail,groupdro,0,,0.9,0,0.2566,3.5249624252319336,0.0,0.09090909090909091,main_eval,,0.1,0.9,0,1
missing_tail,groupdro,0,,1.0,0,0.1765,3.8821425437927246,0.0,0.09090909090909091,main_eval,,0.1,0.9,0,0
balanced_visible,irm,1,,0.0,0,0.7144,0.7478266358375549,0.0,0.09090909090909091,main_eval,,0.1,0.9,0,0
balanced_visible,irm,1,,0.1,2000,0.7113,0.7699010074138641,0.25,0.09090909090909091,main_eval,,0.1,0.9,1,0
balanced_visible,irm,1,,0.2,2000,0.6916,0.8292152285575867,0.25,0.09090909090909091,main_eval,,0.1,0.9,0,0
balanced_visible,irm,1,,0.3,0,0.6782,0.8771707713603973,0.0,0.09090909090909091,main_eval,,0.1,0.9,0,0
balanced_visible,irm,1,,0.4,0,0.6691,0.918024480342865,0.0,0.09090909090909091,main_eval,,0.1,0.9,0,0
balanced_visible,irm,1,,0.5,2000,0.6628,0.9413706362247467,0.25,0.09090909090909091,main_eval,,0.1,0.9,0,0
balanced_visible,irm,1,,0.6,0,0.654,0.9802142083644867,0.0,0.09090909090909091,main_eval,,0.1,0.9,0,0
balanced_visible,irm,1,,0.7,0,0.6413,1.0252971649169922,0.0,0.09090909090909091,main_eval,,0.1,0.9,0,0
balanced_visible,irm,1,,0.8,0,0.6298,1.0710081458091736,0.0,0.09090909090909091,main_eval,,0.1,0.9,0,0
balanced_visible,irm,1,,0.9,2000,0.6221,1.0973581671714783,0.25,0.09090909090909091,main_eval,,0.1,0.9,0,1
balanced_visible,irm,1,,1.0,0,0.6099,1.1378836631774902,0.0,0.09090909090909091,main_eval,,0.1,0.9,0,0
long_tail_visible,inftask,4,,0.0,0,0.7969,0.5319923758506775,0.0,0.09090909090909091,main_eval,,0.1,0.9,0,0
long_tail_visible,inftask,4,,0.1,5000,0.769,0.5554920732975006,0.625,0.09090909090909091,main_eval,,0.1,0.9,1,0
long_tail_visible,inftask,4,,0.2,2000,0.7397,0.5752173662185669,0.25,0.09090909090909091,main_eval,,0.1,0.9,0,0
long_tail_visible,inftask,4,,0.3,0,0.7025,0.5869292616844177,0.0,0.09090909090909091,main_eval,,0.1,0.9,0,0
long_tail_visible,inftask,4,,0.4,0,0.6797,0.6234470009803772,0.0,0.09090909090909091,main_eval,,0.1,0.9,0,0
long_tail_visible,inftask,4,,0.5,800,0.6572,0.645993173122406,0.1,0.09090909090909091,main_eval,,0.1,0.9,0,0
long_tail_visible,inftask,4,,0.6,0,0.6218,0.6881838142871857,0.0,0.09090909090909091,main_eval,,0.1,0.9,0,0
long_tail_visible,inftask,4,,0.7,0,0.6004,0.7189109623432159,0.0,0.09090909090909091,main_eval,,0.1,0.9,0,0
long_tail_visible,inftask,4,,0.8,0,0.5813,0.7411048412322998,0.0,0.09090909090909091,main_eval,,0.1,0.9,0,0
long_tail_visible,inftask,4,,0.9,200,0.5477,0.7867656648159027,0.025,0.09090909090909091,main_eval,,0.1,0.9,0,1
long_tail_visible,inftask,4,,1.0,0,0.5274,0.8124604225158691,0.0,0.09090909090909091,main_eval,,0.1,0.9,0,0
balanced_visible,irm,3,,0.0,0,0.6914,0.8627186715602875,0.0,0.09090909090909091,main_eval,,0.1,0.9,0,0
balanced_visible,irm,3,,0.1,2000,0.6833,0.900543600320816,0.25,0.09090909090909091,main_eval,,0.1,0.9,1,0
balanced_visible,irm,3,,0.2,2000,0.6844,0.885389119386673,0.25,0.09090909090909091,main_eval,,0.1,0.9,0,0
balanced_visible,irm,3,,0.3,0,0.6819,0.8960073590278625,0.0,0.09090909090909091,main_eval,,0.1,0.9,0,0
balanced_visible,irm,3,,0.4,0,0.6781,0.9226292371749878,0.0,0.09090909090909091,main_eval,,0.1,0.9,0,0
balanced_visible,irm,3,,0.5,2000,0.6646,0.9424571990966797,0.25,0.09090909090909091,main_eval,,0.1,0.9,0,0
balanced_visible,irm,3,,0.6,0,0.6595,0.9560230076313019,0.0,0.09090909090909091,main_eval,,0.1,0.9,0,0
balanced_visible,irm,3,,0.7,0,0.6562,0.9891136288642883,0.0,0.09090909090909091,main_eval,,0.1,0.9,0,0
balanced_visible,irm,3,,0.8,0,0.6509,0.9909859299659729,0.0,0.09090909090909091,main_eval,,0.1,0.9,0,0
balanced_visible,irm,3,,0.9,2000,0.6596,0.9883553087711334,0.25,0.09090909090909091,main_eval,,0.1,0.9,0,1
balanced_visible,irm,3,,1.0,0,0.6509,1.0078547894954681,0.0,0.09090909090909091,main_eval,,0.1,0.9,0,0
balanced_visible,inftask,3,,0.0,0,0.6613,0.6482351720333099,0.0,0.09090909090909091,main_eval,,0.1,0.9,0,0
balanced_visible,inftask,3,,0.1,2000,0.6558,0.6508258581161499,0.25,0.09090909090909091,main_eval,,0.1,0.9,1,0
balanced_visible,inftask,3,,0.2,2000,0.6582,0.6484900116920471,0.25,0.09090909090909091,main_eval,,0.1,0.9,0,0
balanced_visible,inftask,3,,0.3,0,0.6549,0.6380938589572906,0.0,0.09090909090909091,main_eval,,0.1,0.9,0,0
balanced_visible,inftask,3,,0.4,0,0.6586,0.635268896818161,0.0,0.09090909090909091,main_eval,,0.1,0.9,0,0
balanced_visible,inftask,3,,0.5,2000,0.6611,0.6348216235637665,0.25,0.09090909090909091,main_eval,,0.1,0.9,0,0
balanced_visible,inftask,3,,0.6,0,0.6573,0.6380564272403717,0.0,0.09090909090909091,main_eval,,0.1,0.9,0,0
balanced_visible,inftask,3,,0.7,0,0.6623,0.6336890757083893,0.0,0.09090909090909091,main_eval,,0.1,0.9,0,0
balanced_visible,inftask,3,,0.8,0,0.6522,0.6417356431484222,0.0,0.09090909090909091,main_eval,,0.1,0.9,0,0
balanced_visible,inftask,3,,0.9,2000,0.6616,0.6346372961997986,0.25,0.09090909090909091,main_eval,,0.1,0.9,0,1
balanced_visible,inftask,3,,1.0,0,0.6619,0.6342109739780426,0.0,0.09090909090909091,main_eval,,0.1,0.9,0,0
missing_tail,groupdro,3,,0.0,0,0.935,0.16186799108982086,0.0,0.09090909090909091,main_eval,,0.1,0.9,0,0
missing_tail,groupdro,3,,0.1,6000,0.8587,0.5668463110923767,0.75,0.09090909090909091,main_eval,,0.1,0.9,1,0
missing_tail,groupdro,3,,0.2,1500,0.7803,0.9578306972980499,0.1875,0.09090909090909091,main_eval,,0.1,0.9,0,0
missing_tail,groupdro,3,,0.3,0,0.7027,1.3646700382232666,0.0,0.09090909090909091,main_eval,,0.1,0.9,0,0
missing_tail,groupdro,3,,0.4,0,0.6221,1.786621630191803,0.0,0.09090909090909091,main_eval,,0.1,0.9,0,0
missing_tail,groupdro,3,,0.5,500,0.5437,2.1439173221588135,0.0625,0.09090909090909091,main_eval,,0.1,0.9,0,0
missing_tail,groupdro,3,,0.6,0,0.4801,2.513733148574829,0.0,0.09090909090909091,main_eval,,0.1,0.9,0,0
missing_tail,groupdro,3,,0.7,0,0.4018,2.9245024919509888,0.0,0.09090909090909091,main_eval,,0.1,0.9,0,0
missing_tail,groupdro,3,,0.8,0,0.3171,3.349424123764038,0.0,0.09090909090909091,main_eval,,0.1,0.9,0,0
missing_tail,groupdro,3,,0.9,0,0.2461,3.708272933959961,0.0,0.09090909090909091,main_eval,,0.1,0.9,0,1
missing_tail,groupdro,3,,1.0,0,0.1652,4.1691107749938965,0.0,0.09090909090909091,main_eval,,0.1,0.9,0,0
near_missing_tail,irm,3,,0.0,0,0.8421,0.3907296806573868,0.0,0.09090909090909091,main_eval,,0.1,0.9,0,0
near_missing_tail,irm,3,,0.1,5800,0.7837,0.5551825761795044,0.725,0.09090909090909091,main_eval,,0.1,0.9,1,0
near_missing_tail,irm,3,,0.2,1800,0.7399,0.7040400803089142,0.225,0.09090909090909091,main_eval,,0.1,0.9,0,0
near_missing_tail,irm,3,,0.3,0,0.7041,0.8329907953739166,0.0,0.09090909090909091,main_eval,,0.1,0.9,0,0
near_missing_tail,irm,3,,0.4,0,0.6534,0.9813947975635529,0.0,0.09090909090909091,main_eval,,0.1,0.9,0,0
near_missing_tail,irm,3,,0.5,350,0.6106,1.1261783838272095,0.04375,0.09090909090909091,main_eval,,0.1,0.9,0,0
near_missing_tail,irm,3,,0.6,0,0.5661,1.2650806903839111,0.0,0.09090909090909091,main_eval,,0.1,0.9,0,0
near_missing_tail,irm,3,,0.7,0,0.5189,1.4253756403923035,0.0,0.09090909090909091,main_eval,,0.1,0.9,0,0
near_missing_tail,irm,3,,0.8,0,0.4745,1.5684961080551147,0.0,0.09090909090909091,main_eval,,0.1,0.9,0,0
near_missing_tail,irm,3,,0.9,50,0.4364,1.701233148574829,0.00625,0.09090909090909091,main_eval,,0.1,0.9,0,1
near_missing_tail,irm,3,,1.0,0,0.3842,1.8705320358276367,0.0,0.09090909090909091,main_eval,,0.1,0.9,0,0
long_tail_visible,inftask,1,,0.0,0,0.7884,0.5684527158737183,0.0,0.09090909090909091,main_eval,,0.1,0.9,0,0
long_tail_visible,inftask,1,,0.1,5000,0.7657,0.5818914771080017,0.625,0.09090909090909091,main_eval,,0.1,0.9,1,0
long_tail_visible,inftask,1,,0.2,2000,0.7303,0.6000302135944366,0.25,0.09090909090909091,main_eval,,0.1,0.9,0,0
long_tail_visible,inftask,1,,0.3,0,0.7014,0.5933446884155273,0.0,0.09090909090909091,main_eval,,0.1,0.9,0,0
long_tail_visible,inftask,1,,0.4,0,0.6744,0.6291128098964691,0.0,0.09090909090909091,main_eval,,0.1,0.9,0,0
long_tail_visible,inftask,1,,0.5,800,0.6475,0.6533796191215515,0.1,0.09090909090909091,main_eval,,0.1,0.9,0,0
long_tail_visible,inftask,1,,0.6,0,0.6182,0.7012163400650024,0.0,0.09090909090909091,main_eval,,0.1,0.9,0,0
long_tail_visible,inftask,1,,0.7,0,0.5962,0.7197413146495819,0.0,0.09090909090909091,main_eval,,0.1,0.9,0,0
long_tail_visible,inftask,1,,0.8,0,0.5539,0.7670831978321075,0.0,0.09090909090909091,main_eval,,0.1,0.9,0,0
long_tail_visible,inftask,1,,0.9,200,0.5281,0.7973921895027161,0.025,0.09090909090909091,main_eval,,0.1,0.9,0,1
long_tail_visible,inftask,1,,1.0,0,0.5001,0.8360125720500946,0.0,0.09090909090909091,main_eval,,0.1,0.9,0,0
missing_tail,erm,2,,0.0,0,0.9354,0.16823937743902206,0.0,0.09090909090909091,main_eval,,0.1,0.9,0,0
missing_tail,erm,2,,0.1,6000,0.8605,0.5877788662910461,0.75,0.09090909090909091,main_eval,,0.1,0.9,1,0
missing_tail,erm,2,,0.2,1500,0.7756,1.0323655605316162,0.1875,0.09090909090909091,main_eval,,0.1,0.9,0,0
missing_tail,erm,2,,0.3,0,0.7059,1.434108018875122,0.0,0.09090909090909091,main_eval,,0.1,0.9,0,0
missing_tail,erm,2,,0.4,0,0.6342,1.7781001329421997,0.0,0.09090909090909091,main_eval,,0.1,0.9,0,0
missing_tail,erm,2,,0.5,500,0.5507,2.259613871574402,0.0625,0.09090909090909091,main_eval,,0.1,0.9,0,0
missing_tail,erm,2,,0.6,0,0.4699,2.637648105621338,0.0,0.09090909090909091,main_eval,,0.1,0.9,0,0
missing_tail,erm,2,,0.7,0,0.3988,3.0335936546325684,0.0,0.09090909090909091,main_eval,,0.1,0.9,0,0
missing_tail,erm,2,,0.8,0,0.3121,3.5237510204315186,0.0,0.09090909090909091,main_eval,,0.1,0.9,0,0
missing_tail,erm,2,,0.9,0,0.2413,3.8848960399627686,0.0,0.09090909090909091,main_eval,,0.1,0.9,0,1
missing_tail,erm,2,,1.0,0,0.1661,4.311350107192993,0.0,0.09090909090909091,main_eval,,0.1,0.9,0,0
balanced_visible,inftask,1,,0.0,0,0.7,0.6303493976593018,0.0,0.09090909090909091,main_eval,,0.1,0.9,0,0
balanced_visible,inftask,1,,0.1,2000,0.6997,0.6310292482376099,0.25,0.09090909090909091,main_eval,,0.1,0.9,1,0
balanced_visible,inftask,1,,0.2,2000,0.6888,0.636204868555069,0.25,0.09090909090909091,main_eval,,0.1,0.9,0,0
balanced_visible,inftask,1,,0.3,0,0.6895,0.6152899265289307,0.0,0.09090909090909091,main_eval,,0.1,0.9,0,0
balanced_visible,inftask,1,,0.4,0,0.6808,0.6216052174568176,0.0,0.09090909090909091,main_eval,,0.1,0.9,0,0
balanced_visible,inftask,1,,0.5,2000,0.6888,0.6191752254962921,0.25,0.09090909090909091,main_eval,,0.1,0.9,0,0
balanced_visible,inftask,1,,0.6,0,0.6687,0.6361284852027893,0.0,0.09090909090909091,main_eval,,0.1,0.9,0,0
balanced_visible,inftask,1,,0.7,0,0.6756,0.6321811378002167,0.0,0.09090909090909091,main_eval,,0.1,0.9,0,0
balanced_visible,inftask,1,,0.8,0,0.6619,0.6479455232620239,0.0,0.09090909090909091,main_eval,,0.1,0.9,0,0
balanced_visible,inftask,1,,0.9,2000,0.6589,0.6495179235935211,0.25,0.09090909090909091,main_eval,,0.1,0.9,0,1
balanced_visible,inftask,1,,1.0,0,0.6483,0.6604577302932739,0.0,0.09090909090909091,main_eval,,0.1,0.9,0,0
near_missing_tail,groupdro,1,,0.0,0,0.9397,0.15177983790636063,0.0,0.09090909090909091,main_eval,,0.1,0.9,0,0
near_missing_tail,groupdro,1,,0.1,5800,0.8666,0.4897884130477905,0.725,0.09090909090909091,main_eval,,0.1,0.9,1,0
near_missing_tail,groupdro,1,,0.2,1800,0.7824,0.8590567708015442,0.225,0.09090909090909091,main_eval,,0.1,0.9,0,0
near_missing_tail,groupdro,1,,0.3,0,0.703,1.2221698760986328,0.0,0.09090909090909091,main_eval,,0.1,0.9,0,0
near_missing_tail,groupdro,1,,0.4,0,0.6275,1.5737918615341187,0.0,0.09090909090909091,main_eval,,0.1,0.9,0,0
near_missing_tail,groupdro,1,,0.5,350,0.5418,1.937850296497345,0.04375,0.09090909090909091,main_eval,,0.1,0.9,0,0
near_missing_tail,groupdro,1,,0.6,0,0.4672,2.304466962814331,0.0,0.09090909090909091,main_eval,,0.1,0.9,0,0
near_missing_tail,groupdro,1,,0.7,0,0.3888,2.6222379207611084,0.0,0.09090909090909091,main_eval,,0.1,0.9,0,0
near_missing_tail,groupdro,1,,0.8,0,0.309,3.021487832069397,0.0,0.09090909090909091,main_eval,,0.1,0.9,0,0
near_missing_tail,groupdro,1,,0.9,50,0.2258,3.370575428009033,0.00625,0.09090909090909091,main_eval,,0.1,0.9,0,1
near_missing_tail,groupdro,1,,1.0,0,0.1485,3.6951557397842407,0.0,0.09090909090909091,main_eval,,0.1,0.9,0,0
missing_tail,inftask,3,,0.0,0,0.9313,0.44738005101680756,0.0,0.09090909090909091,main_eval,,0.1,0.9,0,0
missing_tail,inftask,3,,0.1,6000,0.8545,0.4956996291875839,0.75,0.09090909090909091,main_eval,,0.1,0.9,1,0
missing_tail,inftask,3,,0.2,1500,0.7881,0.5398184359073639,0.1875,0.09090909090909091,main_eval,,0.1,0.9,0,0
missing_tail,inftask,3,,0.3,0,0.6914,0.5959337055683136,0.0,0.09090909090909091,main_eval,,0.1,0.9,0,0
missing_tail,inftask,3,,0.4,0,0.6296,0.670505166053772,0.0,0.09090909090909091,main_eval,,0.1,0.9,0,0
missing_tail,inftask,3,,0.5,500,0.6031,0.7129009664058685,0.0625,0.09090909090909091,main_eval,,0.1,0.9,0,0
missing_tail,inftask,3,,0.6,0,0.5561,0.7821589410305023,0.0,0.09090909090909091,main_eval,,0.1,0.9,0,0
missing_tail,inftask,3,,0.7,0,0.5165,0.8405734598636627,0.0,0.09090909090909091,main_eval,,0.1,0.9,0,0
missing_tail,inftask,3,,0.8,0,0.4632,0.910148948431015,0.0,0.09090909090909091,main_eval,,0.1,0.9,0,0
missing_tail,inftask,3,,0.9,0,0.4228,0.971790611743927,0.0,0.09090909090909091,main_eval,,0.1,0.9,0,1
missing_tail,inftask,3,,1.0,0,0.3808,1.0269414186477661,0.0,0.09090909090909091,main_eval,,0.1,0.9,0,0
near_missing_tail,erm,2,,0.0,0,0.9417,0.1515071913599968,0.0,0.09090909090909091,main_eval,,0.1,0.9,0,0
near_missing_tail,erm,2,,0.1,5800,0.8635,0.5776427686214447,0.725,0.09090909090909091,main_eval,,0.1,0.9,1,0
near_missing_tail,erm,2,,0.2,1800,0.7826,1.012330174446106,0.225,0.09090909090909091,main_eval,,0.1,0.9,0,0
near_missing_tail,erm,2,,0.3,0,0.7096,1.3766601085662842,0.0,0.09090909090909091,main_eval,,0.1,0.9,0,0
near_missing_tail,erm,2,,0.4,0,0.6284,1.8000651001930237,0.0,0.09090909090909091,main_eval,,0.1,0.9,0,0
near_missing_tail,erm,2,,0.5,350,0.5435,2.2426512241363525,0.04375,0.09090909090909091,main_eval,,0.1,0.9,0,0
near_missing_tail,erm,2,,0.6,0,0.4673,2.681841254234314,0.0,0.09090909090909091,main_eval,,0.1,0.9,0,0
near_missing_tail,erm,2,,0.7,0,0.3849,3.094881057739258,0.0,0.09090909090909091,main_eval,,0.1,0.9,0,0
near_missing_tail,erm,2,,0.8,0,0.3159,3.484561800956726,0.0,0.09090909090909091,main_eval,,0.1,0.9,0,0
near_missing_tail,erm,2,,0.9,50,0.2229,3.9435291290283203,0.00625,0.09090909090909091,main_eval,,0.1,0.9,0,1
near_missing_tail,erm,2,,1.0,0,0.1463,4.407848596572876,0.0,0.09090909090909091,main_eval,,0.1,0.9,0,0
long_tail_visible,iro,4,,0.0,0,0.7965,0.5162196159362793,0.0,0.09090909090909091,main_eval,,0.1,0.9,0,0
long_tail_visible,iro,4,,0.1,5000,0.7668,0.541204184293747,0.625,0.09090909090909091,main_eval,,0.1,0.9,1,0
long_tail_visible,iro,4,,0.2,2000,0.7396,0.5654876828193665,0.25,0.09090909090909091,main_eval,,0.1,0.9,0,0
long_tail_visible,iro,4,,0.3,0,0.7099,0.5864427387714386,0.0,0.09090909090909091,main_eval,,0.1,0.9,0,0
long_tail_visible,iro,4,,0.4,0,0.6753,0.6255732476711273,0.0,0.09090909090909091,main_eval,,0.1,0.9,0,0
long_tail_visible,iro,4,,0.5,800,0.6618,0.6557213664054871,0.1,0.09090909090909091,main_eval,,0.1,0.9,0,0
long_tail_visible,iro,4,,0.6,0,0.6195,0.7033176720142365,0.0,0.09090909090909091,main_eval,,0.1,0.9,0,0
long_tail_visible,iro,4,,0.7,0,0.6057,0.7315929234027863,0.0,0.09090909090909091,main_eval,,0.1,0.9,0,0
long_tail_visible,iro,4,,0.8,0,0.5809,0.7675594091415405,0.0,0.09090909090909091,main_eval,,0.1,0.9,0,0
long_tail_visible,iro,4,,0.9,200,0.5398,0.8216246366500854,0.025,0.09090909090909091,main_eval,,0.1,0.9,0,1
long_tail_visible,iro,4,,1.0,0,0.5236,0.8483842015266418,0.0,0.09090909090909091,main_eval,,0.1,0.9,0,0
near_missing_tail,inftask,3,,0.0,0,0.8378,0.5386923253536224,0.0,0.09090909090909091,main_eval,,0.1,0.9,0,0
near_missing_tail,inftask,3,,0.1,5800,0.7917,0.564579427242279,0.725,0.09090909090909091,main_eval,,0.1,0.9,1,0
near_missing_tail,inftask,3,,0.2,1800,0.7441,0.586104542016983,0.225,0.09090909090909091,main_eval,,0.1,0.9,0,0
near_missing_tail,inftask,3,,0.3,0,0.6807,0.6033961474895477,0.0,0.09090909090909091,main_eval,,0.1,0.9,0,0
near_missing_tail,inftask,3,,0.4,0,0.6532,0.6316657364368439,0.0,0.09090909090909091,main_eval,,0.1,0.9,0,0
near_missing_tail,inftask,3,,0.5,350,0.6185,0.6615118086338043,0.04375,0.09090909090909091,main_eval,,0.1,0.9,0,0
near_missing_tail,inftask,3,,0.6,0,0.5815,0.6953313946723938,0.0,0.09090909090909091,main_eval,,0.1,0.9,0,0
near_missing_tail,inftask,3,,0.7,0,0.5462,0.7243222892284393,0.0,0.09090909090909091,main_eval,,0.1,0.9,0,0
near_missing_tail,inftask,3,,0.8,0,0.5048,0.7619730532169342,0.0,0.09090909090909091,main_eval,,0.1,0.9,0,0
near_missing_tail,inftask,3,,0.9,50,0.4737,0.7857477962970734,0.00625,0.09090909090909091,main_eval,,0.1,0.9,0,1
near_missing_tail,inftask,3,,1.0,0,0.4401,0.8162360191345215,0.0,0.09090909090909091,main_eval,,0.1,0.9,0,0
long_tail_visible,iro,0,,0.0,0,0.7841,0.5543065965175629,0.0,0.09090909090909091,main_eval,,0.1,0.9,0,0
long_tail_visible,iro,0,,0.1,5000,0.7518,0.5728128254413605,0.625,0.09090909090909091,main_eval,,0.1,0.9,1,0
long_tail_visible,iro,0,,0.2,2000,0.7219,0.5912846922874451,0.25,0.09090909090909091,main_eval,,0.1,0.9,0,0
long_tail_visible,iro,0,,0.3,0,0.6992,0.5900335013866425,0.0,0.09090909090909091,main_eval,,0.1,0.9,0,0
long_tail_visible,iro,0,,0.4,0,0.681,0.6121261119842529,0.0,0.09090909090909091,main_eval,,0.1,0.9,0,0
long_tail_visible,iro,0,,0.5,800,0.6589,0.6440306007862091,0.1,0.09090909090909091,main_eval,,0.1,0.9,0,0
long_tail_visible,iro,0,,0.6,0,0.6403,0.6667913198471069,0.0,0.09090909090909091,main_eval,,0.1,0.9,0,0
long_tail_visible,iro,0,,0.7,0,0.6082,0.703503429889679,0.0,0.09090909090909091,main_eval,,0.1,0.9,0,0
long_tail_visible,iro,0,,0.8,0,0.586,0.7343374490737915,0.0,0.09090909090909091,main_eval,,0.1,0.9,0,0
long_tail_visible,iro,0,,0.9,200,0.5614,0.7627397775650024,0.025,0.09090909090909091,main_eval,,0.1,0.9,0,1
long_tail_visible,iro,0,,1.0,0,0.5402,0.789353758096695,0.0,0.09090909090909091,main_eval,,0.1,0.9,0,0
near_missing_tail,inftask,0,,0.0,0,0.8743,0.4862682372331619,0.0,0.09090909090909091,main_eval,,0.1,0.9,0,0
near_missing_tail,inftask,0,,0.1,5800,0.8209,0.5204909145832062,0.725,0.09090909090909091,main_eval,,0.1,0.9,1,0
near_missing_tail,inftask,0,,0.2,1800,0.7659,0.5518707633018494,0.225,0.09090909090909091,main_eval,,0.1,0.9,0,0
near_missing_tail,inftask,0,,0.3,0,0.7067,0.5789640247821808,0.0,0.09090909090909091,main_eval,,0.1,0.9,0,0
near_missing_tail,inftask,0,,0.4,0,0.658,0.6289285123348236,0.0,0.09090909090909091,main_eval,,0.1,0.9,0,0
near_missing_tail,inftask,0,,0.5,350,0.61,0.6915627717971802,0.04375,0.09090909090909091,main_eval,,0.1,0.9,0,0
near_missing_tail,inftask,0,,0.6,0,0.5616,0.7409414649009705,0.0,0.09090909090909091,main_eval,,0.1,0.9,0,0
near_missing_tail,inftask,0,,0.7,0,0.5051,0.8098258972167969,0.0,0.09090909090909091,main_eval,,0.1,0.9,0,0
near_missing_tail,inftask,0,,0.8,0,0.4639,0.8632934391498566,0.0,0.09090909090909091,main_eval,,0.1,0.9,0,0
near_missing_tail,inftask,0,,0.9,50,0.4114,0.9166639149188995,0.00625,0.09090909090909091,main_eval,,0.1,0.9,0,1
near_missing_tail,inftask,0,,1.0,0,0.3623,0.9806179404258728,0.0,0.09090909090909091,main_eval,,0.1,0.9,0,0
missing_tail,groupdro,4,,0.0,0,0.9448,0.13349882513284683,0.0,0.09090909090909091,main_eval,,0.1,0.9,0,0
missing_tail,groupdro,4,,0.1,6000,0.8605,0.5335790514945984,0.75,0.09090909090909091,main_eval,,0.1,0.9,1,0
missing_tail,groupdro,4,,0.2,1500,0.7869,0.9192305505275726,0.1875,0.09090909090909091,main_eval,,0.1,0.9,0,0
missing_tail,groupdro,4,,0.3,0,0.7062,1.312885344028473,0.0,0.09090909090909091,main_eval,,0.1,0.9,0,0
missing_tail,groupdro,4,,0.4,0,0.6275,1.688929557800293,0.0,0.09090909090909091,main_eval,,0.1,0.9,0,0
missing_tail,groupdro,4,,0.5,500,0.5433,2.050106406211853,0.0625,0.09090909090909091,main_eval,,0.1,0.9,0,0
missing_tail,groupdro,4,,0.6,0,0.462,2.492281675338745,0.0,0.09090909090909091,main_eval,,0.1,0.9,0,0
missing_tail,groupdro,4,,0.7,0,0.3848,2.891513228416443,0.0,0.09090909090909091,main_eval,,0.1,0.9,0,0
missing_tail,groupdro,4,,0.8,0,0.307,3.214579224586487,0.0,0.09090909090909091,main_eval,,0.1,0.9,0,0
missing_tail,groupdro,4,,0.9,0,0.2212,3.680393934249878,0.0,0.09090909090909091,main_eval,,0.1,0.9,0,1
missing_tail,groupdro,4,,1.0,0,0.1479,3.9977935552597046,0.0,0.09090909090909091,main_eval,,0.1,0.9,0,0
missing_tail,irm,0,,0.0,0,0.841,0.3762061297893524,0.0,0.09090909090909091,main_eval,,0.1,0.9,0,0
missing_tail,irm,0,,0.1,6000,0.8072,0.4816710352897644,0.75,0.09090909090909091,main_eval,,0.1,0.9,1,0
missing_tail,irm,0,,0.2,1500,0.7534,0.6681631207466125,0.1875,0.09090909090909091,main_eval,,0.1,0.9,0,0
missing_tail,irm,0,,0.3,0,0.7074,0.8118307292461395,0.0,0.09090909090909091,main_eval,,0.1,0.9,0,0
missing_tail,irm,0,,0.4,0,0.653,0.9978068172931671,0.0,0.09090909090909091,main_eval,,0.1,0.9,0,0
missing_tail,irm,0,,0.5,500,0.6106,1.129684865474701,0.0625,0.09090909090909091,main_eval,,0.1,0.9,0,0
missing_tail,irm,0,,0.6,0,0.569,1.2721191048622131,0.0,0.09090909090909091,main_eval,,0.1,0.9,0,0
missing_tail,irm,0,,0.7,0,0.5241,1.4161567687988281,0.0,0.09090909090909091,main_eval,,0.1,0.9,0,0
missing_tail,irm,0,,0.8,0,0.4854,1.5390207767486572,0.0,0.09090909090909091,main_eval,,0.1,0.9,0,0
missing_tail,irm,0,,0.9,0,0.4408,1.7032569646835327,0.0,0.09090909090909091,main_eval,,0.1,0.9,0,1
missing_tail,irm,0,,1.0,0,0.3915,1.834285855293274,0.0,0.09090909090909091,main_eval,,0.1,0.9,0,0
long_tail_visible,irm,2,,0.0,0,0.7835,0.5068636238574982,0.0,0.09090909090909091,main_eval,,0.1,0.9,0,0
long_tail_visible,irm,2,,0.1,5000,0.7595,0.5837367475032806,0.625,0.09090909090909091,main_eval,,0.1,0.9,1,0
long_tail_visible,irm,2,,0.2,2000,0.7295,0.6791900098323822,0.25,0.09090909090909091,main_eval,,0.1,0.9,0,0
long_tail_visible,irm,2,,0.3,0,0.7004,0.7716843485832214,0.0,0.09090909090909091,main_eval,,0.1,0.9,0,0
long_tail_visible,irm,2,,0.4,0,0.6669,0.8669440746307373,0.0,0.09090909090909091,main_eval,,0.1,0.9,0,0
long_tail_visible,irm,2,,0.5,800,0.6355,0.9778512716293335,0.1,0.09090909090909091,main_eval,,0.1,0.9,0,0
long_tail_visible,irm,2,,0.6,0,0.6101,1.0690231323242188,0.0,0.09090909090909091,main_eval,,0.1,0.9,0,0
long_tail_visible,irm,2,,0.7,0,0.5826,1.1469237804412842,0.0,0.09090909090909091,main_eval,,0.1,0.9,0,0
long_tail_visible,irm,2,,0.8,0,0.5511,1.2530136108398438,0.0,0.09090909090909091,main_eval,,0.1,0.9,0,0
long_tail_visible,irm,2,,0.9,200,0.5166,1.361103594303131,0.025,0.09090909090909091,main_eval,,0.1,0.9,0,1
long_tail_visible,irm,2,,1.0,0,0.4832,1.4833629131317139,0.0,0.09090909090909091,main_eval,,0.1,0.9,0,0
balanced_visible,groupdro,0,,0.0,0,0.7017,0.9951688051223755,0.0,0.09090909090909091,main_eval,,0.1,0.9,0,0
balanced_visible,groupdro,0,,0.1,2000,0.6887,1.0383461117744446,0.25,0.09090909090909091,main_eval,,0.1,0.9,1,0
balanced_visible,groupdro,0,,0.2,2000,0.6706,1.1223777532577515,0.25,0.09090909090909091,main_eval,,0.1,0.9,0,0
balanced_visible,groupdro,0,,0.3,0,0.6624,1.1507070064544678,0.0,0.09090909090909091,main_eval,,0.1,0.9,0,0
balanced_visible,groupdro,0,,0.4,0,0.6489,1.2052608132362366,0.0,0.09090909090909091,main_eval,,0.1,0.9,0,0
balanced_visible,groupdro,0,,0.5,2000,0.6419,1.2181758880615234,0.25,0.09090909090909091,main_eval,,0.1,0.9,0,0
balanced_visible,groupdro,0,,0.6,0,0.6306,1.287271797657013,0.0,0.09090909090909091,main_eval,,0.1,0.9,0,0
balanced_visible,groupdro,0,,0.7,0,0.6299,1.3084554076194763,0.0,0.09090909090909091,main_eval,,0.1,0.9,0,0
balanced_visible,groupdro,0,,0.8,0,0.6245,1.305664300918579,0.0,0.09090909090909091,main_eval,,0.1,0.9,0,0
balanced_visible,groupdro,0,,0.9,2000,0.6021,1.3999386429786682,0.25,0.09090909090909091,main_eval,,0.1,0.9,0,1
balanced_visible,groupdro,0,,1.0,0,0.5972,1.4381852746009827,0.0,0.09090909090909091,main_eval,,0.1,0.9,0,0
near_missing_tail,erm,3,,0.0,0,0.9367,0.16937818378210068,0.0,0.09090909090909091,main_eval,,0.1,0.9,0,0
near_missing_tail,erm,3,,0.1,5800,0.8553,0.5830957293510437,0.725,0.09090909090909091,main_eval,,0.1,0.9,1,0
near_missing_tail,erm,3,,0.2,1800,0.7787,1.013312429189682,0.225,0.09090909090909091,main_eval,,0.1,0.9,0,0
near_missing_tail,erm,3,,0.3,0,0.7036,1.4097694158554077,0.0,0.09090909090909091,main_eval,,0.1,0.9,0,0
near_missing_tail,erm,3,,0.4,0,0.627,1.820909321308136,0.0,0.09090909090909091,main_eval,,0.1,0.9,0,0
near_missing_tail,erm,3,,0.5,350,0.5515,2.2153847217559814,0.04375,0.09090909090909091,main_eval,,0.1,0.9,0,0
near_missing_tail,erm,3,,0.6,0,0.4762,2.5909440517425537,0.0,0.09090909090909091,main_eval,,0.1,0.9,0,0
near_missing_tail,erm,3,,0.7,0,0.3931,3.048396944999695,0.0,0.09090909090909091,main_eval,,0.1,0.9,0,0
near_missing_tail,erm,3,,0.8,0,0.319,3.423797130584717,0.0,0.09090909090909091,main_eval,,0.1,0.9,0,0
near_missing_tail,erm,3,,0.9,50,0.2386,3.822311282157898,0.00625,0.09090909090909091,main_eval,,0.1,0.9,0,1
near_missing_tail,erm,3,,1.0,0,0.161,4.2712085247039795,0.0,0.09090909090909091,main_eval,,0.1,0.9,0,0
missing_tail,irm,4,,0.0,0,0.8446,0.3507922291755676,0.0,0.09090909090909091,main_eval,,0.1,0.9,0,0
missing_tail,irm,4,,0.1,6000,0.794,0.5091565549373627,0.75,0.09090909090909091,main_eval,,0.1,0.9,1,0
missing_tail,irm,4,,0.2,1500,0.7559,0.6590345203876495,0.1875,0.09090909090909091,main_eval,,0.1,0.9,0,0
missing_tail,irm,4,,0.3,0,0.7071,0.7970204055309296,0.0,0.09090909090909091,main_eval,,0.1,0.9,0,0
missing_tail,irm,4,,0.4,0,0.6618,0.9495843350887299,0.0,0.09090909090909091,main_eval,,0.1,0.9,0,0
missing_tail,irm,4,,0.5,500,0.6151,1.0761454105377197,0.0625,0.09090909090909091,main_eval,,0.1,0.9,0,0
missing_tail,irm,4,,0.6,0,0.5663,1.2482661008834839,0.0,0.09090909090909091,main_eval,,0.1,0.9,0,0
missing_tail,irm,4,,0.7,0,0.5198,1.3953388333320618,0.0,0.09090909090909091,main_eval,,0.1,0.9,0,0
missing_tail,irm,4,,0.8,0,0.4853,1.5038024187088013,0.0,0.09090909090909091,main_eval,,0.1,0.9,0,0
missing_tail,irm,4,,0.9,0,0.4293,1.697145938873291,0.0,0.09090909090909091,main_eval,,0.1,0.9,0,1
missing_tail,irm,4,,1.0,0,0.3923,1.8043710589408875,0.0,0.09090909090909091,main_eval,,0.1,0.9,0,0
